Model,RMSE,MAE,R2
Conservative,3.2705551011874605,1.9503300630222826,0.9482951892618359
Balanced,2.973298422848156,1.319525996796394,0.95726683959608
Aggressive,3.1820262392485446,1.2283495557431807,0.9510564434094058
