Model,RMSE,MAE,R2
Conservative,3.173093042380354,1.9949011814853874,0.9514202190331811
Balanced,2.6747397101628763,1.325412780585262,0.9654814146012207
Aggressive,2.8100123436597366,1.193658030879873,0.9619016301019412
