Model,RMSE,MAE,R2
Conservative,3.175767775233563,1.9935985344404121,0.9515078584359327
Balanced,2.679580751567714,1.3287556877948072,0.9654770747398135
Aggressive,2.814390666545011,1.194257221558821,0.9619159915465437
