Model,RMSE,MAE,R2
Conservative,3.2722885099007715,1.9568080056798887,0.9481707545447171
Balanced,2.97310335002476,1.325409203821639,0.9572149815071769
Aggressive,3.1811800348232824,1.2346530666622095,0.9510166810916616
