Model,RMSE,MAE,R2
Conservative,3.341921221129876,1.9945498881390804,0.9461503332831269
Balanced,3.0793391421584118,1.3588160533986093,0.9542800603518264
Aggressive,3.2068523968394516,1.2701283895077797,0.9504152023318012
