Model,RMSE,MAE,R2
Conservative,3.109041625574016,1.9332577395290098,0.9531069888172636
Balanced,2.723768391733214,1.29006912987733,0.9640088768517455
Aggressive,2.9265187138374187,1.1468939306593164,0.9584512790141085
