Model,RMSE,MAE,R2
Conservative,3.26115001807256,1.975941147198186,0.9491913821098228
Balanced,2.9827949846406354,1.4067923706402368,0.9574947441509526
Aggressive,3.071647861799727,1.2628484820346926,0.9549246945481489
