Model,RMSE,MAE,R2
Conservative,3.136512267844997,1.8908398845478411,0.9522994580873193
Balanced,2.732514107023268,1.3034168716444536,0.9637961999736633
Aggressive,2.8386462888969017,1.1708323459808545,0.9609292369835715
