Model,RMSE,MAE,R2
Conservative,3.429629095473762,2.065362407527524,0.9437817978023253
Balanced,3.250194298079215,1.4131052975934666,0.9495104742266958
Aggressive,3.066349184769764,1.267301032201164,0.95506074568017
