Model,RMSE,MAE,R2
Conservative,3.069061496325734,1.965440945352026,0.9544065281247872
Balanced,2.79729316518358,1.339784304008059,0.9621237084068013
Aggressive,2.884261334104118,1.197510440319182,0.959731940764296
