Model,RMSE,MAE,R2
Conservative,3.3247681963278617,2.032354986039121,0.9465987858544554
Balanced,2.8957585253574454,1.3645918281049052,0.9594908551342205
Aggressive,3.011270192715019,1.2504391770528047,0.9561945809949313
