Model,RMSE,MAE,R2
Conservative,3.297999221719049,1.9543176755500866,0.9475569014660156
Balanced,3.0899769033316176,1.3765942315999056,0.9539639861235003
Aggressive,3.117769297959458,1.2686616554631225,0.953132132013972
