target_date,horizon,surge_p,surge_calibrated,point,lower,upper,actual,threshold,refit_every,built_at
2022-03-06,1,0.012262761748344272,0,2.3339958015728155,0.0,10.470445067469763,1.0,20,7,2026-08-11 10:32:22
2022-03-07,1,0.002127224959842526,0,4.103919581259139,0.0,12.240368847156088,2.0,20,7,2026-08-11 10:32:22
2022-03-08,1,2.7121032682680398e-05,0,3.9373899965531303,0.0,12.073839262450079,5.0,20,7,2026-08-11 10:32:22
2022-03-09,1,0.06044655507265135,0,3.150979761124523,0.0,11.28742902702147,1.0,20,7,2026-08-11 10:32:22
2022-03-10,1,0.008902788627173551,0,9.228072389023621,4.986855989602268,17.36452165492057,1.0,20,7,2026-08-11 10:32:22
2022-03-11,1,0.0004628918748273602,0,3.364511456624095,0.0,11.500960722521043,3.0,20,7,2026-08-11 10:32:22
2022-03-14,1,3.603869595929097e-05,0,3.101445619372724,0.0,11.237894885269672,13.0,20,7,2026-08-11 10:32:22
2022-03-15,1,1.688125664072554e-05,0,4.158287096052036,0.0,12.521534417063169,3.0,20,7,2026-08-11 10:32:22
2022-03-16,1,0.0014738712971370757,0,3.0634609954825387,0.0,11.42670831649367,1.0,20,7,2026-08-11 10:32:22
2022-03-17,1,0.0002776574389037693,0,3.514639906206792,0.0,11.877887227217924,1.0,20,7,2026-08-11 10:32:22
2022-03-18,1,0.0006680582495321059,0,3.2690359632665444,0.0,11.632283284277676,3.0,20,7,2026-08-11 10:32:22
2022-03-19,1,0.018132909290217842,0,6.0223596400229695,0.3713858782616404,14.385606961034101,4.0,20,7,2026-08-11 10:32:22
2022-03-27,1,0.12515160020307778,0,2.9762009352819154,0.0,11.543017420136213,3.0,20,7,2026-08-11 10:32:22
2022-03-30,1,0.040543506372991346,0,5.565105775960456,2.114580326778897,14.131922260814752,3.0,20,7,2026-08-11 10:32:22
2022-03-31,1,0.0059088217393507975,0,6.055254127838684,2.6047286786571253,14.62207061269298,13.0,20,7,2026-08-11 10:32:22
2022-04-01,1,0.02039464821771253,0,3.013632845950403,0.0,11.580449330804699,1.0,20,7,2026-08-11 10:32:22
2022-04-02,1,0.16134007237454392,0,5.807877235389711,2.357351786208152,14.374693720244007,1.0,20,7,2026-08-11 10:32:22
2022-04-04,1,0.0014537570621519626,0,2.5950484845279127,0.0,11.16186496938221,1.0,20,7,2026-08-11 10:32:22
2022-04-05,1,0.0005706145068641393,0,4.52585783451805,1.0753323853364907,13.092674319372346,4.0,20,7,2026-08-11 10:32:22
2022-04-06,1,8.150687799636843e-06,0,3.907309510339588,0.45678406115802916,12.474125995193884,1.0,20,7,2026-08-11 10:32:22
2022-04-07,1,0.0003057007008880372,0,6.277991311773452,2.8274658625918927,14.844807796627748,4.0,20,7,2026-08-11 10:32:22
2022-04-08,1,3.270481817447102e-05,0,1.9583863319736317,0.0,10.525202816827928,4.0,20,7,2026-08-11 10:32:22
2022-04-10,1,0.07284803751054268,0,3.8218713437952063,0.0,12.15712313682652,3.0,20,7,2026-08-11 10:32:22
2022-04-11,1,8.083045089307943e-05,0,3.8852758367244897,0.0,12.220527629755804,2.0,20,7,2026-08-11 10:32:22
2022-04-12,1,8.59086922117948e-05,0,2.636144433754393,0.0,10.971396226785707,4.0,20,7,2026-08-11 10:32:22
2022-04-13,1,1.4797978779698771e-06,0,2.1068881295555295,0.0,10.442139922586843,1.0,20,7,2026-08-11 10:32:22
2022-04-14,1,5.441700216856169e-05,0,2.899563561636722,0.0,11.234815354668035,1.0,20,7,2026-08-11 10:32:22
2022-04-15,1,0.0011957517126933216,0,2.3351061410162446,0.0,10.670357934047559,6.0,20,7,2026-08-11 10:32:22
2022-04-20,1,0.00016036170113284786,0,2.5521202027773153,0.0,10.467842059222932,11.0,20,7,2026-08-11 10:32:22
2022-04-21,1,3.880329359885998e-05,0,0.6448524393902628,0.0,8.560574295835877,2.0,20,7,2026-08-11 10:32:22
2022-04-22,1,0.0003196929539106577,0,1.927174107504158,0.0,9.842895963949774,7.0,20,7,2026-08-11 10:32:22
2022-04-23,1,0.0022076258119872244,0,1.5064352935374725,0.0,9.422157149983088,5.0,20,7,2026-08-11 10:32:22
2022-04-25,1,0.00012043606543125141,0,1.8433839715942117,0.0,9.759105828039827,3.0,20,7,2026-08-11 10:32:22
2022-04-26,1,0.000494088008279012,0,2.1465191821143015,0.0,10.062241038559916,2.0,20,7,2026-08-11 10:32:22
2022-04-27,1,0.0008030005818967436,0,3.8650366421998346,0.0,11.78075849864545,5.0,20,7,2026-08-11 10:32:22
2022-04-28,1,1.3204314552406565e-05,0,1.8917318078507905,0.0,9.807453664296405,5.0,20,7,2026-08-11 10:32:22
2022-04-30,1,3.549355261876034e-06,0,3.1389814311546997,0.0,11.796343747199334,2.0,20,7,2026-08-11 10:32:22
2022-05-03,1,5.658802891455215e-06,0,1.7389972946343262,0.0,10.39635961067896,1.0,20,7,2026-08-11 10:32:22
2022-05-04,1,2.785633457151447e-05,0,3.8327932734413723,0.0,12.490155589486005,3.0,20,7,2026-08-11 10:32:22
2022-05-05,1,1.4570815945833061e-05,0,2.15794416085659,0.0,10.815306476901224,6.0,20,7,2026-08-11 10:32:22
2022-05-06,1,0.0002555522874758701,0,1.6922646222535822,0.0,10.349626938298215,18.0,20,7,2026-08-11 10:32:22
2022-05-07,1,1.3078190120649439e-05,0,2.4609128816412285,0.0,10.783691828145924,5.0,20,7,2026-08-11 10:32:22
2022-05-08,1,0.00024177229053674117,0,1.7142127458802292,0.0,10.036991692384925,2.0,20,7,2026-08-11 10:32:22
2022-05-09,1,7.936419288338997e-05,0,1.6660954278663214,0.0,9.988874374371019,1.0,20,7,2026-08-11 10:32:22
2022-05-10,1,3.7694713140129484e-05,0,1.5103924461648903,0.0,9.833171392669588,2.0,20,7,2026-08-11 10:32:22
2022-05-11,1,3.3311054605344033e-07,0,1.0176043253507556,0.0,9.340383271855451,1.0,20,7,2026-08-11 10:32:22
2022-05-13,1,2.4704232373267294e-06,0,1.9937824577172139,0.0,10.316561404221911,1.0,20,7,2026-08-11 10:32:22
2022-05-15,1,4.2194845062021536e-05,0,2.175045353832302,0.0,10.497824300336998,1.0,20,7,2026-08-11 10:32:22
2022-05-17,1,1.544699635375085e-05,0,2.7282095336314574,0.0,11.36865869318044,1.0,20,7,2026-08-11 10:32:22
2022-05-18,1,2.01109894902959e-05,0,2.3655315909727324,0.0,11.005980750521715,4.0,20,7,2026-08-11 10:32:22
2022-05-19,1,2.3966542810457977e-06,0,2.149430653403809,0.0,10.78987981295279,7.0,20,7,2026-08-11 10:32:22
2022-05-20,1,0.00011042842005351299,0,5.089090194122788,0.0,13.72953935367177,14.0,20,7,2026-08-11 10:32:22
2022-05-21,1,2.422358082846605e-05,0,4.083643924462136,0.0,12.724093084011118,1.0,20,7,2026-08-11 10:32:22
2022-05-23,1,8.379173705027684e-06,0,2.576268536300531,0.0,11.216717695849514,1.0,20,7,2026-08-11 10:32:22
2022-05-25,1,1.7974346851459288e-06,0,2.386375571268496,0.0,11.026824730817479,2.0,20,7,2026-08-11 10:32:22
2022-05-28,1,7.513817910051247e-06,0,1.7887579596311896,0.0,10.48637332278739,7.0,20,7,2026-08-11 10:32:22
2022-05-29,1,0.00017366050593650337,0,2.794131585244318,0.0,11.491746948400518,5.0,20,7,2026-08-11 10:32:22
2022-05-30,1,4.051937751284484e-05,0,2.00917880397336,0.0,10.70679416712956,30.0,20,7,2026-08-11 10:32:22
2022-05-31,1,2.8204059510867188e-05,0,3.909694983807921,0.0,12.607310346964121,3.0,20,7,2026-08-11 10:32:22
2022-06-02,1,3.0655847334684124e-05,0,3.9962718662686827,0.0,12.693887229424885,1.0,20,7,2026-08-11 10:32:22
2022-06-05,1,8.18546528613472e-05,0,1.5036784080636645,0.0,10.201293771219866,3.0,20,7,2026-08-11 10:32:22
2022-06-06,1,0.00045120191877006456,0,2.733635583374288,0.0,11.43125094653049,1.0,20,7,2026-08-11 10:32:22
2022-06-13,1,0.0026398758265402103,0,2.0909294646495535,0.0,11.064222750074617,1.0,20,7,2026-08-11 10:32:22
2022-06-14,1,0.0028597899168321117,0,2.6572109710470837,0.0,11.630504256472147,1.0,20,7,2026-08-11 10:32:22
2022-06-16,1,5.9744828893243894e-05,0,1.8694138167907637,0.0,10.842707102215826,2.0,20,7,2026-08-11 10:32:22
2022-06-18,1,1.570902760998015e-06,0,1.611565972621252,0.0,10.584859258046315,3.0,20,7,2026-08-11 10:32:22
2022-06-19,1,6.664473904983182e-07,0,1.2792545249430631,0.0,10.252547810368126,10.0,20,7,2026-08-11 10:32:22
2022-06-20,1,9.526421447549444e-06,0,2.5304348557501353,0.0,11.503728141175198,1.0,20,7,2026-08-11 10:32:22
2022-06-21,1,0.0001817249176610669,0,5.360631469778967,0.7681116264540391,14.33392475520403,29.0,20,7,2026-08-11 10:32:22
2022-06-22,1,0.005595314324905533,0,2.829576128505656,0.0,11.802869413930718,6.0,20,7,2026-08-11 10:32:22
2022-06-23,1,0.00068407029173599,0,3.023567493383061,0.0,12.231546437183322,22.0,20,7,2026-08-11 10:32:22
2022-06-26,1,1.876328192267604e-05,0,2.1541695031714383,0.0,11.3621484469717,1.0,20,7,2026-08-11 10:32:22
2022-06-27,1,0.0005921857422360945,0,1.7419090858669568,0.0,10.949888029667218,1.0,20,7,2026-08-11 10:32:22
2022-06-28,1,4.5628206959771855e-05,0,1.412089463396823,0.0,10.620068407197085,2.0,20,7,2026-08-11 10:32:22
2022-06-29,1,7.767860126235862e-06,0,1.1845670758925844,0.0,10.392546019692846,1.0,20,7,2026-08-11 10:32:22
2022-07-07,1,0.00010960038703610196,0,1.2453886217238865,0.0,11.900089342145002,1.0,20,7,2026-08-11 10:32:22
2022-07-08,1,0.006892717732193401,0,2.239006848176147,0.0,12.89370756859726,9.0,20,7,2026-08-11 10:32:22
2022-07-09,1,3.080799895998488e-05,0,2.2841841959787095,0.0,12.938884916399825,5.0,20,7,2026-08-11 10:32:22
2022-07-10,1,0.0016068190629036224,0,3.006810500323399,0.04508143999715175,13.661511220744513,2.0,20,7,2026-08-11 10:32:22
2022-07-11,1,4.4402967664081276e-06,0,4.326806566369592,1.3650775060433444,14.981507286790706,3.0,20,7,2026-08-11 10:32:22
2022-07-12,1,3.050848559941013e-06,0,1.649551193171135,0.0,12.30425191359225,4.0,20,7,2026-08-11 10:32:22
2022-07-13,1,0.0002075604044192136,0,3.9051134097542923,0.9433843494280452,14.559814130175408,1.0,20,7,2026-08-11 10:32:22
2022-07-15,1,3.9536490958310155e-05,0,2.7888415653931027,0.0,13.443542285814218,10.0,20,7,2026-08-11 10:32:22
2022-07-17,1,0.0011255972425502066,0,3.3274197864582256,0.3656907261319784,13.98212050687934,1.0,20,7,2026-08-11 10:32:22
2022-07-18,1,0.00013192154223935323,0,2.9625257913825576,0.0,12.790934207593796,2.0,20,7,2026-08-11 10:32:22
2022-07-19,1,2.3775734408634525e-05,0,2.7019298146126687,0.0,12.530338230823908,1.0,20,7,2026-08-11 10:32:22
2022-07-20,1,0.0003599480519597216,0,3.832445270811689,0.31636309452851874,13.660853687022929,3.0,20,7,2026-08-11 10:32:22
2022-07-21,1,1.8987076019961786e-05,0,3.6696485542615918,0.15356637797842154,13.498056970472831,1.0,20,7,2026-08-11 10:32:22
2022-07-22,1,0.0003215697756666159,0,5.119134260994468,1.6030520847112975,14.947542677205707,6.0,20,7,2026-08-11 10:32:22
2022-07-23,1,0.00016211419642894517,0,5.03831703825639,1.52223486197322,14.86672545446763,4.0,20,7,2026-08-11 10:32:22
2022-07-24,1,2.542476482983892e-05,0,2.399548023356926,0.0,12.227956439568166,4.0,20,7,2026-08-11 10:32:22
2022-07-25,1,1.4283712536880293e-05,0,2.755725394236586,0.0,12.584133810447826,2.0,20,7,2026-08-11 10:32:22
2022-07-26,1,6.463401229936592e-05,0,2.6939536747780872,0.0,12.522362090989326,3.0,20,7,2026-08-11 10:32:22
2022-07-27,1,2.339867672433807e-06,0,2.0971118273806617,0.0,12.362408483515285,3.0,20,7,2026-08-11 10:32:22
2022-07-28,1,0.003453694019007269,0,5.6865784584526535,2.386474849866995,15.951875114587278,3.0,20,7,2026-08-11 10:32:22
2022-07-29,1,0.0005110216222404496,0,4.242913975515711,0.9428103669300523,14.508210631650334,1.0,20,7,2026-08-11 10:32:22
2022-07-30,1,0.0009325012278004514,0,4.08236103990477,0.7822574313191115,14.347657696039393,1.0,20,7,2026-08-11 10:32:22
2022-08-01,1,7.3905309611829e-06,0,2.548589324509793,0.0,12.813885980644416,4.0,20,7,2026-08-11 10:32:22
2022-08-03,1,6.32499517549879e-05,0,2.6017745470583447,0.0,12.96836134745879,49.0,20,7,2026-08-11 10:32:22
2022-08-04,1,2.7931527019576472e-05,0,8.6147930744877,5.786185155855653,18.981379874888148,22.0,20,7,2026-08-11 10:32:22
2022-08-05,1,5.3402956983539425e-05,0,5.935731818590238,3.1071238999581916,16.302318618990682,49.0,20,7,2026-08-11 10:32:22
2022-08-06,1,2.3302635977143027e-05,0,4.622667292824594,1.7940593741925475,14.989254093225039,20.0,20,7,2026-08-11 10:32:22
2022-08-07,1,0.00022751013020167122,0,5.065759606170806,2.2371516875387596,15.432346406571252,66.0,20,7,2026-08-11 10:32:22
2022-08-08,1,4.288857312964811e-05,0,2.726461825208112,0.0,13.093048625608558,39.0,20,7,2026-08-11 10:32:22
2022-08-09,1,0.00010785884810468656,0,4.215180497928642,1.3865725792965953,14.581767298329087,45.0,20,7,2026-08-11 10:32:22
2022-08-11,1,0.00039935421176591105,0,4.438443979167575,1.6098360605355286,14.805030779568021,21.0,20,7,2026-08-11 10:32:22
2022-08-12,1,0.0002141275064951969,0,3.002430877162206,0.1085712809409749,14.43192912198657,24.0,20,7,2026-08-11 10:32:22
2022-08-13,1,0.002301419652517515,0,3.74241071664521,0.8485511204239788,15.171908961469574,29.0,20,7,2026-08-11 10:32:22
2022-08-14,1,0.001764394473970043,0,2.948890012916934,0.05503041669570319,14.378388257741298,22.0,20,7,2026-08-11 10:32:22
2022-08-15,1,0.0010212521195591463,0,5.2323916326007,2.3385320363794686,16.661889877425065,30.0,20,7,2026-08-11 10:32:22
2022-08-16,1,0.0005011969980416819,0,2.9980300745918096,0.10417047837057858,14.427528319416174,17.0,20,7,2026-08-11 10:32:22
2022-08-17,1,0.0014112034684971818,0,3.477783960338487,0.583924364117256,14.90728220516285,21.0,20,7,2026-08-11 10:32:22
2022-08-18,1,0.0012630353721144198,0,3.6294831610123093,0.7356235647910783,15.058981405836674,51.0,20,7,2026-08-11 10:32:22
2022-08-19,1,0.00029077729935701643,0,5.714692312413717,2.8208327161924855,17.14419055723808,17.0,20,7,2026-08-11 10:32:22
2022-08-20,1,0.006002546316600574,1,21.901000510116518,18.123436238383096,46.492810451136144,17.0,20,7,2026-08-11 10:32:22
2022-08-21,1,0.00995461254920329,1,9.614430968838013,5.8368666971045915,34.20624090985764,12.0,20,7,2026-08-11 10:32:22
2022-08-22,1,0.012947762608395504,1,5.986949189835295,2.2093849181018737,30.57875913085492,15.0,20,7,2026-08-11 10:32:22
2022-08-23,1,0.023995139383919957,1,8.107653670244487,4.330089398511065,32.699463611264115,20.0,20,7,2026-08-11 10:32:22
2022-08-24,1,0.019475610873981267,1,14.558279032622956,10.780714760889534,39.15008897364258,13.0,20,7,2026-08-11 10:32:22
2022-08-25,1,0.0187500700881171,1,9.549655842103931,5.77209157037051,34.14146578312356,15.0,20,7,2026-08-11 10:32:22
2022-08-26,1,0.056932836514894544,1,2.422243432308628,0.0,27.014053373328252,35.0,20,7,2026-08-11 10:32:22
2022-08-27,1,0.022632099802125223,1,14.894751743828978,12.401227798633968,42.112583878644415,21.0,20,7,2026-08-11 10:32:22
2022-08-28,1,0.02028836123855423,1,23.819419365419265,21.325895420224253,51.0372515002347,23.0,20,7,2026-08-11 10:32:22
2022-08-29,1,0.01965994541911793,1,22.80153782256719,20.30801387737218,50.01936995738262,37.0,20,7,2026-08-11 10:32:22
2022-08-30,1,0.02504984433871273,1,22.335453287335877,19.841929342140865,49.55328542215131,24.0,20,7,2026-08-11 10:32:22
2022-08-31,1,0.04464180605036913,1,33.54694626588481,31.0534223206898,60.76477840070025,62.0,20,7,2026-08-11 10:32:22
2022-09-01,1,0.029145637213159676,1,18.202712205619164,15.709188260424153,45.4205443404346,53.0,20,7,2026-08-11 10:32:22
2022-09-02,1,0.02793237323116432,1,19.16977976522509,16.67625582003008,46.387611900040525,19.0,20,7,2026-08-11 10:32:22
2022-09-03,1,0.02625066637316088,1,19.78998005606325,17.180237249315034,47.29457683831703,4.0,20,7,2026-08-11 10:32:22
2022-09-04,1,0.047207720014670766,1,11.578703562212093,8.968960755463876,39.08330034446587,7.0,20,7,2026-08-11 10:32:22
2022-09-05,1,0.050729975047088344,1,7.567379317161874,4.957636510413657,35.07197609941565,17.0,20,7,2026-08-11 10:32:22
2022-09-06,1,0.06004949406864443,1,10.381705161413333,7.771962354665115,37.88630194366711,8.0,20,7,2026-08-11 10:32:22
2022-09-07,1,0.0585104896505796,1,7.940223666480393,5.330480859732177,35.44482044873417,12.0,20,7,2026-08-11 10:32:22
2022-09-08,1,0.1583195098578783,1,8.484289008627835,5.8745462018796175,35.98888579088161,45.0,20,7,2026-08-11 10:32:22
2022-09-09,1,0.05056250971291957,1,19.410389173263688,16.800646366515473,46.914985955517466,12.0,20,7,2026-08-11 10:32:22
2022-09-10,1,0.03160334500534704,1,18.29794512504778,16.09031419234754,55.75297084806549,43.0,20,7,2026-08-11 10:32:22
2022-09-11,1,0.026066972966290586,1,24.42038506737422,22.212754134673983,61.87541079039193,8.0,20,7,2026-08-11 10:32:22
2022-09-12,1,0.04129891305658436,1,19.15528606400711,16.947655131306874,56.61031178702483,7.0,20,7,2026-08-11 10:32:22
2022-09-13,1,0.03530857655064987,1,19.93037137494371,17.722740442243474,57.38539709796142,11.0,20,7,2026-08-11 10:32:22
2022-09-14,1,0.045509385866535516,1,11.84080101851226,9.633170085812022,49.29582674152997,24.0,20,7,2026-08-11 10:32:22
2022-09-15,1,0.08518530845336975,1,15.954203274248373,13.746572341548136,53.409228997266084,26.0,20,7,2026-08-11 10:32:22
2022-09-16,1,0.03584804693205855,1,30.9422803305794,28.734649397879164,68.3973060535971,43.0,20,7,2026-08-11 10:32:22
2022-09-17,1,0.06990808989528169,1,37.21959084137414,35.073396918348486,77.96004264000604,20.0,20,7,2026-08-11 10:32:22
2022-09-18,1,0.06282891162548311,1,21.865823689708332,19.719629766682672,62.60627548834023,8.0,20,7,2026-08-11 10:32:22
2022-09-19,1,0.07363915061546035,1,14.638517721391601,12.492323798365941,55.378969520023496,9.0,20,7,2026-08-11 10:32:22
2022-09-20,1,0.05971658270711712,1,14.202510740094379,12.05631681706872,54.94296253872628,24.0,20,7,2026-08-11 10:32:22
2022-09-21,1,0.05679082380134868,1,21.719118570454814,19.572924647429154,62.459570369086705,38.0,20,7,2026-08-11 10:32:22
2022-09-22,1,0.06192499905633346,1,31.709784693709985,29.563590770684325,72.45023649234187,13.0,20,7,2026-08-11 10:32:22
2022-09-23,1,0.06702806771736938,1,38.084027035101656,35.937833112076,78.82447883373355,20.0,20,7,2026-08-11 10:32:22
2022-09-24,1,0.04148079010127475,1,21.71160639858874,19.827663962932064,62.47503791646609,16.0,20,7,2026-08-11 10:32:22
2022-09-25,1,0.04466380303971187,1,24.737148935466124,22.853206499809446,65.50058045334347,15.0,20,7,2026-08-11 10:32:22
2022-09-26,1,0.04280096393147989,1,25.847662252065867,23.96371981640919,66.61109376994322,12.0,20,7,2026-08-11 10:32:22
2022-09-27,1,0.0408724183550565,1,21.380619442138215,19.49667700648154,62.144050960015576,11.0,20,7,2026-08-11 10:32:22
2022-09-28,1,0.04323395701163651,1,10.958565451759544,9.074623016102867,51.721996969636905,31.0,20,7,2026-08-11 10:32:22
2022-09-29,1,0.02935866931039258,1,29.92056633558251,28.036623899925836,70.68399785345987,11.0,20,7,2026-08-11 10:32:22
2022-09-30,1,0.03788219155016735,1,28.714251468430877,26.830309032774203,69.47768298630824,8.0,20,7,2026-08-11 10:32:22
2022-10-01,1,0.026313317296173793,1,7.036565190801512,5.3386589299188625,47.63675028120802,8.0,20,7,2026-08-11 10:32:22
2022-10-02,1,0.029940012924653245,1,8.941054488888332,7.2431482280056825,49.541239579294846,22.0,20,7,2026-08-11 10:32:22
2022-10-03,1,0.015032425670691988,1,17.187698692846915,15.489792431964265,57.78788378325343,14.0,20,7,2026-08-11 10:32:22
2022-10-04,1,0.02062537999135911,1,16.644969846627223,14.947063585744573,57.24515493703373,9.0,20,7,2026-08-11 10:32:22
2022-10-05,1,0.024316481066098957,1,10.920985204753784,9.223078943871133,51.521170295160296,33.0,20,7,2026-08-11 10:32:22
2022-10-06,1,0.01501719012811702,1,29.360890212011363,27.662983951128712,69.96107530241787,9.0,20,7,2026-08-11 10:32:22
2022-10-07,1,0.03977310598225152,1,22.715091773260703,21.017185512378052,63.315276863667215,8.0,20,7,2026-08-11 10:32:22
2022-10-08,1,0.23780162106589225,1,11.47195236268394,9.872740009044993,51.587218899528764,6.0,20,7,2026-08-11 10:32:22
2022-10-09,1,0.23745500276000003,1,11.370887142045063,9.771674788406116,51.48615367888989,12.0,20,7,2026-08-11 10:32:22
2022-10-10,1,0.23756727634020264,1,20.718695313824853,19.119482960185906,60.83396185066968,26.0,20,7,2026-08-11 10:32:22
2022-10-11,1,0.23593608539899402,1,19.157272752588472,17.558060398949525,59.2725392894333,11.0,20,7,2026-08-11 10:32:22
2022-10-12,1,0.23029313648304325,1,17.438694749972328,15.83948239633338,57.553961286817156,15.0,20,7,2026-08-11 10:32:22
2022-10-13,1,0.23584868390991032,1,20.46196954595618,18.862757192317233,60.57723608280101,13.0,20,7,2026-08-11 10:32:22
2022-10-14,1,0.2393024283632636,1,13.480288363028777,11.88107600938983,53.595554899873605,23.0,20,7,2026-08-11 10:32:22
2022-10-15,1,0.40003344851860634,1,15.361632551171644,14.128218744412607,56.03807759318805,11.0,20,7,2026-08-11 10:32:22
2022-10-17,1,0.4234173438293411,1,9.201989865911987,7.968576059152949,49.878434907928394,4.0,20,7,2026-08-11 10:32:22
2022-10-18,1,0.43267473362952874,1,17.176207586974705,15.942793780215666,57.85265262899111,11.0,20,7,2026-08-11 10:32:22
2022-10-19,1,0.4405765437425783,1,9.923144813399869,8.68973100664083,50.59958985541627,11.0,20,7,2026-08-11 10:32:22
2022-10-20,1,0.39573970340800557,1,7.319922463069943,6.086508656310905,47.99636750508635,20.0,20,7,2026-08-11 10:32:22
2022-10-21,1,0.42693708468259517,1,14.530887712025729,13.297473905266692,55.207332754042135,22.0,20,7,2026-08-11 10:32:22
2022-10-22,1,0.3099605016651213,1,16.573835182416182,15.50321584894683,57.65098360776385,9.0,20,7,2026-08-11 10:32:22
2022-10-23,1,0.3188584154502024,1,13.738233631809875,12.667614298340522,54.81538205715754,9.0,20,7,2026-08-11 10:32:22
2022-10-24,1,0.3315926711470539,1,13.98525369408419,12.914634360614837,55.06240211943185,10.0,20,7,2026-08-11 10:32:22
2022-10-25,1,0.3381307807039046,1,16.93507202611601,15.864452692646658,58.012220451463676,16.0,20,7,2026-08-11 10:32:22
2022-10-26,1,0.3374257134956389,1,14.859683910615328,13.789064577145975,55.93683233596299,22.0,20,7,2026-08-11 10:32:22
2022-10-27,1,0.31363504425591726,1,11.336605088897088,10.265985755427735,52.41375351424475,20.0,20,7,2026-08-11 10:32:22
2022-10-28,1,0.31892798623290736,1,12.821001780112594,11.750382446643242,53.89815020546026,13.0,20,7,2026-08-11 10:32:22
2022-10-29,1,0.316606399151243,1,16.4859672246826,15.415347891213248,57.56311565003027,25.0,20,7,2026-08-11 10:32:22
2022-10-30,1,0.29930993543693607,1,14.459241878122196,13.221668007977005,55.12782072204543,8.0,20,7,2026-08-11 10:32:22
2022-11-01,1,0.29890430318370365,1,6.57129909356327,5.333725223418078,47.2398779374865,8.0,20,7,2026-08-11 10:32:22
2022-11-02,1,0.2977782246492174,1,8.922512751398486,7.684938881253294,49.591091595321714,6.0,20,7,2026-08-11 10:32:22
2022-11-03,1,0.30031514807425513,1,7.477322277969072,6.23974840782388,48.1459011218923,9.0,20,7,2026-08-11 10:32:22
2022-11-04,1,0.30518748987225963,1,14.1662307731341,12.928656902988909,54.83480961705733,27.0,20,7,2026-08-11 10:32:22
2022-11-05,1,0.30218030539291235,1,13.990268753171613,12.752694883026422,54.65884759709484,9.0,20,7,2026-08-11 10:32:22
2022-11-06,1,0.5008204424776277,1,12.470262240951145,11.1504933099016,52.788936970989035,46.0,20,7,2026-08-11 10:32:22
2022-11-07,1,0.4724844601581262,1,11.209978362938644,9.8902094318891,51.52865309297653,63.0,20,7,2026-08-11 10:32:22
2022-11-08,1,0.5123644004189467,1,9.378275531389836,8.05850660034029,49.69695026142773,21.0,20,7,2026-08-11 10:32:22
2022-11-09,1,0.6298391534436965,1,18.002356239149634,16.68258730810009,58.321030969187525,18.0,20,7,2026-08-11 10:32:22
2022-11-10,1,0.5762805628975766,1,18.93605508755441,17.616286156504867,59.254729817592306,26.0,20,7,2026-08-11 10:32:22
2022-11-11,1,0.592524855342914,1,19.888793700244438,18.569024769194893,60.20746843028233,14.0,20,7,2026-08-11 10:32:22
2022-11-12,1,0.5877496352508367,1,19.992844498102464,18.67307556705292,60.311519228140355,36.0,20,7,2026-08-11 10:32:22
2022-11-13,1,0.5981407848142032,1,11.870945381867841,10.551176450818296,52.18962011190573,5.0,20,7,2026-08-11 10:32:22
2022-11-19,1,0.3598150457932513,1,2.794278975744725,1.1051353527386174,45.00012935346698,10.0,20,7,2026-08-11 10:32:22
2022-11-20,1,0.38287101229888443,1,11.879871471981714,10.190727848975607,54.08572184970397,12.0,20,7,2026-08-11 10:32:22
2022-11-21,1,0.38519573027740994,1,17.34680831027415,16.03695722006501,59.84599844812262,17.0,20,7,2026-08-11 10:32:22
2022-11-22,1,0.3840975146379231,1,9.628850199860578,8.318999109651436,52.12804033770905,3.0,20,7,2026-08-11 10:32:22
2022-11-23,1,0.3823384601211645,1,8.473727764260419,7.163876674051277,50.97291790210889,7.0,20,7,2026-08-11 10:32:22
2022-11-24,1,0.3821697397686413,1,8.717607434134337,7.407756343925195,51.21679757198281,6.0,20,7,2026-08-11 10:32:22
2022-11-25,1,0.38003724605854505,1,8.577500507758637,7.267649417549496,51.07669064560711,11.0,20,7,2026-08-11 10:32:22
2022-11-26,1,0.3891162819367862,1,11.346729253446204,10.036878163237063,53.84591939129468,8.0,20,7,2026-08-11 10:32:22
2022-11-27,1,0.3857081344659791,1,7.265616365825261,5.95576527561612,49.76480650367373,9.0,20,7,2026-08-11 10:32:22
2022-11-29,1,0.37749279402271363,1,4.287526688172863,2.977675597963722,46.78671682602133,13.0,20,7,2026-08-11 10:32:22
2022-11-30,1,0.3857131606858624,1,8.912159854046608,7.602308763837467,51.41134999189508,5.0,20,7,2026-08-11 10:32:22
2022-12-01,1,0.38240564157708545,1,5.399490230329501,4.08963914012036,47.89868036817798,19.0,20,7,2026-08-11 10:32:22
2022-12-02,1,0.3967160159784053,1,8.29972907977542,6.989877989566278,50.79891921762389,14.0,20,7,2026-08-11 10:32:22
2022-12-03,1,0.346882581247703,1,10.719008191336517,9.095688035070939,52.72045562897044,25.0,20,7,2026-08-11 10:32:22
2022-12-05,1,0.34758593997105086,1,6.308871366156117,4.685551209890539,48.31031880379005,20.0,20,7,2026-08-11 10:32:22
2022-12-06,1,0.34288057902989794,1,7.230288882012758,5.60696872574718,49.231736319646686,17.0,20,7,2026-08-11 10:32:22
2022-12-07,1,0.34388602678617286,1,11.439405242780929,9.81608508651535,53.44085268041486,27.0,20,7,2026-08-11 10:32:22
2022-12-08,1,0.3510350348778664,1,10.830078574300536,9.206758418034958,52.831526011934464,24.0,20,7,2026-08-11 10:32:22
2022-12-10,1,0.3478116431943536,1,5.897992815024487,4.2746726587589094,47.899440252658415,13.0,20,7,2026-08-11 10:32:22
2022-12-11,1,0.3561822470534196,1,5.200968034982907,3.5678904606327775,47.41419187062508,8.0,20,7,2026-08-11 10:32:22
2022-12-12,1,0.3721625070510507,1,5.916382781107586,4.283305206757457,48.12960661674976,29.0,20,7,2026-08-11 10:32:22
2022-12-13,1,0.36958224468479106,1,9.464711385253198,7.831633810903068,51.67793522089537,11.0,20,7,2026-08-11 10:32:22
2022-12-14,1,0.3745222496697152,1,8.636995077704622,7.003917503354493,50.850218913346794,9.0,20,7,2026-08-11 10:32:22
2022-12-15,1,0.36776530266727947,1,10.71709479506742,9.084017220717291,52.93031863070959,13.0,20,7,2026-08-11 10:32:22
2022-12-16,1,0.38064747667178034,1,11.25982555815324,9.626747983803112,53.473049393795414,2.0,20,7,2026-08-11 10:32:22
2022-12-17,1,0.373298893278281,1,6.596258391174466,4.9631808168243365,48.80948222681664,4.0,20,7,2026-08-11 10:32:22
2022-12-18,1,0.3605303100506735,1,7.246615319449313,5.613537745099183,49.45983915509149,17.0,20,7,2026-08-11 10:32:22
2022-12-19,1,0.35322761635448896,1,14.119282659621794,12.486205085271665,56.33250649526397,13.0,20,7,2026-08-11 10:32:22
2022-12-20,1,0.5277147458535576,1,12.750122535260088,11.73397280768256,54.77946617204579,11.0,20,7,2026-08-11 10:32:22
2022-12-21,1,0.5864976141335888,1,16.501300264440317,15.48515053686279,58.530643901226014,39.0,20,7,2026-08-11 10:32:22
2022-12-22,1,0.5463130737826033,1,12.231772862883638,11.21562313530611,54.261116499669335,9.0,20,7,2026-08-11 10:32:22
2022-12-25,1,0.46764056722895725,1,7.763928509308114,6.747778781730586,49.79327214609381,71.0,20,7,2026-08-11 10:32:22
2022-12-26,1,0.5020052408839945,1,15.746733278684236,14.730583551106708,57.77607691546993,6.0,20,7,2026-08-11 10:32:22
2022-12-27,1,0.471117709771177,1,13.233716366516989,11.766671070387767,54.99918052426415,11.0,20,7,2026-08-11 10:32:22
2022-12-29,1,0.4623595130266183,1,11.029455276388195,9.562409980258973,52.79491943413535,9.0,20,7,2026-08-11 10:32:22
2022-12-30,1,0.4730239696533481,1,19.48037044948318,18.013325153353957,61.245834607230336,9.0,20,7,2026-08-11 10:32:22
2022-12-31,1,0.4705424107311,1,9.37264443044571,7.905599134316489,51.13810858819287,24.0,20,7,2026-08-11 10:32:22
2023-01-01,1,0.4418614351577246,1,8.960055767170722,7.493010471041501,50.72551992491788,8.0,20,7,2026-08-11 10:32:22
2023-01-02,1,0.4727762345989473,1,16.214520053933832,14.74747475780461,57.97998421168099,1.0,20,7,2026-08-11 10:32:22
2023-01-03,1,0.4888808420237682,1,16.134077375616,14.667032079486777,57.89954153336316,10.0,20,7,2026-08-11 10:32:22
2023-01-04,1,0.44864821438810654,1,13.141558729144283,11.674513433015061,54.90702288689144,12.0,20,7,2026-08-11 10:32:22
2023-01-06,1,0.49251944713992946,1,12.364156960228902,11.226589431856883,54.76974108120789,22.0,20,7,2026-08-11 10:32:22
2023-01-07,1,0.4505254648039878,1,16.41790678678312,15.280339258411104,58.82349090776211,6.0,20,7,2026-08-11 10:32:22
2023-01-08,1,0.4953357865997527,1,10.992608801576734,9.855041273204716,53.39819292255572,57.0,20,7,2026-08-11 10:32:22
2023-01-09,1,0.5384271058913255,1,12.970759922323056,11.833192393951038,55.37634404330204,11.0,20,7,2026-08-11 10:32:22
2023-01-10,1,0.5150585452777331,1,16.529848180242638,15.392280651870621,58.935432301221624,8.0,20,7,2026-08-11 10:32:22
2023-01-11,1,0.5088629214747364,1,9.182142099784306,8.044574571412287,51.587726220763294,15.0,20,7,2026-08-11 10:32:22
2023-01-12,1,0.5184196691573494,1,12.986119261753261,11.848551733381242,55.391703382732246,7.0,20,7,2026-08-11 10:32:22
2023-01-13,1,0.25933605888349887,1,12.577091521816822,10.18916553162565,54.42969746728495,1.0,20,7,2026-08-11 10:32:22
2023-01-14,1,0.2670238869454787,1,10.49799896347143,8.110072973280257,52.350604908939566,6.0,20,7,2026-08-11 10:32:22
2023-01-15,1,0.26586199340716987,1,12.217241406571928,9.829315416380755,54.069847352040064,4.0,20,7,2026-08-11 10:32:22
2023-01-16,1,0.2800911615621531,1,14.778377737853088,12.390451747661915,56.63098368332122,8.0,20,7,2026-08-11 10:32:22
2023-01-17,1,0.29084827310962147,1,12.208920981424965,9.820994991233793,54.0615269268931,18.0,20,7,2026-08-11 10:32:22
2023-01-19,1,0.2730840892633903,1,12.735646479857158,10.347720489665985,54.588252425325294,31.0,20,7,2026-08-11 10:32:22
2023-01-20,1,0.2813238961381004,1,12.80715008163128,10.419224091440107,54.65975602709941,14.0,20,7,2026-08-11 10:32:22
2023-01-22,1,0.37435394964869345,1,11.247069897542149,9.970703790507244,54.34551527088183,9.0,20,7,2026-08-11 10:32:22
2023-01-23,1,0.3764215514126403,1,21.863185024282796,20.586818917247893,64.96163039762249,1.0,20,7,2026-08-11 10:32:22
2023-01-24,1,0.3806249727251278,1,15.515696246701049,14.239330139666144,58.61414162004073,4.0,20,7,2026-08-11 10:32:22
2023-01-25,1,0.36339145314340116,1,10.864474851299072,9.588108744264169,53.96292022463876,2.0,20,7,2026-08-11 10:32:22
2023-01-26,1,0.3639559149998592,1,9.622980725002671,8.346614617967766,52.721426098342356,7.0,20,7,2026-08-11 10:32:22
2023-01-27,1,0.3652872599695805,1,15.943317980666329,14.666951873631426,59.041763354006015,3.0,20,7,2026-08-11 10:32:22
2023-01-28,1,0.36351934827485866,1,13.585495429254218,12.309129322219313,56.6839408025939,8.0,20,7,2026-08-11 10:32:22
2023-01-29,1,0.3005475992412295,1,14.819515549719231,14.92605063676423,57.21381419418074,6.0,20,7,2026-08-11 10:32:22
2023-01-30,1,0.3066260442929664,1,10.035535145757848,10.142070232802848,52.42983379021936,9.0,20,7,2026-08-11 10:32:22
2023-01-31,1,0.29797265901804737,1,12.981139681990317,13.087674769035317,55.37543832645183,34.0,20,7,2026-08-11 10:32:22
2023-02-01,1,0.27140290839727516,1,17.845594733123544,17.952129820168544,60.23989337758506,23.0,20,7,2026-08-11 10:32:22
2023-02-02,1,0.2527343388900382,1,15.614097284565819,15.720632371610819,58.00839592902733,14.0,20,7,2026-08-11 10:32:22
2023-02-03,1,0.2500142154659681,1,25.767077752926532,25.873612839971532,68.16137639738804,8.0,20,7,2026-08-11 10:32:22
2023-02-04,1,0.25782378586978333,1,17.414314711299358,17.520849798344358,59.80861335576087,6.0,20,7,2026-08-11 10:32:22
2023-02-06,1,0.25688967888039127,1,6.708791571629004,6.3271759417169955,49.29634760528961,5.0,20,7,2026-08-11 10:32:22
2023-02-07,1,0.3045302793904776,1,3.6841489514793984,3.3025333215673895,46.271704985140005,9.0,20,7,2026-08-11 10:32:22
2023-02-08,1,0.28878005916186633,1,6.228547250464256,5.8469316205522475,48.816103284124864,8.0,20,7,2026-08-11 10:32:22
2023-02-10,1,0.29762921780713825,1,4.925624489945692,4.544008860033683,47.513180523606295,5.0,20,7,2026-08-11 10:32:22
2023-02-11,1,0.28949597541909766,1,7.633936254720133,7.2523206248081244,50.22149228838074,2.0,20,7,2026-08-11 10:32:22
2023-02-12,1,0.31001927232704524,1,5.995292318162916,5.613676688250907,48.58284835182352,18.0,20,7,2026-08-11 10:32:22
2023-02-13,1,0.812077946325937,1,11.217709262242074,11.46036384907637,52.80261990858245,8.0,20,7,2026-08-11 10:32:22
2023-02-14,1,0.8530208540681984,1,11.225392222450255,11.46804680928455,52.81030286879063,6.0,20,7,2026-08-11 10:32:22
2023-02-15,1,0.849761233844968,1,13.0611836829029,13.303838269737195,54.646094329243276,18.0,20,7,2026-08-11 10:32:22
2023-02-16,1,0.8882623885028286,1,15.280843321289828,15.523497908124122,56.865753967630205,12.0,20,7,2026-08-11 10:32:22
2023-02-17,1,0.9247509041403051,1,18.773665514709844,19.01632010154414,60.35857616105022,24.0,20,7,2026-08-11 10:32:22
2023-02-18,1,0.8513579225437068,1,14.802910953387412,15.045565540221707,56.387821599727786,8.0,20,7,2026-08-11 10:32:22
2023-02-19,1,0.8822673013898452,1,16.69072176075063,16.933376347584925,58.27563240709101,6.0,20,7,2026-08-11 10:32:22
2023-02-20,1,0.7157279886048046,1,9.405489558499491,9.648144145333786,50.990400204839865,11.0,20,7,2026-08-11 10:32:22
2023-02-21,1,0.8364871022587823,1,12.179972896446293,12.422627483280587,53.76488354278667,11.0,20,7,2026-08-11 10:32:22
2023-02-22,1,0.3810437482597625,1,9.013006901485985,2.597750883001871,43.14671714596206,13.0,20,7,2026-08-11 10:32:22
2023-02-23,1,0.4446113818524831,1,22.349960461179588,15.934704442695473,56.483670705655655,37.0,20,7,2026-08-11 10:32:22
2023-02-24,1,0.35991904970620126,1,7.093042481277598,0.6777864627934838,41.22675272575367,9.0,20,7,2026-08-11 10:32:22
2023-02-25,1,0.44952214310080624,1,22.114195487595623,15.698939469111508,56.24790573207169,10.0,20,7,2026-08-11 10:32:22
2023-02-26,1,0.394810165652189,1,11.553053086493515,5.137797068009401,45.68676333096958,4.0,20,7,2026-08-11 10:32:22
2023-02-27,1,0.4425379795958979,1,16.611093486238225,10.19583746775411,50.744803730714295,14.0,20,7,2026-08-11 10:32:22
2023-02-28,1,0.3791375676830223,1,14.66685860566839,8.251602587184276,48.80056885014446,25.0,20,7,2026-08-11 10:32:22
2023-03-01,1,0.3043291311604341,1,9.03858197549228,4.78334178917082,42.44581482231297,29.0,20,7,2026-08-11 10:32:22
2023-03-02,1,0.2993523631429543,1,18.197651745128212,13.942411558806754,51.6048845919489,9.0,20,7,2026-08-11 10:32:22
2023-03-03,1,0.27497857658929975,1,12.935854481100309,8.680614294778849,46.343087327921,24.0,20,7,2026-08-11 10:32:22
2023-03-04,1,0.28792223326004673,1,9.88260647260417,5.627366286282711,43.28983931942486,13.0,20,7,2026-08-11 10:32:22
2023-03-05,1,0.30584387265294194,1,10.962871952396085,6.707631766074626,44.370104799216776,10.0,20,7,2026-08-11 10:32:22
2023-03-06,1,0.3022858765265223,1,15.547892026500591,11.292651840179133,48.95512487332128,5.0,20,7,2026-08-11 10:32:22
2023-03-07,1,0.28073438731451045,1,9.822687291925869,5.567447105604409,43.22992013874656,7.0,20,7,2026-08-11 10:32:22
2023-03-08,1,0.2755547670904376,1,6.131837245665355,1.4248242037811343,38.5491230348918,11.0,20,7,2026-08-11 10:32:22
2023-03-09,1,0.28778708023946803,1,14.886286141438607,10.179273099554386,47.30357193066506,15.0,20,7,2026-08-11 10:32:22
2023-03-10,1,0.28749968928524255,1,18.198059203238568,13.491046161354348,50.61534499246501,11.0,20,7,2026-08-11 10:32:22
2023-03-11,1,0.29141774753682503,1,23.93503610676358,19.22802306487936,56.35232189599003,7.0,20,7,2026-08-11 10:32:22
2023-03-12,1,0.2880484192297217,1,16.17943334758874,11.47242030570452,48.59671913681519,7.0,20,7,2026-08-11 10:32:22
2023-03-13,1,0.29075120531641696,1,11.087416854206305,6.3804038123220845,43.50470264343275,5.0,20,7,2026-08-11 10:32:22
2023-03-14,1,0.2825002547524834,1,8.595787981615105,3.888774939730885,41.01307377084155,28.0,20,7,2026-08-11 10:32:22
2023-03-16,1,0.3286064745982706,1,17.401689338943267,11.893454419870988,47.911192671951184,15.0,20,7,2026-08-11 10:32:22
2023-03-17,1,0.30666366312869925,1,17.3854447433897,11.877209824317422,47.89494807639761,26.0,20,7,2026-08-11 10:32:22
2023-03-18,1,0.339375355868822,1,19.388923347702477,13.880688428630197,49.89842668071039,6.0,20,7,2026-08-11 10:32:22
2023-03-19,1,0.3094707271926636,1,6.347996940021274,0.8397620209489949,36.85750027302919,10.0,20,7,2026-08-11 10:32:22
2023-03-20,1,0.31597998218163265,1,17.887519843158426,12.379284924086146,48.39702317616634,10.0,20,7,2026-08-11 10:32:22
2023-03-21,1,0.3084535748806266,1,18.40982379941932,12.901588880347042,48.919327132427235,9.0,20,7,2026-08-11 10:32:22
2023-03-22,1,0.28925800889441733,1,14.445716266411333,6.340892736315702,43.564542035376874,8.0,20,7,2026-08-11 10:32:22
2023-03-23,1,0.2778803428497802,1,14.434137018870361,6.32931348877473,43.5529627878359,6.0,20,7,2026-08-11 10:32:22
2023-03-24,1,0.24469800400137898,1,6.6749233227833615,0.0,35.7937490917489,1.0,20,7,2026-08-11 10:32:22
2023-03-27,1,0.254757733758917,1,9.014177828073091,0.90935429797746,38.13300359703863,9.0,20,7,2026-08-11 10:32:22
2023-03-28,1,0.2218485567762478,1,9.244880038662378,1.1400565085667473,38.363705807627916,16.0,20,7,2026-08-11 10:32:22
2023-03-30,1,0.2665994568669704,1,10.797681676737684,0.347362909889366,36.466075751545254,2.0,20,7,2026-08-11 10:32:22
2023-03-31,1,0.23420236140297024,1,4.905564793985513,0.0,30.57395886879308,18.0,20,7,2026-08-11 10:32:22
2023-04-01,1,0.24696217287893804,1,15.255028193942207,4.80470942709389,40.923422268749775,10.0,20,7,2026-08-11 10:32:22
2023-04-02,1,0.2603595265737651,1,16.405097759719066,5.954778992870748,42.073491834526635,5.0,20,7,2026-08-11 10:32:22
2023-04-03,1,0.2525841361408532,1,9.427828787404813,0.0,35.096222862212386,20.0,20,7,2026-08-11 10:32:22
2023-04-04,1,0.25635230976600476,1,15.401203874507646,4.950885107659328,41.06959794931522,14.0,20,7,2026-08-11 10:32:22
2023-04-05,1,0.2765234572216082,1,22.635166527613446,12.184847760765129,48.303560602421015,1.0,20,7,2026-08-11 10:32:22
2023-04-06,1,0.2518092997994808,1,6.843438979167132,0.0,32.5118330539747,2.0,20,7,2026-08-11 10:32:22
2023-04-07,1,0.22472748314706503,1,5.269205951830234,0.0,30.937600026637803,13.0,20,7,2026-08-11 10:32:22
2023-04-08,1,0.2445693943089633,1,12.175037654092524,1.7247188872442063,37.84343172890009,71.0,20,7,2026-08-11 10:32:22
2023-04-09,1,0.27205237745111077,1,32.743941676828115,20.99034573257365,57.23195105937599,70.0,20,7,2026-08-11 10:32:22
2023-04-10,1,0.2066548706418523,1,11.670361231192276,0.0,36.158370613740146,91.0,20,7,2026-08-11 10:32:22
2023-04-11,1,0.24611970530615954,1,14.595021845248798,2.8414259009943343,39.08303122779667,35.0,20,7,2026-08-11 10:32:22
2023-04-12,1,0.22082138386387468,1,14.280125385543524,2.5265294412890604,38.7681347680914,26.0,20,7,2026-08-11 10:32:22
2023-04-13,1,0.24735148207522883,1,15.240250019768098,3.486654075513634,39.72825940231597,4.0,20,7,2026-08-11 10:32:22
2023-04-14,1,0.2202470355190088,1,11.94461702144648,0.19102107719201555,36.43262640399435,8.0,20,7,2026-08-11 10:32:22
2023-04-15,1,0.1832259109902007,1,9.156402514617374,0.0,33.64441189716525,15.0,20,7,2026-08-11 10:32:22
2023-04-16,1,0.1958672016054693,1,10.815055269692659,0.3592016876154993,34.57364156987282,18.0,20,7,2026-08-11 10:32:22
2023-04-17,1,0.20055093157790865,1,13.093384822927955,2.6375312408507963,36.851971123108115,12.0,20,7,2026-08-11 10:32:22
2023-04-18,1,0.20813038609324394,1,13.196893928040941,2.741040345963782,36.9554802282211,2.0,20,7,2026-08-11 10:32:22
2023-04-20,1,0.16720477110130755,1,12.363615559900872,1.9077619778237125,36.122201860081034,19.0,20,7,2026-08-11 10:32:22
2023-04-21,1,0.1787263435218894,1,11.866664203084053,1.4108106210068936,35.62525050326421,12.0,20,7,2026-08-11 10:32:22
2023-04-22,1,0.231802063218665,1,21.25936695897755,10.803513376900392,45.01795325915771,4.0,20,7,2026-08-11 10:32:22
2023-04-23,1,0.2444084217605143,1,13.442851698017176,1.1921770542777832,39.5456038752719,13.0,20,7,2026-08-11 10:32:22
2023-04-25,1,0.2536655640805194,1,9.192882809978169,0.0,35.295634987232894,6.0,20,7,2026-08-11 10:32:22
2023-04-26,1,0.17674254855968854,1,8.898319773575796,0.0,35.00107195083052,12.0,20,7,2026-08-11 10:32:22
2023-04-27,1,0.2174945875889423,1,14.204709315523816,1.9540346717844237,40.30746149277854,38.0,20,7,2026-08-11 10:32:22
2023-04-28,1,0.31218042667137885,1,18.39494169333287,6.144267049593479,44.4976938705876,17.0,20,7,2026-08-11 10:32:22
2023-04-29,1,0.2934201044111473,1,21.26290448507715,9.012229841337758,47.36565666233187,10.0,20,7,2026-08-11 10:32:22
2023-04-30,1,0.26703803375378515,1,13.22247493063713,0.9718002868977376,39.325227107891855,7.0,20,7,2026-08-11 10:32:22
2023-05-01,1,0.17889655381955163,1,6.388599698444116,0.0,34.018330735533326,14.0,20,7,2026-08-11 10:32:22
2023-05-02,1,0.21619011985981235,1,8.11274129540895,0.0,35.74247233249816,27.0,20,7,2026-08-11 10:32:22
2023-05-03,1,0.21466423163479634,1,11.477865408538172,3.1728157548026186,39.10759644562738,16.0,20,7,2026-08-11 10:32:22
2023-05-04,1,0.18836765824331844,1,9.294211845618449,0.9891621918828957,36.92394288270766,10.0,20,7,2026-08-11 10:32:22
2023-05-05,1,0.22633527221746194,1,10.27997246548499,1.9749228117494368,37.909703502574196,7.0,20,7,2026-08-11 10:32:22
2023-05-06,1,0.2020708694814474,1,12.467365104485392,4.162315450749839,40.097096141574596,9.0,20,7,2026-08-11 10:32:22
2023-05-08,1,0.2083914138887786,1,8.749051599959147,0.4440019462235938,36.37878263704835,7.0,20,7,2026-08-11 10:32:22
2023-05-09,1,0.1665708980612859,1,8.293614699809279,0.0,39.88599103760558,20.0,20,7,2026-08-11 10:32:22
2023-05-10,1,0.2452843904291539,1,29.653581839140365,21.228552576520606,61.24595817693666,12.0,20,7,2026-08-11 10:32:22
2023-05-11,1,0.23347374574751775,1,14.263073465447947,5.838044202828186,45.85544980324424,32.0,20,7,2026-08-11 10:32:22
2023-05-12,1,0.17661592802549977,1,8.595901264982636,0.17087200236287536,40.18827760277893,10.0,20,7,2026-08-11 10:32:22
2023-05-13,1,0.2023054622655376,1,10.223086555934872,1.7980572933151109,41.815462893731166,11.0,20,7,2026-08-11 10:32:22
2023-05-14,1,0.1331657237513367,1,4.9674067601436915,0.0,36.559783097939984,6.0,20,7,2026-08-11 10:32:22
2023-05-15,1,0.13772363709843075,1,6.9760933121931625,0.0,38.56846964998946,25.0,20,7,2026-08-11 10:32:22
2023-05-16,1,0.19922565215462215,1,10.08505368907851,1.6600244264587491,41.6774300268748,9.0,20,7,2026-08-11 10:32:22
2023-05-17,1,0.22125966639590935,1,7.0915011322638914,0.0,36.69469990311627,1.0,20,7,2026-08-11 10:32:22
2023-05-19,1,0.2108365816319897,1,11.414745436862098,2.230976386122572,41.01794420771448,4.0,20,7,2026-08-11 10:32:22
2023-05-20,1,0.20515101277070372,1,9.886105195627971,0.7023361448884451,39.48930396648035,24.0,20,7,2026-08-11 10:32:22
2023-05-21,1,0.21833934827892823,1,23.089624176533803,13.905855125794277,52.69282294738618,1.0,20,7,2026-08-11 10:32:22
2023-05-22,1,0.21047093528727973,1,5.494621924153136,0.0,35.09782069500552,2.0,20,7,2026-08-11 10:32:22
2023-05-23,1,0.21160393482702805,1,14.015114545730798,4.831345494991272,43.618313316583176,6.0,20,7,2026-08-11 10:32:22
2023-05-24,1,0.21707923514143082,1,9.40017703268776,1.8305128582333383,37.775257862141544,7.0,20,7,2026-08-11 10:32:22
2023-05-25,1,0.24786367893516642,1,12.780600066295081,5.21093589184066,41.155680895748866,21.0,20,7,2026-08-11 10:32:22
2023-05-26,1,0.24562438297267913,1,19.680471301522097,12.110807127067677,48.05555213097588,33.0,20,7,2026-08-11 10:32:22
2023-05-27,1,0.18650796731152405,1,7.173577465852343,0.0,35.548658295306126,8.0,20,7,2026-08-11 10:32:22
2023-05-28,1,0.24155824572847914,1,9.809831914844489,2.240167740390068,38.18491274429827,9.0,20,7,2026-08-11 10:32:22
2023-05-29,1,0.18747010651305726,1,10.24198444010784,2.6723202656534193,38.61706526956163,13.0,20,7,2026-08-11 10:32:22
2023-05-30,1,0.24251973908740498,1,13.31224845753212,5.742584283077698,41.68732928698591,7.0,20,7,2026-08-11 10:32:22
2023-05-31,1,0.2281384235649548,1,8.340265041984841,0.7706008675304199,36.71534587143863,4.0,20,7,2026-08-11 10:32:22
2023-06-01,1,0.2287966752887672,1,7.462744566883418,0.0,34.11543650180986,10.0,20,7,2026-08-11 10:32:22
2023-06-02,1,0.24688983108209703,1,10.22389174185463,2.0136253938164206,36.87658367678107,9.0,20,7,2026-08-11 10:32:22
2023-06-03,1,0.3498809989450883,1,14.797531910552538,6.587265562514329,41.45022384547898,15.0,20,7,2026-08-11 10:32:22
2023-06-04,1,0.36325800862746316,1,14.87821514374898,6.667948795710771,41.53090707867542,8.0,20,7,2026-08-11 10:32:22
2023-06-05,1,0.30080567122363705,1,5.882279250433353,0.0,32.534971185359794,10.0,20,7,2026-08-11 10:32:22
2023-06-06,1,0.3155356332382013,1,11.004969308083172,2.7947029600449635,37.65766124300961,7.0,20,7,2026-08-11 10:32:22
2023-06-07,1,0.2902829409582821,1,9.845896168436896,1.6356298203986874,36.49858810336334,12.0,20,7,2026-08-11 10:32:22
2023-06-08,1,0.29763737226754433,1,17.38053779455877,8.55492714895832,43.78411109830678,37.0,20,7,2026-08-11 10:32:22
2023-06-09,1,0.2550943021132241,1,18.96662547213399,10.141014826533542,45.370198775882,5.0,20,7,2026-08-11 10:32:22
2023-06-10,1,0.26160050175900224,1,8.082471968591985,0.0,34.48604527234,4.0,20,7,2026-08-11 10:32:22
2023-06-11,1,0.2053432587717115,1,8.30825691692703,0.0,34.71183022067505,24.0,20,7,2026-08-11 10:32:22
2023-06-12,1,0.24802530243471188,1,12.138583699750765,3.3129730541503157,38.54215700349878,4.0,20,7,2026-08-11 10:32:22
2023-06-13,1,0.22390781500653809,1,7.232825977718745,0.0,33.63639928146676,12.0,20,7,2026-08-11 10:32:22
2023-06-14,1,0.24621462771373162,1,11.82691730619439,3.001306660593942,38.23049060994241,7.0,20,7,2026-08-11 10:32:22
2023-06-15,1,0.18709147855325597,1,7.41754380362161,0.0,30.726894991816103,5.0,20,7,2026-08-11 10:32:22
2023-06-16,1,0.19007826805028605,1,10.84056033486054,1.5170926040509336,34.14991152305503,13.0,20,7,2026-08-11 10:32:22
2023-06-17,1,0.19066033984872605,1,10.105702453036342,0.7822347222267361,33.415053641230834,1.0,20,7,2026-08-11 10:32:22
2023-06-18,1,0.18663308150645885,1,9.089476732537058,0.0,32.39882792073155,9.0,20,7,2026-08-11 10:32:22
2023-06-19,1,0.18770073152129912,1,7.672658816041323,0.0,30.982010004235814,12.0,20,7,2026-08-11 10:32:22
2023-06-20,1,0.19053903163175992,1,15.740557434709528,6.417089703899922,39.04990862290402,19.0,20,7,2026-08-11 10:32:22
2023-06-21,1,0.1912943503000741,1,16.190526205380852,6.867058474571246,39.499877393575346,29.0,20,7,2026-08-11 10:32:22
2023-06-22,1,0.2082910590236523,1,13.117311206579313,2.7029590105402033,36.92566130209006,9.0,20,7,2026-08-11 10:32:22
2023-06-23,1,0.20097387585265156,1,8.027706033677777,0.0,31.83605612918853,8.0,20,7,2026-08-11 10:32:22
2023-06-24,1,0.18681862255537676,1,7.638876207590025,0.0,31.447226303100777,21.0,20,7,2026-08-11 10:32:22
2023-06-25,1,0.21300820664321912,1,12.793714541114184,2.3793623450750747,36.60206463662494,9.0,20,7,2026-08-11 10:32:22
2023-06-26,1,0.2054645393109903,1,8.53339467185126,0.0,32.341744767362016,8.0,20,7,2026-08-11 10:32:22
2023-06-27,1,0.21005134043500426,1,8.787231717066856,0.0,32.595581812577606,11.0,20,7,2026-08-11 10:32:22
2023-06-28,1,0.18112790846275414,1,8.316007560665655,0.0,32.12435765617641,14.0,20,7,2026-08-11 10:32:22
2023-06-29,1,0.22748910031360225,1,20.644937800138436,8.200751024269662,42.96714802943725,9.0,20,7,2026-08-11 10:32:22
2023-06-30,1,0.23308297362680747,1,13.256542960357683,0.8123561844889089,35.578753189656496,26.0,20,7,2026-08-11 10:32:22
2023-07-01,1,0.16074774878357484,1,8.690678545733732,0.0,31.012888775032543,5.0,20,7,2026-08-11 10:32:22
2023-07-02,1,0.18407686348855218,1,12.324062940065987,0.0,34.6462731693648,12.0,20,7,2026-08-11 10:32:22
2023-07-03,1,0.18735232245503583,1,12.838343102094386,0.3941563262256125,35.160553331393196,17.0,20,7,2026-08-11 10:32:22
2023-07-04,1,0.19884999087530192,1,11.134511113321187,0.0,33.45672134262,26.0,20,7,2026-08-11 10:32:22
2023-07-05,1,0.19674545319805975,1,12.75944038655186,0.31525361068308655,35.08165061585067,10.0,20,7,2026-08-11 10:32:22
2023-07-07,1,0.1635363486078015,1,7.832431433352775,0.0,29.206113200439646,13.0,20,7,2026-08-11 10:32:22
2023-07-08,1,0.18107748356308115,1,13.244069631907909,0.0,34.617751398994784,10.0,20,7,2026-08-11 10:32:22
2023-07-09,1,0.18495597844260542,1,8.125156285153427,0.0,29.4988380522403,4.0,20,7,2026-08-11 10:32:22
2023-07-10,1,0.16607960798734417,1,8.268951018703913,0.0,29.642632785790784,11.0,20,7,2026-08-11 10:32:22
2023-07-11,1,0.15308576954170924,1,6.860025376694349,0.0,28.23370714378122,38.0,20,7,2026-08-11 10:32:22
2023-07-12,1,0.1838615922221884,1,15.047117630023752,0.0,36.42079939711063,33.0,20,7,2026-08-11 10:32:22
2023-07-13,1,0.1951586603435352,1,24.632013917062245,10.076768489511087,46.77605176006428,30.0,20,7,2026-08-11 10:32:22
2023-07-14,1,0.2016748484143024,1,15.497113612858117,0.9418681853069586,37.641151455860154,15.0,20,7,2026-08-11 10:32:22
2023-07-15,1,0.19647259513562598,1,9.402245746444033,0.0,31.54628358944607,10.0,20,7,2026-08-11 10:32:22
2023-07-16,1,0.19163886150005752,1,8.102876811204066,0.0,30.2469146542061,11.0,20,7,2026-08-11 10:32:22
2023-07-17,1,0.20083424184085924,1,9.437587582065005,0.0,31.58162542506704,4.0,20,7,2026-08-11 10:32:22
2023-07-18,1,0.1852071347448202,1,6.620690038210412,0.0,28.764727881212448,10.0,20,7,2026-08-11 10:32:22
2023-07-19,1,0.18081217228382787,1,7.37771349204392,0.0,29.521751335045955,10.0,20,7,2026-08-11 10:32:22
2023-07-20,1,0.18988314934036335,1,12.768380481778959,0.0,34.912418324780994,26.0,20,7,2026-08-11 10:32:22
2023-07-21,1,0.20975421020031781,1,17.865066675418827,0.7037772454070321,37.503334633485544,37.0,20,7,2026-08-11 10:32:22
2023-07-22,1,0.19567647452398224,1,11.178117860172089,0.0,30.816385818238807,10.0,20,7,2026-08-11 10:32:22
2023-07-23,1,0.19953630166741498,1,10.854665809407624,0.0,30.49293376747434,11.0,20,7,2026-08-11 10:32:22
2023-07-24,1,0.199686996382595,1,12.591350347357785,0.0,32.2296183054245,25.0,20,7,2026-08-11 10:32:22
2023-07-30,1,0.14739407401961027,1,6.312640249886296,0.0,22.503205231482738,13.0,20,7,2026-08-11 10:32:22
2023-07-31,1,0.17462617777684045,1,8.02773836602733,0.0,24.218303347623774,5.0,20,7,2026-08-11 10:32:22
2023-08-02,1,0.11149697231460838,1,9.180270036536053,0.0,25.370835018132496,15.0,20,7,2026-08-11 10:32:22
2023-08-03,1,0.1659093252677061,1,10.842736730985946,0.0,27.033301712582386,14.0,20,7,2026-08-11 10:32:22
2023-08-04,1,0.1709992181719589,1,11.13323216274847,0.0,27.323797144344912,6.0,20,7,2026-08-11 10:32:22
2023-08-05,1,0.16624853777474788,1,7.297547235746766,0.0,23.488112217343208,9.0,20,7,2026-08-11 10:32:22
2023-08-06,1,0.17142139514396415,1,9.647654182589896,0.0,25.838219164186338,24.0,20,7,2026-08-11 10:32:22
2023-08-07,1,0.2206151356999477,1,16.58029552522257,0.0,32.77086050681901,11.0,20,7,2026-08-11 10:32:22
2023-08-08,1,0.23709860381192172,1,11.501044534760528,0.0,27.69160951635697,11.0,20,7,2026-08-11 10:32:22
2023-08-09,1,0.25783797064604635,1,18.21581792080119,0.27355039168449125,38.11231083643816,33.0,20,7,2026-08-11 10:32:22
2023-08-10,1,0.21465958901398988,1,15.275439828216978,0.0,35.17193274385395,2.0,20,7,2026-08-11 10:32:22
2023-08-11,1,0.18115297124103047,1,9.23540052873779,0.0,29.13189344437476,9.0,20,7,2026-08-11 10:32:22
2023-08-12,1,0.211110175577991,1,12.450301340298358,0.0,32.34679425593533,7.0,20,7,2026-08-11 10:32:22
2023-08-14,1,0.2118524941041436,1,11.259035620431112,0.0,31.155528536068083,18.0,20,7,2026-08-11 10:32:22
2023-08-15,1,0.23887130835065734,1,19.627058246688474,1.6847907175717758,39.52355116232545,16.0,20,7,2026-08-11 10:32:22
2023-08-16,1,0.22998615647629034,1,10.993403846304588,0.0,30.88989676194156,10.0,20,7,2026-08-11 10:32:22
2023-08-17,1,0.24736094059118588,1,10.641736413236256,0.0,30.042245132633855,7.0,20,7,2026-08-11 10:32:22
2023-08-18,1,0.21577579932197083,1,14.351034959173742,0.44456903041372087,33.75154367857134,9.0,20,7,2026-08-11 10:32:22
2023-08-19,1,0.23543904355169473,1,15.407108540579275,1.500642611819254,34.80761725997687,45.0,20,7,2026-08-11 10:32:22
2023-08-20,1,0.2341931194245176,1,15.485313620851931,1.5788476920919106,34.88582234024953,2.0,20,7,2026-08-11 10:32:22
2023-08-21,1,0.2272782296300838,1,14.33697749002063,0.43051156126060874,33.73748620941823,15.0,20,7,2026-08-11 10:32:22
2023-08-22,1,0.22578642845332303,1,21.49549125225078,7.589025323490759,40.89599997164838,6.0,20,7,2026-08-11 10:32:22
2023-08-23,1,0.220703313018454,1,18.359422289668522,4.452956360908502,37.75993100906612,7.0,20,7,2026-08-11 10:32:22
2023-08-24,1,0.20912398941576063,1,18.629524446607054,4.723058517847033,38.03003316600466,14.0,20,7,2026-08-11 10:32:22
2023-08-25,1,0.2243808732495034,1,22.045713145557432,9.95603669919901,41.65813701668008,32.0,20,7,2026-08-11 10:32:22
2023-08-26,1,0.19493795734283656,1,10.552096200529961,0.0,30.16452007165261,8.0,20,7,2026-08-11 10:32:22
2023-08-27,1,0.22018340016421392,1,10.345298178922029,0.0,29.957722050044676,11.0,20,7,2026-08-11 10:32:22
2023-08-28,1,0.22803708284573743,1,16.79121058667163,4.7015341403132105,36.40363445779428,11.0,20,7,2026-08-11 10:32:22
2023-08-29,1,0.22773493221208127,1,12.529259857178946,0.439583410820525,32.141683728301594,32.0,20,7,2026-08-11 10:32:22
2023-08-30,1,0.2061031601374611,1,15.739542522088279,3.6498660757298573,35.35196639321093,12.0,20,7,2026-08-11 10:32:22
2023-08-31,1,0.20852529604114517,1,14.068938923869673,1.9792624775112522,33.681362794992324,4.0,20,7,2026-08-11 10:32:22
2023-09-01,1,0.17576935873522737,1,10.042181418956282,0.0,28.682968429905003,6.0,20,7,2026-08-11 10:32:22
2023-09-02,1,0.17885936981506534,1,12.40634073424684,0.0,31.04712774519556,2.0,20,7,2026-08-11 10:32:22
2023-09-05,1,0.16479192962321088,1,9.740711874232735,0.0,28.381498885181458,2.0,20,7,2026-08-11 10:32:22
2023-09-07,1,0.1460529576182465,1,8.71056035327964,0.0,27.35134736422836,3.0,20,7,2026-08-11 10:32:22
2023-09-08,1,0.18604957989902,1,8.37205410485042,0.0,28.395632083315814,6.0,20,7,2026-08-11 10:32:22
2023-09-09,1,0.1823509822681794,1,8.476054457510685,0.0,28.49963243597608,8.0,20,7,2026-08-11 10:32:22
2023-09-10,1,0.20193423554715006,1,9.990526941563193,0.0,30.014104920028586,26.0,20,7,2026-08-11 10:32:22
2023-09-11,1,0.21917775906704876,1,15.085730616368295,0.0,35.10930859483369,22.0,20,7,2026-08-11 10:32:22
2023-09-12,1,0.19631721551345105,1,10.379382624739486,0.0,30.402960603204882,27.0,20,7,2026-08-11 10:32:22
2023-09-13,1,0.20202567737417326,1,11.081610351000487,0.0,31.105188329465882,68.0,20,7,2026-08-11 10:32:22
2023-09-14,1,0.2292078655345833,1,30.213954642057104,15.125448979080526,50.2375326205225,18.0,20,7,2026-08-11 10:32:22
2023-09-15,1,0.21951170860742106,1,27.153515702419238,12.06501003944266,47.17709368088463,9.0,20,7,2026-08-11 10:32:22
2023-09-16,1,0.2112747886565157,1,12.775777367785196,0.0,32.79935534625059,8.0,20,7,2026-08-11 10:32:22
2023-09-17,1,0.19261196370492875,1,15.450191829961073,0.3616861669844944,35.47376980842647,103.0,20,7,2026-08-11 10:32:22
2023-09-18,1,0.1861325468072111,1,30.47655306728207,17.01509052941811,48.958757194781995,55.0,20,7,2026-08-11 10:32:22
2023-09-19,1,0.1741838221347695,1,26.215513150357555,12.754050612493598,44.697717277857485,15.0,20,7,2026-08-11 10:32:22
2023-09-20,1,0.1972684024328381,1,16.333260178986592,2.871797641122635,34.81546430648652,20.0,20,7,2026-08-11 10:32:22
2023-09-21,1,0.14521339477486644,1,10.96521303865478,0.0,29.447417166154708,32.0,20,7,2026-08-11 10:32:22
2023-09-22,1,0.15153153165558325,1,12.221875287128501,0.0,30.70407941462843,10.0,20,7,2026-08-11 10:32:22
2023-09-23,1,0.1460545105807191,1,11.53628429027311,0.0,30.018488417773042,9.0,20,7,2026-08-11 10:32:22
2023-09-24,1,0.12114966103368613,1,11.381864415960601,0.0,29.864068543460533,9.0,20,7,2026-08-11 10:32:22
2023-09-25,1,0.19131406757808,1,13.936795380411231,0.0,33.2361415364344,7.0,20,7,2026-08-11 10:32:22
2023-09-26,1,0.2031454470223989,1,7.493938776175129,0.0,26.7932849321983,32.0,20,7,2026-08-11 10:32:22
2023-09-27,1,0.19800755174522874,1,17.503565630880836,0.5326272079284244,36.802911786904005,13.0,20,7,2026-08-11 10:32:22
2023-09-28,1,0.19670453205801364,1,12.122157959165166,0.0,31.42150411518834,23.0,20,7,2026-08-11 10:32:22
2023-09-29,1,0.1940194873573018,1,20.624028774758003,3.6530903518055915,39.92337493078118,21.0,20,7,2026-08-11 10:32:22
2023-09-30,1,0.19251431844949918,1,14.09173978261379,0.0,33.39108593863696,5.0,20,7,2026-08-11 10:32:22
2023-10-01,1,0.18182286466352224,1,9.697132509390448,0.0,28.99647866541362,6.0,20,7,2026-08-11 10:32:22
2023-10-02,1,0.19424613433402474,1,10.456790432023448,0.0,32.507618986391854,8.0,20,7,2026-08-11 10:32:22
2023-10-03,1,0.20107715355344566,1,9.748140935025205,0.0,31.798969489393613,29.0,20,7,2026-08-11 10:32:22
2023-10-04,1,0.22401573127816557,1,12.84863758477629,0.0,34.8994661391447,1.0,20,7,2026-08-11 10:32:22
2023-10-05,1,0.18390852723883672,1,7.7138062311685935,0.0,29.764634785537,3.0,20,7,2026-08-11 10:32:22
2023-10-06,1,0.1907397744892278,1,10.809468008414706,0.0,32.86029656278311,4.0,20,7,2026-08-11 10:32:22
2023-10-07,1,0.19824371563870744,1,12.521591451597038,0.0,34.57242000596545,2.0,20,7,2026-08-11 10:32:22
2023-10-08,1,0.19105624612114822,1,8.453092791633043,0.0,30.50392134600145,5.0,20,7,2026-08-11 10:32:22
2023-10-10,1,0.2123220217292963,1,10.29629415021976,0.0,31.68700824085723,14.0,20,7,2026-08-11 10:32:22
2023-10-11,1,0.2110770001120852,1,14.284769241358521,0.0,35.67548333199599,20.0,20,7,2026-08-11 10:32:22
2023-10-13,1,0.251034052925604,1,12.438484056653559,0.0,33.82919814729103,11.0,20,7,2026-08-11 10:32:22
2023-10-14,1,0.2092950777741662,1,11.4340002698244,0.0,32.82471436046187,9.0,20,7,2026-08-11 10:32:22
2023-10-15,1,0.27919031565097696,1,12.654010459481503,0.0,34.04472455011897,10.0,20,7,2026-08-11 10:32:22
2023-10-16,1,0.29889361668687586,1,13.78952587462111,0.0,34.661858117217704,11.0,20,7,2026-08-11 10:32:22
2023-10-17,1,0.3742522418462736,1,13.948427117216438,0.0,34.82075935981304,6.0,20,7,2026-08-11 10:32:22
2023-10-18,1,0.2496187831653463,1,7.249203375915627,0.0,28.121535618512226,10.0,20,7,2026-08-11 10:32:22
2023-10-19,1,0.24517297833221965,1,10.685896757130212,0.0,31.55822899972681,26.0,20,7,2026-08-11 10:32:22
2023-10-20,1,0.23481641529799835,1,13.291696231988995,0.0,34.16402847458559,7.0,20,7,2026-08-11 10:32:22
2023-10-21,1,0.21893194821111792,1,14.214435407152077,0.0,35.08676764974868,6.0,20,7,2026-08-11 10:32:22
2023-10-22,1,0.24148859124436353,1,13.316505830885598,0.0,34.188838073482195,10.0,20,7,2026-08-11 10:32:22
2023-10-24,1,0.21364981726165294,1,11.924561746212271,0.0,32.79689398880887,19.0,20,7,2026-08-11 10:32:22
2023-10-25,1,0.24073195654169566,1,14.728336999303588,1.5388786600595417,37.72345643512905,9.0,20,7,2026-08-11 10:32:22
2023-10-26,1,0.2319647654732959,1,10.563634100302298,0.0,33.55875353612776,35.0,20,7,2026-08-11 10:32:22
2023-10-27,1,0.22716760334309916,1,8.36177207626726,0.0,31.356891512092723,1.0,20,7,2026-08-11 10:32:22
2023-10-28,1,0.1880997881228739,1,8.93793175634864,0.0,31.9330511921741,7.0,20,7,2026-08-11 10:32:22
2023-10-29,1,0.17029930159582035,1,8.631803252231672,0.0,31.626922688057135,7.0,20,7,2026-08-11 10:32:22
2023-10-30,1,0.17740241126063422,1,10.31855915354569,0.0,33.31367858937115,11.0,20,7,2026-08-11 10:32:22
2023-10-31,1,0.22227060915479446,1,12.3294112334273,0.0,35.32453066925276,43.0,20,7,2026-08-11 10:32:22
2023-11-01,1,0.2590962474166434,1,17.142292911352076,3.9528345721080296,40.13741234717754,13.0,20,7,2026-08-11 10:32:22
2023-11-02,1,0.21852638676807273,1,12.298711049887924,0.0,32.49030271935791,39.0,20,7,2026-08-11 10:32:22
2023-11-03,1,0.23099553226917768,1,10.258389618913164,0.0,30.449981288383157,12.0,20,7,2026-08-11 10:32:22
2023-11-04,1,0.21360039429276514,1,7.618967384125869,0.0,27.810559053595863,10.0,20,7,2026-08-11 10:32:22
2023-11-05,1,0.19870238658296718,1,5.500969473712182,0.0,25.692561143182175,8.0,20,7,2026-08-11 10:32:22
2023-11-06,1,0.21396225534245522,1,9.76217649011418,0.0,29.953768159584172,10.0,20,7,2026-08-11 10:32:22
2023-11-07,1,0.20904907711905812,1,6.392755404303544,0.0,26.584347073773536,16.0,20,7,2026-08-11 10:32:22
2023-11-08,1,0.229914959610679,1,13.305222993999898,0.0,33.49681466346989,13.0,20,7,2026-08-11 10:32:22
2023-11-09,1,0.2257303840907117,1,11.998484020987078,0.0,33.530541284116936,6.0,20,7,2026-08-11 10:32:22
2023-11-10,1,0.21115208946842692,1,6.905383777688306,0.0,28.43744104081816,5.0,20,7,2026-08-11 10:32:22
2023-11-11,1,0.2341839727022572,1,10.498170277433106,0.0,32.03022754056296,7.0,20,7,2026-08-11 10:32:22
2023-11-12,1,0.2196295757368729,1,12.410277552469687,0.0,33.94233481559954,6.0,20,7,2026-08-11 10:32:22
2023-11-13,1,0.24375157447776596,1,12.034388096473094,0.0,33.56644535960295,11.0,20,7,2026-08-11 10:32:22
2023-11-14,1,0.2947133501885885,1,15.646511544273633,1.80667326492609,37.17856880740349,8.0,20,7,2026-08-11 10:32:22
2023-11-15,1,0.25662089899543955,1,12.752254708319231,0.0,34.284311971449085,10.0,20,7,2026-08-11 10:32:22
2023-11-16,1,0.25465248495320536,1,15.326600952502739,3.5578125983215205,38.117879825931105,12.0,20,7,2026-08-11 10:32:22
2023-11-17,1,0.2581747416456011,1,19.172343156621864,7.403554802440645,41.96362203005023,13.0,20,7,2026-08-11 10:32:22
2023-11-18,1,0.2597455280638516,1,16.426289572724226,4.657501218543008,39.21756844615259,8.0,20,7,2026-08-11 10:32:22
2023-11-19,1,0.2432318708970794,1,13.35959109475745,1.5908027405762315,36.150869968185816,21.0,20,7,2026-08-11 10:32:22
2023-11-20,1,0.26373463552280696,1,14.773172721236731,3.004384367055513,37.564451594665094,10.0,20,7,2026-08-11 10:32:22
2023-11-21,1,0.25217368173744736,1,15.822546425978313,4.053758071797095,38.61382529940668,12.0,20,7,2026-08-11 10:32:22
2023-11-22,1,0.26019439415055196,1,17.114749684489063,5.345961330307844,39.90602855791742,25.0,20,7,2026-08-11 10:32:22
2023-11-23,1,0.2253582003706546,1,11.093529922095447,0.0,32.2560175781835,6.0,20,7,2026-08-11 10:32:22
2023-11-24,1,0.2123374366601357,1,6.8543940762168125,0.0,28.016881732304867,10.0,20,7,2026-08-11 10:32:22
2023-11-25,1,0.22915477375436274,1,10.671076934216604,0.0,31.833564590304658,6.0,20,7,2026-08-11 10:32:22
2023-11-26,1,0.21774734755074787,1,10.185016367976122,0.0,31.347504024064175,7.0,20,7,2026-08-11 10:32:22
2023-11-27,1,0.2201270895354071,1,13.551991533483283,0.5849417085651165,34.714479189571335,6.0,20,7,2026-08-11 10:32:22
2023-11-28,1,0.23179984562207537,1,11.231566455460737,0.0,32.39405411154879,14.0,20,7,2026-08-11 10:32:22
2023-11-29,1,0.24338544447896107,1,17.422113480592532,4.4550636556743655,38.58460113668059,12.0,20,7,2026-08-11 10:32:22
2023-11-30,1,0.2749092152569283,1,16.88495106411653,5.344093460668784,38.87490028385601,24.0,20,7,2026-08-11 10:32:22
2023-12-01,1,0.22135497820569303,1,15.279278300269594,3.738420696821846,37.269227520009075,5.0,20,7,2026-08-11 10:32:22
2023-12-02,1,0.2208457221942306,1,8.99433739612409,0.0,30.984286615863567,4.0,20,7,2026-08-11 10:32:22
2023-12-03,1,0.21600239720889486,1,18.48410000854675,6.943242405099003,40.47404922828623,5.0,20,7,2026-08-11 10:32:22
2023-12-05,1,0.20550117588204497,1,13.503688614799843,1.9628310113520957,35.49363783453932,7.0,20,7,2026-08-11 10:32:22
2023-12-06,1,0.2098500353761573,1,17.98911393802198,6.448256334574232,39.97906315776146,10.0,20,7,2026-08-11 10:32:22
2023-12-07,1,0.207745017083764,1,19.747676087986317,8.178335672432661,41.73013882150259,26.0,20,7,2026-08-11 10:32:22
2023-12-08,1,0.22124018822174144,1,12.792663247755724,1.2233228322020686,34.775125981272005,10.0,20,7,2026-08-11 10:32:22
2023-12-09,1,0.21549433792607114,1,13.201936939813573,1.6325965242599167,35.18439967332985,12.0,20,7,2026-08-11 10:32:22
2023-12-10,1,0.21024618094312625,1,17.890156850111236,6.32081643455758,39.87261958362751,10.0,20,7,2026-08-11 10:32:22
2023-12-11,1,0.21589466701572516,1,11.648012090869328,0.07867167531567176,33.63047482438561,20.0,20,7,2026-08-11 10:32:22
2023-12-12,1,0.2167305486333362,1,11.011903375872263,0.0,32.994366109388544,7.0,20,7,2026-08-11 10:32:22
2023-12-13,1,0.20758615324278598,1,9.831706429743418,0.0,31.8141691632597,9.0,20,7,2026-08-11 10:32:22
2023-12-14,1,0.2162651033259861,1,13.046630216195927,1.4772898006422714,35.02909294971221,12.0,20,7,2026-08-11 10:32:22
2023-12-15,1,0.2222901761343969,1,14.138724683253908,1.755614166110096,34.24437947342629,27.0,20,7,2026-08-11 10:32:22
2023-12-17,1,0.1415483562323705,1,9.553435993286884,0.0,29.659090783459263,6.0,20,7,2026-08-11 10:32:22
2023-12-18,1,0.1761586131302389,1,13.976149613935975,1.5930390967921628,34.081804404108354,4.0,20,7,2026-08-11 10:32:22
2023-12-19,1,0.19193355537867024,1,10.901322401693937,0.0,31.00697719186632,8.0,20,7,2026-08-11 10:32:22
2023-12-20,1,0.17922749131300456,1,10.42921191193183,0.0,30.53486670210421,8.0,20,7,2026-08-11 10:32:22
2023-12-21,1,0.22010964217637488,1,14.745450296673367,2.362339779529554,34.85110508684575,9.0,20,7,2026-08-11 10:32:22
2023-12-22,1,0.22960398551250139,1,18.590332835279263,5.998023484204902,39.417801263254226,7.0,20,7,2026-08-11 10:32:22
2023-12-23,1,0.20899001509387077,1,10.652563883748396,0.0,31.48003231172336,22.0,20,7,2026-08-11 10:32:22
2023-12-24,1,0.23174465104439912,1,17.120182314419825,4.527872963345464,37.947650742394785,2.0,20,7,2026-08-11 10:32:22
2023-12-25,1,0.2148554702470185,1,12.225821718533423,0.0,33.05329014650839,8.0,20,7,2026-08-11 10:32:22
2023-12-26,1,0.20635642049187447,1,12.839087904673596,0.24677855359923484,33.66655633264856,10.0,20,7,2026-08-11 10:32:22
2023-12-27,1,0.22789554797445433,1,15.624217113965983,3.0319077628916222,36.45168554194095,9.0,20,7,2026-08-11 10:32:22
2023-12-28,1,0.23131439729158826,1,16.242113788548444,3.6498044374740832,37.06958221652341,22.0,20,7,2026-08-11 10:32:22
2023-12-29,1,0.21742462849699995,1,11.319381419013991,0.0,32.14684984698896,7.0,20,7,2026-08-11 10:32:22
2023-12-30,1,0.21310122937483017,1,12.266088741904074,1.0151133072530811,34.0451105242575,3.0,20,7,2026-08-11 10:32:22
2023-12-31,1,0.2080108100942691,1,10.787912888907108,0.0,32.56693467126054,4.0,20,7,2026-08-11 10:32:22
2024-01-01,1,0.2086861066321206,1,11.133929391035768,0.0,32.912951173389196,4.0,20,7,2026-08-11 10:32:22
2024-01-02,1,0.21564353594987545,1,14.683939857077887,3.4329644224268936,36.46296163943131,9.0,20,7,2026-08-11 10:32:22
2024-01-03,1,0.22394466174935188,1,27.634377420409237,16.383401985758244,49.41339920276266,6.0,20,7,2026-08-11 10:32:22
2024-01-04,1,0.2180264473664589,1,13.853502240714493,2.6025268060634996,35.63252402306792,8.0,20,7,2026-08-11 10:32:22
2024-01-05,1,0.22074807215254602,1,14.796484536803252,3.545509102152259,36.57550631915668,13.0,20,7,2026-08-11 10:32:22
2024-01-06,1,0.2270922830704029,1,14.48695861285613,1.9913722467073782,37.51958749359222,8.0,20,7,2026-08-11 10:32:22
2024-01-07,1,0.2221402202426158,1,10.371348370642053,0.0,33.403977251378144,9.0,20,7,2026-08-11 10:32:22
2024-01-08,1,0.23899685213455996,1,22.203861533660813,9.708275167512062,45.236490414396904,10.0,20,7,2026-08-11 10:32:22
2024-01-09,1,0.25368018250663793,1,21.50363848942161,9.00805212327286,44.5362673701577,8.0,20,7,2026-08-11 10:32:22
2024-01-10,1,0.2462953761965523,1,13.138773015233998,0.643186649085246,36.17140189597009,15.0,20,7,2026-08-11 10:32:22
2024-01-15,1,0.18991100752157294,1,7.153338237225726,0.0,29.146001688994733,15.0,20,7,2026-08-11 10:32:22
2024-01-16,1,0.19733701715555113,1,11.667609760766863,0.0,33.66027321253587,9.0,20,7,2026-08-11 10:32:22
2024-01-17,1,0.22376944062781878,1,9.51540196539086,0.0,31.50806541715987,24.0,20,7,2026-08-11 10:32:22
2024-01-18,1,0.17687058289818286,1,7.341397583376179,0.0,29.334061035145186,12.0,20,7,2026-08-11 10:32:22
2024-01-19,1,0.19291266025079207,1,9.065547803555836,0.0,31.058211255324842,10.0,20,7,2026-08-11 10:32:22
2024-01-20,1,0.19628629453288512,1,7.6055432694636185,0.0,29.59820672123263,3.0,20,7,2026-08-11 10:32:22
2024-01-21,1,0.18449248996608678,1,5.44970361633887,0.0,27.442367068107878,4.0,20,7,2026-08-11 10:32:22
2024-01-22,1,0.18866740940380966,1,7.657592400521134,0.0,29.650255852290144,7.0,20,7,2026-08-11 10:32:22
2024-01-23,1,0.18110685528630374,1,5.719596861565113,0.0,27.71226031333412,7.0,20,7,2026-08-11 10:32:22
2024-01-24,1,0.1859624352260417,1,6.5294105166570935,0.0,29.62345576798572,18.0,20,7,2026-08-11 10:32:22
2024-01-25,1,0.20983289078791523,1,14.39265376693024,2.2363378762163872,37.48669901825887,10.0,20,7,2026-08-11 10:32:22
2024-01-26,1,0.2207070048173584,1,13.232115013924167,1.0757991232103148,36.326160265252796,33.0,20,7,2026-08-11 10:32:22
2024-01-27,1,0.20599863742109426,1,8.704074844785088,0.0,31.798120096113713,9.0,20,7,2026-08-11 10:32:22
2024-01-28,1,0.22701159132811063,1,9.010495658807766,0.0,32.10454091013639,7.0,20,7,2026-08-11 10:32:22
2024-01-29,1,0.20732494250523298,1,6.41501172450372,0.0,29.509056975832348,9.0,20,7,2026-08-11 10:32:22
2024-01-30,1,0.2220665317186808,1,8.835500663062252,0.0,31.92954591439088,7.0,20,7,2026-08-11 10:32:22
2024-01-31,1,0.19598661775273624,1,7.389393554715527,0.0,28.493933570550013,33.0,20,7,2026-08-11 10:32:22
2024-02-01,1,0.21598535803211186,1,11.324925615218723,0.0,32.429465631053205,8.0,20,7,2026-08-11 10:32:22
2024-02-02,1,0.17711708622940966,1,5.764851274786646,0.0,26.86939129062113,10.0,20,7,2026-08-11 10:32:22
2024-02-03,1,0.2285168194276107,1,9.704089795799613,0.0,30.8086298116341,7.0,20,7,2026-08-11 10:32:22
2024-02-04,1,0.21311343499184984,1,8.13724805756203,0.0,29.241788073396513,2.0,20,7,2026-08-11 10:32:22
2024-02-05,1,0.15303338538694697,1,8.702065137340167,0.0,29.80660515317465,25.0,20,7,2026-08-11 10:32:22
2024-02-06,1,0.1817675343668177,1,9.005574709155955,0.0,30.11011472499044,9.0,20,7,2026-08-11 10:32:22
2024-02-07,1,0.15047847652293742,1,8.903137782358801,0.0,28.827208275670586,0.0,20,7,2026-08-11 10:32:22
2024-02-08,1,0.09953741299883992,1,8.71835049985373,0.0,28.642420993165516,7.0,20,7,2026-08-11 10:32:22
2024-02-09,1,0.09908657389576127,1,5.153481865636764,0.0,25.077552358948548,5.0,20,7,2026-08-11 10:32:22
2024-02-10,1,0.15655956036749394,1,9.203529159785163,0.0,29.127599653096947,6.0,20,7,2026-08-11 10:32:22
2024-02-11,1,0.14325439570171927,1,11.61736833552966,0.0,31.541438828841443,2.0,20,7,2026-08-11 10:32:22
2024-02-12,1,0.11668804266385296,1,6.205339440767599,0.0,26.129409934079384,2.0,20,7,2026-08-11 10:32:22
2024-02-13,1,0.09799022522328937,1,7.70363775619895,0.0,27.627708249510736,4.0,20,7,2026-08-11 10:32:22
2024-02-14,1,0.11192926374625842,1,5.475350120735118,0.0,27.598261614309816,21.0,20,7,2026-08-11 10:32:22
2024-02-15,1,0.18967583930756465,1,14.431101686236474,2.3854615493679674,36.55401317981117,8.0,20,7,2026-08-11 10:32:22
2024-02-16,1,0.16599167852821065,1,14.339341104150341,2.2937009672818345,36.46225259772504,7.0,20,7,2026-08-11 10:32:22
2024-02-17,1,0.14021672440586658,1,7.134781509398168,0.0,29.257693002972864,7.0,20,7,2026-08-11 10:32:22
2024-02-18,1,0.14294588810564463,1,6.843693104155059,0.0,28.966604597729756,7.0,20,7,2026-08-11 10:32:22
2024-02-19,1,0.2051229077414065,1,14.761562896587966,2.7159227597194597,36.884474390162666,24.0,20,7,2026-08-11 10:32:22
2024-02-20,1,0.17859063033158318,1,12.893959397932468,0.8483192610639616,35.01687089150717,10.0,20,7,2026-08-11 10:32:22
2024-02-21,1,0.1668233642505917,1,7.682467024186393,0.0,27.84239901262859,11.0,20,7,2026-08-11 10:32:22
2024-02-22,1,0.1908636379306905,1,12.773562777602413,0.0,32.93349476604461,11.0,20,7,2026-08-11 10:32:22
2024-02-23,1,0.21085945917546947,1,10.490301721737776,0.0,30.650233710179972,9.0,20,7,2026-08-11 10:32:22
2024-02-24,1,0.19765921120422844,1,9.925364945665061,0.0,30.085296934107255,4.0,20,7,2026-08-11 10:32:22
2024-02-25,1,0.16722577618555962,1,7.1418120840957915,0.0,27.301744072537986,11.0,20,7,2026-08-11 10:32:22
2024-02-26,1,0.16538370866119378,1,10.285161455673023,0.0,30.44509344411522,10.0,20,7,2026-08-11 10:32:22
2024-02-27,1,0.2084487244424931,1,11.829605338416796,0.0,31.989537326858994,15.0,20,7,2026-08-11 10:32:22
2024-02-28,1,0.21489288285360628,1,18.56762192704025,5.534681990460436,39.02145039315759,19.0,20,7,2026-08-11 10:32:22
2024-02-29,1,0.2111218512727341,1,12.488405105415428,0.0,32.94223357153277,10.0,20,7,2026-08-11 10:32:22
2024-03-01,1,0.20775170344255417,1,12.471084596717622,0.0,32.92491306283497,9.0,20,7,2026-08-11 10:32:22
2024-03-02,1,0.20411425434084413,1,11.264925228670004,0.0,31.718753694787345,21.0,20,7,2026-08-11 10:32:22
2024-03-03,1,0.16590470561827694,1,7.378246005860055,0.0,27.8320744719774,16.0,20,7,2026-08-11 10:32:22
2024-03-04,1,0.19763883768689225,1,10.927507719698893,0.0,31.381336185816238,12.0,20,7,2026-08-11 10:32:22
2024-03-05,1,0.19888450761344043,1,10.091188126209078,0.0,30.54501659232642,14.0,20,7,2026-08-11 10:32:22
2024-03-06,1,0.18422497014338923,1,12.573182610067967,0.0,34.191499549211315,8.0,20,7,2026-08-11 10:32:22
2024-03-07,1,0.2037608154857239,1,11.586531129961829,0.0,33.204848069105175,9.0,20,7,2026-08-11 10:32:22
2024-03-08,1,0.20084773198150302,1,13.065706877427893,0.0,34.68402381657124,9.0,20,7,2026-08-11 10:32:22
2024-03-09,1,0.1955769133925885,1,11.274273145864349,0.0,32.8925900850077,7.0,20,7,2026-08-11 10:32:22
2024-03-10,1,0.19385049781704394,1,12.17291582278405,0.0,33.7912327619274,8.0,20,7,2026-08-11 10:32:22
2024-03-11,1,0.1865425584991608,1,14.35909250977381,0.1979262659213763,35.97740944891716,2.0,20,7,2026-08-11 10:32:22
2024-03-12,1,0.19378733908521725,1,11.815974572399794,0.0,33.43429151154314,10.0,20,7,2026-08-11 10:32:22
2024-03-13,1,0.1827886542479998,1,9.845002968086298,0.0,30.547665788233147,26.0,20,7,2026-08-11 10:32:22
2024-03-14,1,0.18319359201018817,1,11.641881243260663,0.0,32.34454406340751,11.0,20,7,2026-08-11 10:32:22
2024-03-15,1,0.18223306272273432,1,15.427289883310266,2.5999834585329786,36.129952703457114,10.0,20,7,2026-08-11 10:32:22
2024-03-16,1,0.1834930190733817,1,10.828339183134835,0.0,31.531002003281685,4.0,20,7,2026-08-11 10:32:22
2024-03-17,1,0.1817432124096165,1,9.161190164580677,0.0,29.863852984727526,9.0,20,7,2026-08-11 10:32:22
2024-03-18,1,0.1804771226973074,1,10.268457416915762,0.0,30.97112023706261,9.0,20,7,2026-08-11 10:32:22
2024-03-19,1,0.18161507346422276,1,12.494422311821136,0.0,33.19708513196798,15.0,20,7,2026-08-11 10:32:22
2024-03-20,1,0.1832962042173823,1,10.127370878692178,0.0,30.00090061772255,32.0,20,7,2026-08-11 10:32:22
2024-03-21,1,0.18168358950296587,1,10.052889230834332,0.0,29.926418969864706,36.0,20,7,2026-08-11 10:32:22
2024-03-22,1,0.17976962818735784,1,20.66413777900977,8.713724130766714,40.537667518040145,13.0,20,7,2026-08-11 10:32:22
2024-03-23,1,0.17964100596314067,1,15.274965838236904,3.324552189993847,35.148495577267276,6.0,20,7,2026-08-11 10:32:22
2024-03-24,1,0.18334621475310148,1,7.962654726655591,0.0,27.836184465685967,5.0,20,7,2026-08-11 10:32:22
2024-03-25,1,0.18354272352348555,1,10.74612056824972,0.0,30.619650307280097,13.0,20,7,2026-08-11 10:32:22
2024-03-26,1,0.1745119251002717,1,12.6324853148955,0.682071666652444,32.50601505392588,9.0,20,7,2026-08-11 10:32:22
2024-03-27,1,0.1795725006134966,1,9.251460380941644,0.0,30.148597730874464,20.0,20,7,2026-08-11 10:32:22
2024-03-28,1,0.20151704088536163,1,9.553713645220855,0.0,30.450850995153672,4.0,20,7,2026-08-11 10:32:22
2024-03-29,1,0.16831850456177233,1,7.83864179735252,0.0,28.73577914728534,8.0,20,7,2026-08-11 10:32:22
2024-03-30,1,0.1729595188971395,1,7.359436065372781,0.0,28.2565734153056,4.0,20,7,2026-08-11 10:32:22
2024-03-31,1,0.16328014184269957,1,7.648523816297367,0.0,28.545661166230186,0.0,20,7,2026-08-11 10:32:22
2024-04-01,1,0.15800006808471814,1,9.877375074558115,0.0,30.774512424490936,0.0,20,7,2026-08-11 10:32:22
2024-04-02,1,0.19589748564361148,1,6.897310948804557,0.0,27.794448298737375,6.0,20,7,2026-08-11 10:32:22
2024-04-03,1,0.12625879553603245,1,10.39376989882408,0.0,26.2510031543083,30.0,20,7,2026-08-11 10:32:22
2024-04-04,1,0.16732269201893127,1,20.311673055715715,7.4314783546186955,36.16890631119993,3.0,20,7,2026-08-11 10:32:22
2024-04-05,1,0.16319207888037468,1,9.275873269416989,0.0,25.13310652490121,0.0,20,7,2026-08-11 10:32:22
2024-04-06,1,0.15072462814789941,1,6.011149497239931,0.0,21.86838275272415,1.0,20,7,2026-08-11 10:32:22
2024-04-07,1,0.10456952814981622,1,4.685774630244969,0.0,20.54300788572919,0.0,20,7,2026-08-11 10:32:22
2024-04-08,1,0.12770387588115123,1,5.623145863877457,0.0,21.480379119361675,0.0,20,7,2026-08-11 10:32:22
2024-04-09,1,0.11290096179541405,1,5.693479950272085,0.0,21.550713205756303,7.0,20,7,2026-08-11 10:32:22
2024-04-10,1,0.15865826798540425,1,8.31684946284548,0.0,24.572834926532103,10.0,20,7,2026-08-11 10:32:22
2024-04-11,1,0.15778293250179587,1,14.539382449916925,1.659430190251431,30.795367913603545,14.0,20,7,2026-08-11 10:32:22
2024-04-12,1,0.15040106055493518,1,14.292977682211852,1.413025422546358,30.548963145898473,14.0,20,7,2026-08-11 10:32:22
2024-04-13,1,0.1539321243701647,1,12.703179094836482,0.0,28.959164558523103,16.0,20,7,2026-08-11 10:32:22
2024-04-14,1,0.15885324816762378,1,12.155568460039806,0.0,28.411553923726427,6.0,20,7,2026-08-11 10:32:22
2024-04-15,1,0.15797483852974792,1,9.221748867302967,0.0,25.477734330989588,18.0,20,7,2026-08-11 10:32:22
2024-04-16,1,0.15695866146331441,1,10.40540157182074,0.0,26.66138703550736,11.0,20,7,2026-08-11 10:32:22
2024-04-17,1,0.1476278038995066,1,17.887386229350685,4.256102108695142,33.16512241700628,10.0,20,7,2026-08-11 10:32:22
2024-04-18,1,0.1470275982990985,1,17.02879782572823,3.3975137050726865,32.306534013383825,18.0,20,7,2026-08-11 10:32:22
2024-04-19,1,0.14243642474672488,1,9.559357683567598,0.0,24.837093871223196,6.0,20,7,2026-08-11 10:32:22
2024-04-20,1,0.13817418528714545,1,7.6350262196024286,0.0,22.912762407258025,8.0,20,7,2026-08-11 10:32:22
2024-04-21,1,0.14087929850046615,1,9.457601152929353,0.0,24.735337340584948,21.0,20,7,2026-08-11 10:32:22
2024-04-22,1,0.13564477035882982,1,8.927498190896607,0.0,24.205234378552205,10.0,20,7,2026-08-11 10:32:22
2024-04-23,1,0.1419467693064891,1,12.287292945010718,0.0,27.565029132666314,2.0,20,7,2026-08-11 10:32:22
2024-04-24,1,0.13498053636220414,1,7.825930140543484,0.0,23.486618289228524,2.0,20,7,2026-08-11 10:32:22
2024-04-25,1,0.1349968623828926,1,7.233788687387249,0.0,22.89447683607229,10.0,20,7,2026-08-11 10:32:22
2024-04-26,1,0.13603922549836658,1,9.274984694423871,0.0,24.93567284310891,0.0,20,7,2026-08-11 10:32:22
2024-04-27,1,0.1315230650941434,1,5.6061659410273235,0.0,21.266854089712364,1.0,20,7,2026-08-11 10:32:22
2024-04-28,1,0.124969160207877,1,4.336139434834632,0.0,19.99682758351967,22.0,20,7,2026-08-11 10:32:22
2024-04-29,1,0.12707316315686654,1,13.016444223808694,1.5738976576299049,28.677132372493734,0.0,20,7,2026-08-11 10:32:22
2024-04-30,1,0.12690704504030456,1,6.45044378681485,0.0,22.11113193549989,7.0,20,7,2026-08-11 10:32:22
2024-05-01,1,0.12555383310374868,1,7.7107043094134395,0.0,22.078326935599648,0.0,20,7,2026-08-11 10:32:22
2024-05-02,1,0.10275944209370819,1,4.959457994974729,0.0,19.32708062116094,4.0,20,7,2026-08-11 10:32:22
2024-05-03,1,0.10281169293685949,1,3.4215251419720585,0.0,17.78914776815827,26.0,20,7,2026-08-11 10:32:22
2024-05-04,1,0.12164786639503325,1,8.261953302236227,0.0,22.629575928422437,9.0,20,7,2026-08-11 10:32:22
2024-05-05,1,0.12223304511514314,1,10.161564381300824,0.0,24.52918700748703,7.0,20,7,2026-08-11 10:32:22
2024-05-06,1,0.10230159922225095,1,7.462009429091464,0.0,21.829632055277674,3.0,20,7,2026-08-11 10:32:22
2024-05-07,1,0.1141694413757409,1,6.362600376059516,0.0,20.730223002245726,10.0,20,7,2026-08-11 10:32:22
2024-05-08,1,0.12858454182823395,1,7.093312716558931,0.0,19.765185997774854,16.0,20,7,2026-08-11 10:32:22
2024-05-09,1,0.13717234917781512,1,11.786708975026292,0.0,24.458582256242213,23.0,20,7,2026-08-11 10:32:22
2024-05-10,1,0.12555726193219935,1,9.358818822562235,0.0,22.030692103778158,6.0,20,7,2026-08-11 10:32:22
2024-05-11,1,0.12099977786479851,1,4.031407549903804,0.0,16.703280831119727,15.0,20,7,2026-08-11 10:32:22
2024-05-12,1,0.12894465836510197,1,10.138907798783258,0.0,22.81078107999918,11.0,20,7,2026-08-11 10:32:22
2024-05-13,1,0.13065901908351726,1,7.164548649182668,0.0,19.83642193039859,2.0,20,7,2026-08-11 10:32:22
2024-05-14,1,0.13252957713225946,1,8.736362314018317,0.0,21.40823559523424,10.0,20,7,2026-08-11 10:32:22
2024-05-15,1,0.12774578463926084,1,9.316959500384709,0.0,20.31668066707247,45.0,20,7,2026-08-11 10:32:22
2024-05-16,1,0.12779757207490627,1,10.186517934796935,0.0,21.186239101484695,27.0,20,7,2026-08-11 10:32:22
2024-05-17,1,0.127918980693665,1,23.455749323798106,7.712282692103884,34.455470490485865,8.0,20,7,2026-08-11 10:32:22
2024-05-18,1,0.12787130513386094,1,10.891990754698892,0.0,21.89171192138665,18.0,20,7,2026-08-11 10:32:22
2024-05-19,1,0.12778541838739432,1,10.226036424284175,0.0,21.225757590971934,7.0,20,7,2026-08-11 10:32:22
2024-05-20,1,0.12781563148099648,1,8.65126169501873,0.0,19.65098286170649,6.0,20,7,2026-08-11 10:32:22
2024-05-21,1,0.12777035773520817,1,10.406859962121715,0.0,21.406581128809474,0.0,20,7,2026-08-11 10:32:22
2024-05-22,1,0.13384358939496704,1,7.092484018345302,0.0,17.17002350629961,0.0,20,7,2026-08-11 10:32:22
2024-05-23,1,0.13348336048813733,1,8.14862387611838,0.0,18.22616336407269,1.0,20,7,2026-08-11 10:32:22
2024-05-24,1,0.13385950160413732,1,9.287161265388342,0.0,19.364700753342653,49.0,20,7,2026-08-11 10:32:22
2024-05-25,1,0.13258246426955297,1,25.152080414318675,9.131875817556772,35.22961990227299,62.0,20,7,2026-08-11 10:32:22
2024-05-26,1,0.13278874794868697,1,32.308785746708914,16.28858114994701,42.386325234663225,7.0,20,7,2026-08-11 10:32:22
2024-05-27,1,0.13338857311766927,1,23.55181503565872,7.531610438896816,33.62935452361303,21.0,20,7,2026-08-11 10:32:22
2024-05-28,1,0.13265382659177866,1,16.5817554999253,0.561550903163397,26.659294987879612,3.0,20,7,2026-08-11 10:32:22
2024-05-29,1,0.14456340268223386,1,6.732452131048664,0.0,18.700706836808948,38.0,20,7,2026-08-11 10:32:22
2024-05-30,1,0.1443625322112786,1,12.245610650677824,0.0,24.21386535643811,13.0,20,7,2026-08-11 10:32:22
2024-05-31,1,0.14653179541847972,1,9.10281125846062,0.0,21.071065964220907,9.0,20,7,2026-08-11 10:32:22
2024-06-01,1,0.14569431678362238,1,9.196435992613177,0.0,21.164690698373462,2.0,20,7,2026-08-11 10:32:22
2024-06-02,1,0.1426425257924445,1,5.985641412056013,0.0,17.9538961178163,0.0,20,7,2026-08-11 10:32:22
2024-06-03,1,0.14090308601213658,1,7.386868320194888,0.0,19.355123025955173,19.0,20,7,2026-08-11 10:32:22
2024-06-04,1,0.1444852302890289,1,10.608160077482736,0.0,22.576414783243024,26.0,20,7,2026-08-11 10:32:22
2024-06-05,1,0.14252940409728376,1,11.568479969955902,0.0,26.00419708309671,1.0,20,7,2026-08-11 10:32:22
2024-06-06,1,0.1391793663298819,1,7.1777514326837295,0.0,21.61346854582454,6.0,20,7,2026-08-11 10:32:22
2024-06-07,1,0.1433386197418331,1,7.824563811155219,0.0,22.260280924296026,13.0,20,7,2026-08-11 10:32:22
2024-06-08,1,0.13282591788565792,1,7.3404718113176655,0.0,21.776188924458474,9.0,20,7,2026-08-11 10:32:22
2024-06-09,1,0.13793428270171135,1,8.287544685883136,0.0,22.723261799023945,9.0,20,7,2026-08-11 10:32:22
2024-06-10,1,0.13485221777840292,1,11.508849181776592,0.0,25.9445662949174,11.0,20,7,2026-08-11 10:32:22
2024-06-11,1,0.1259044369420321,1,19.18014721686629,3.4257073724592892,33.6158643300071,13.0,20,7,2026-08-11 10:32:22
2024-06-12,1,0.15082984708600622,1,15.567238683484112,0.0,30.978076890979473,23.0,20,7,2026-08-11 10:32:22
2024-06-13,1,0.1302273387709051,1,13.959938131784767,0.0,29.370776339280127,8.0,20,7,2026-08-11 10:32:22
2024-06-14,1,0.15761893987408918,1,9.93332117365346,0.0,25.34415938114882,12.0,20,7,2026-08-11 10:32:22
2024-06-15,1,0.14340696468443606,1,10.396480162782147,0.0,25.807318370277507,6.0,20,7,2026-08-11 10:32:22
2024-06-16,1,0.13324582172024885,1,12.287751480728096,0.0,27.698589688223457,2.0,20,7,2026-08-11 10:32:22
2024-06-17,1,0.138042704586925,1,10.184311368299518,0.0,25.595149575794878,20.0,20,7,2026-08-11 10:32:22
2024-06-18,1,0.15285706404917693,1,12.245815442528215,0.0,27.65665365002358,18.0,20,7,2026-08-11 10:32:22
2024-06-19,1,0.15687645514397222,1,11.146602653583244,0.0,25.805716044543672,11.0,20,7,2026-08-11 10:32:22
2024-06-20,1,0.1346097537881337,1,17.898050987227464,1.6368762430143988,32.55716437818789,36.0,20,7,2026-08-11 10:32:22
2024-06-21,1,0.14500887597787682,1,10.529792947374135,0.0,25.188906338334565,41.0,20,7,2026-08-11 10:32:22
2024-06-22,1,0.1644664556204199,1,11.601079565241564,0.0,26.260192956201994,15.0,20,7,2026-08-11 10:32:22
2024-06-23,1,0.159024364976687,1,12.831441966736493,0.0,27.490555357696923,23.0,20,7,2026-08-11 10:32:22
2024-06-24,1,0.12302711389524328,1,11.378910289510257,0.0,26.038023680470687,17.0,20,7,2026-08-11 10:32:22
2024-06-25,1,0.13445843745461358,1,13.320306915410578,0.0,27.979420306371008,18.0,20,7,2026-08-11 10:32:22
2024-06-26,1,0.12487065085111998,1,12.833634388984649,0.0,28.54154554124245,35.0,20,7,2026-08-11 10:32:22
2024-06-27,1,0.1345582558918274,1,13.579347879804573,0.0,29.287259032062373,18.0,20,7,2026-08-11 10:32:22
2024-06-28,1,0.1611805004517863,1,11.73790666040874,0.0,27.44581781266654,23.0,20,7,2026-08-11 10:32:22
2024-06-29,1,0.15327390998181412,1,13.945852549412978,0.0,29.653763701670776,5.0,20,7,2026-08-11 10:32:22
2024-06-30,1,0.16982997035415728,1,10.880618579477872,0.0,26.58852973173567,5.0,20,7,2026-08-11 10:32:22
2024-07-01,1,0.17987257490078523,1,10.631012475499638,0.0,26.33892362775744,13.0,20,7,2026-08-11 10:32:22
2024-07-02,1,0.13804397960407086,1,12.187270849872151,0.0,27.89518200212995,22.0,20,7,2026-08-11 10:32:22
2024-07-03,1,0.13919142729038156,1,18.40320662922676,4.346962519152404,36.80251820643437,30.0,20,7,2026-08-11 10:32:22
2024-07-04,1,0.13625442613266087,1,17.220757417821023,3.1645133077466685,35.62006899502864,36.0,20,7,2026-08-11 10:32:22
2024-07-05,1,0.14178874193566193,1,21.498321089493505,7.44207697941915,39.89763266670112,30.0,20,7,2026-08-11 10:32:22
2024-07-06,1,0.12217087762292882,1,19.422141737591836,5.365897627517482,37.821453314799456,15.0,20,7,2026-08-11 10:32:22
2024-07-07,1,0.13761992830104097,1,16.63655336492621,2.5803092548518567,35.03586494213383,14.0,20,7,2026-08-11 10:32:22
2024-07-08,1,0.1486913555550871,1,14.826795590888402,0.7705514808140475,33.22610716809602,15.0,20,7,2026-08-11 10:32:22
2024-07-09,1,0.14368947383606862,1,17.13444642676604,3.0782023166916854,35.53375800397366,35.0,20,7,2026-08-11 10:32:22
2024-07-10,1,0.13837657682300467,1,17.79740933444658,4.057651011354491,37.13611800400945,66.0,20,7,2026-08-11 10:32:22
2024-07-11,1,0.14124921410156233,1,25.29142444125378,11.551666118161691,44.63013311081665,18.0,20,7,2026-08-11 10:32:22
2024-07-12,1,0.14167152519762882,1,17.896078964948053,4.156320641855963,37.23478763451092,30.0,20,7,2026-08-11 10:32:22
2024-07-13,1,0.1435051113481696,1,13.975188511158176,0.2354301880660863,33.31389718072104,16.0,20,7,2026-08-11 10:32:22
2024-07-14,1,0.16537072252877538,1,16.17865376384227,2.43889544075018,35.51736243340514,10.0,20,7,2026-08-11 10:32:22
2024-07-15,1,0.1518627808787937,1,11.953514366268475,0.0,31.292223035831345,18.0,20,7,2026-08-11 10:32:22
2024-07-16,1,0.15255751484489147,1,12.568947728197296,0.0,31.907656397760164,20.0,20,7,2026-08-11 10:32:22
2024-07-17,1,0.16878554044148247,1,15.407636162889055,2.063503945951629,35.546849979059004,20.0,20,7,2026-08-11 10:32:22
2024-07-18,1,0.1410667007968561,1,17.274283630500115,3.9301514135626885,37.413497446670064,17.0,20,7,2026-08-11 10:32:22
2024-07-19,1,0.14713892165360043,1,17.868377861358837,4.524245644421411,38.00759167752879,22.0,20,7,2026-08-11 10:32:22
2024-07-20,1,0.15511342204430473,1,14.38071007896531,1.0365778620278832,34.51992389513526,22.0,20,7,2026-08-11 10:32:22
2024-07-21,1,0.16391450593336157,1,15.664101024155347,2.3199688072179203,35.8033148403253,12.0,20,7,2026-08-11 10:32:22
2024-07-22,1,0.15384771821091076,1,11.771141236074607,0.0,31.910355052244554,18.0,20,7,2026-08-11 10:32:22
2024-07-23,1,0.16483969201017343,1,13.905315741530048,0.5611835245926216,34.044529557699995,22.0,20,7,2026-08-11 10:32:22
2024-07-24,1,0.16584845477145974,1,19.335656380929215,5.44988753886369,39.74772383338957,0.0,20,7,2026-08-11 10:32:22
2024-07-25,1,0.20328785930171783,1,11.316780845466926,0.0,31.72884829792728,0.0,20,7,2026-08-11 10:32:22
2024-07-26,1,0.21966938312657772,1,10.096701378448707,0.0,30.50876883090906,0.0,20,7,2026-08-11 10:32:22
2024-07-27,1,0.21603857319258754,1,8.400150254264162,0.0,28.812217706724514,0.0,20,7,2026-08-11 10:32:22
2024-07-28,1,0.19734618218131592,1,11.455648025813288,0.0,31.867715478273638,18.0,20,7,2026-08-11 10:32:22
2024-07-29,1,0.1909434752101857,1,18.656101871335185,4.7703330292696595,39.06816932379554,14.0,20,7,2026-08-11 10:32:22
2024-07-30,1,0.1822746075323268,1,23.132893808369328,9.247124966303803,43.54496126082968,25.0,20,7,2026-08-11 10:32:22
2024-08-01,1,0.23561058455713085,1,9.734044684390891,0.0,30.835219559958777,17.0,20,7,2026-08-11 10:32:22
2024-08-02,1,0.22752529610701028,1,10.59240045572972,0.0,31.693575331297605,18.0,20,7,2026-08-11 10:32:22
2024-08-03,1,0.21380205023479965,1,14.578825658763217,1.495177923353463,35.6800005343311,36.0,20,7,2026-08-11 10:32:22
2024-08-04,1,0.22805292649373107,1,12.55034269762651,0.0,33.6515175731944,9.0,20,7,2026-08-11 10:32:22
2024-08-05,1,0.2236998374591051,1,12.228732806209926,0.0,33.32990768177781,12.0,20,7,2026-08-11 10:32:22
2024-08-06,1,0.22127679894477081,1,16.31127711425966,3.2276293788499064,37.412451989827545,36.0,20,7,2026-08-11 10:32:22
2024-08-07,1,0.21685946691841493,1,11.470385139383879,0.0,32.64476212532965,27.0,20,7,2026-08-11 10:32:22
2024-08-08,1,0.21622609008071847,1,20.320303633518293,7.592131240425601,41.49468061946406,18.0,20,7,2026-08-11 10:32:22
2024-08-09,1,0.21666706681992548,1,13.320098130470836,0.5919257373781441,34.49447511641661,28.0,20,7,2026-08-11 10:32:22
2024-08-10,1,0.21726025477501296,1,9.164598726415434,0.0,30.338975712361208,8.0,20,7,2026-08-11 10:32:22
2024-08-11,1,0.21735423516460137,1,9.6801557453726,0.0,30.854532731318372,9.0,20,7,2026-08-11 10:32:22
2024-08-12,1,0.21686723598320834,1,12.494407685015702,0.0,33.66878467096147,15.0,20,7,2026-08-11 10:32:22
2024-08-13,1,0.21565640313797343,1,12.842512087521534,0.11433969442884262,34.01688907346731,27.0,20,7,2026-08-11 10:32:22
2024-08-14,1,0.21498871548865178,1,17.052986420327755,4.324814027235064,38.227363406273525,6.0,20,7,2026-08-11 10:32:22
2024-08-15,1,0.23098621848147088,1,10.48679717869925,0.0,33.33278441124586,13.0,20,7,2026-08-11 10:32:22
2024-08-16,1,0.24918948426305318,1,14.219275144537487,1.4966511342312359,37.065262377084096,13.0,20,7,2026-08-11 10:32:22
2024-08-17,1,0.24797903841356128,1,16.053890792989886,3.3312667826836346,38.899878025536495,7.0,20,7,2026-08-11 10:32:22
2024-08-18,1,0.23829699603904747,1,13.223156561180561,0.5005325508743095,36.06914379372717,8.0,20,7,2026-08-11 10:32:22
2024-08-19,1,0.2513104364484022,1,13.477791282131129,0.7551672718248774,36.32377851467774,5.0,20,7,2026-08-11 10:32:22
2024-08-20,1,0.22989831339723754,1,13.865799716067674,1.143175705761422,36.71178694861428,11.0,20,7,2026-08-11 10:32:22
2024-08-21,1,0.2495672554332261,1,23.741009785762408,11.018385775456156,46.58699701830902,8.0,20,7,2026-08-11 10:32:22
2024-08-22,1,0.2612737706549627,1,15.3606298731476,2.784007840511144,37.451808174737906,41.0,20,7,2026-08-11 10:32:22
2024-08-23,1,0.26871369229569425,1,18.642891324423637,6.066269291787181,40.73406962601395,38.0,20,7,2026-08-11 10:32:22
2024-08-24,1,0.23514608674007498,1,12.508947622824046,0.0,34.60012592441436,12.0,20,7,2026-08-11 10:32:22
2024-08-25,1,0.2528566957093325,1,16.126115128831117,3.549493096194661,38.21729343042142,12.0,20,7,2026-08-11 10:32:22
2024-08-26,1,0.2496862087159956,1,16.034205231300426,3.4575831986639702,38.12538353289074,15.0,20,7,2026-08-11 10:32:22
2024-08-27,1,0.2736748676355865,1,21.89608260890892,9.319460576272464,43.98726091049923,30.0,20,7,2026-08-11 10:32:22
2024-08-28,1,0.2390900136639769,1,15.074858155306922,2.498236122670466,37.16603645689723,13.0,20,7,2026-08-11 10:32:22
2024-08-29,1,0.23195419751114446,1,13.548386700176046,0.8280546360001395,34.310061564671614,25.0,20,7,2026-08-11 10:32:22
2024-08-30,1,0.2333134437967788,1,20.103202721403704,7.382870657227798,40.864877585899265,30.0,20,7,2026-08-11 10:32:22
2024-08-31,1,0.2349457826771319,1,12.24108605636186,0.0,33.002760920857426,10.0,20,7,2026-08-11 10:32:22
2024-09-01,1,0.23467563734987587,1,10.878079156471621,0.0,31.639754020967185,22.0,20,7,2026-08-11 10:32:22
2024-09-02,1,0.23398275658565043,1,11.488093188773256,0.0,32.249768053268824,20.0,20,7,2026-08-11 10:32:22
2024-09-03,1,0.2323943815369724,1,12.001202467863196,0.0,32.76287733235876,23.0,20,7,2026-08-11 10:32:22
2024-09-04,1,0.2300008971545505,1,22.19554734418599,9.475215280010083,42.95722220868156,20.0,20,7,2026-08-11 10:32:22
2024-09-05,1,0.3204283932531601,1,16.416700939231617,3.9175776677823766,40.302919758365874,16.0,20,7,2026-08-11 10:32:22
2024-09-06,1,0.31147357593975916,1,16.15829869647921,3.6591754250299697,40.04451751561347,13.0,20,7,2026-08-11 10:32:22
2024-09-07,1,0.29496511330046304,1,13.563660978152992,1.0645377067037511,37.44987979728725,25.0,20,7,2026-08-11 10:32:22
2024-09-08,1,0.23800154445980543,1,11.003238314532627,0.0,34.88945713366689,21.0,20,7,2026-08-11 10:32:22
2024-09-09,1,0.27391377548910034,1,13.342768065374354,0.8436447939251135,37.228986884508615,13.0,20,7,2026-08-11 10:32:22
2024-09-10,1,0.2973640401926663,1,14.715730838672203,2.2166075672229617,38.601949657806465,12.0,20,7,2026-08-11 10:32:22
2024-09-11,1,0.3141362617985099,1,15.172658921001958,2.6735356495527167,39.05887774013622,15.0,20,7,2026-08-11 10:32:22
2024-09-12,1,0.2939075438528828,1,19.48411053313118,6.575782822157491,42.26411561944468,12.0,20,7,2026-08-11 10:32:22
2024-09-13,1,0.2858549484360489,1,11.578333596840574,0.0,34.35833868315408,11.0,20,7,2026-08-11 10:32:22
2024-09-14,1,0.2876932939193494,1,13.322216657366608,0.4138889463929196,36.10222174368011,10.0,20,7,2026-08-11 10:32:22
2024-09-15,1,0.2899329868772625,1,12.522151088592361,0.0,35.30215617490587,13.0,20,7,2026-08-11 10:32:22
2024-09-16,1,0.28931879385636966,1,13.169670716490387,0.2613430055166983,35.949675802803895,10.0,20,7,2026-08-11 10:32:22
2024-09-17,1,0.29416905233681695,1,15.49473935633961,2.5864116453659207,38.274744442653116,12.0,20,7,2026-08-11 10:32:22
2024-09-18,1,0.2958176081147105,1,19.06516944160359,6.1568417306299015,41.845174527917095,30.0,20,7,2026-08-11 10:32:22
2024-09-19,1,0.31113887692775666,1,15.458817214141423,3.3873849052231666,37.57203055140168,9.0,20,7,2026-08-11 10:32:22
2024-09-20,1,0.28804213617074603,1,10.852999031722597,0.0,32.96621236898286,13.0,20,7,2026-08-11 10:32:22
2024-09-21,1,0.2938148526116608,1,17.502240841025245,5.4308085321069886,39.6154541782855,12.0,20,7,2026-08-11 10:32:22
2024-09-22,1,0.32182081612316893,1,19.998605542050015,7.927173233131759,42.11181887931028,5.0,20,7,2026-08-11 10:32:22
2024-09-23,1,0.30407819999795166,1,9.81021666769176,0.0,31.923430004952024,13.0,20,7,2026-08-11 10:32:22
2024-09-24,1,0.29994575636670756,1,16.491693256213175,4.420260947294919,38.60490659347344,16.0,20,7,2026-08-11 10:32:22
2024-09-25,1,0.33567404699996883,1,20.120843986341477,8.04941167742322,42.23405732360174,11.0,20,7,2026-08-11 10:32:22
2024-09-26,1,0.35079574140614667,1,20.91625272687151,8.668051017968542,43.43868107018144,11.0,20,7,2026-08-11 10:32:22
2024-09-27,1,0.3420374205962991,1,15.63689844969445,3.3886967407914828,38.15932679300438,16.0,20,7,2026-08-11 10:32:22
2024-09-28,1,0.3492959377294544,1,18.41590220755459,6.167700498651625,40.93833055086452,11.0,20,7,2026-08-11 10:32:22
2024-09-29,1,0.3417681738627711,1,19.401923334843953,7.153721625940987,41.92435167815388,9.0,20,7,2026-08-11 10:32:22
2024-09-30,1,0.3188429484215807,1,16.236624565305785,3.988422856402819,38.759052908615715,12.0,20,7,2026-08-11 10:32:22
2024-10-01,1,0.3383102097136574,1,20.802201015977463,8.553999307074497,43.32462935928739,9.0,20,7,2026-08-11 10:32:22
2024-10-02,1,0.33442537166970926,1,15.889106465151903,3.6409047562489363,38.41153480846183,4.0,20,7,2026-08-11 10:32:22
2024-10-03,1,0.24206184462405675,1,12.566989589915956,0.8177793082503264,34.73612856861402,10.0,20,7,2026-08-11 10:32:22
2024-10-04,1,0.31478021726008876,1,17.07449272583975,5.325282444174121,39.24363170453781,4.0,20,7,2026-08-11 10:32:22
2024-10-05,1,0.27911021603792535,1,14.325219789204832,2.5760095075392027,36.494358767902895,7.0,20,7,2026-08-11 10:32:22
2024-10-06,1,0.29714050148701004,1,16.031274282492863,4.2820640008272335,38.200413261190924,5.0,20,7,2026-08-11 10:32:22
2024-10-07,1,0.26728414538944917,1,15.179430063042973,3.4302197813773443,37.34856904174104,3.0,20,7,2026-08-11 10:32:22
2024-10-08,1,0.28535281823703196,1,13.979256234081776,2.2300459524161464,36.14839521277984,0.0,20,7,2026-08-11 10:32:22
2024-10-09,1,0.23578366907694995,1,10.260434509844647,0.0,32.42957348854271,6.0,20,7,2026-08-11 10:32:22
2024-10-10,1,0.2813045380338555,1,13.895445691004031,2.442806972247073,36.19079859899308,4.0,20,7,2026-08-11 10:32:22
2024-10-11,1,0.2925985437683996,1,16.972190238734715,5.519551519977757,39.26754314672376,24.0,20,7,2026-08-11 10:32:22
2024-10-12,1,0.26072444529557487,1,9.7647069993138,0.0,32.06005990730284,11.0,20,7,2026-08-11 10:32:22
2024-10-13,1,0.24064171231925227,1,17.563941529217164,6.111302810460206,39.85929443720621,25.0,20,7,2026-08-11 10:32:22
2024-10-14,1,0.25510309873228737,1,19.446844968145246,7.994206249388288,41.74219787613429,153.0,20,7,2026-08-11 10:32:22
2024-10-15,1,0.31675409262008364,1,26.26221752112135,14.809578802364392,48.5575704291104,14.0,20,7,2026-08-11 10:32:22
2024-10-16,1,0.32517012962174585,1,21.477902169270525,10.025263450513567,43.77325507725957,22.0,20,7,2026-08-11 10:32:22
2024-10-17,1,0.27533152811884415,1,16.147618954583148,3.9971357660620317,38.307787254970044,20.0,20,7,2026-08-11 10:32:22
2024-10-18,1,0.26973197465163484,1,21.699705907303642,9.549222718782525,43.85987420769054,19.0,20,7,2026-08-11 10:32:22
2024-10-19,1,0.26854060661276064,1,12.730907976806668,0.5804247882855513,34.89107627719356,10.0,20,7,2026-08-11 10:32:22
2024-10-20,1,0.2682066399782307,1,14.28705673305375,2.1365735445326344,36.447225033440645,6.0,20,7,2026-08-11 10:32:22
2024-10-21,1,0.26377743906332124,1,12.38630437077668,0.23582118225556314,34.54647267116358,14.0,20,7,2026-08-11 10:32:22
2024-10-22,1,0.273905072034593,1,11.996044432506652,0.0,34.15621273289355,15.0,20,7,2026-08-11 10:32:22
2024-10-23,1,0.27691365979847354,1,14.836262636834247,2.6857794483131308,36.99643093722114,12.0,20,7,2026-08-11 10:32:22
2024-10-24,1,0.2919957738281177,1,13.657998646084524,1.8939151294030054,36.433091301254706,4.0,20,7,2026-08-11 10:32:22
2024-10-25,1,0.27971011845550703,1,11.552627713043645,0.0,34.32772036821383,22.0,20,7,2026-08-11 10:32:22
2024-10-26,1,0.27629196543799445,1,9.291985835748406,0.0,32.06707849091859,8.0,20,7,2026-08-11 10:32:22
2024-10-27,1,0.28400680743595935,1,10.12117166130732,0.0,32.896264316477506,22.0,20,7,2026-08-11 10:32:22
2024-10-28,1,0.2966837853045366,1,11.43037389643617,0.0,34.20546655160635,6.0,20,7,2026-08-11 10:32:22
2024-10-29,1,0.28103807673323655,1,9.238907583533658,0.0,32.014000238703844,10.0,20,7,2026-08-11 10:32:22
2024-10-30,1,0.29499947661094633,1,13.56339365072947,1.7993101340479516,36.33848630589965,8.0,20,7,2026-08-11 10:32:22
2024-10-31,1,0.2946334224864808,1,10.832150411239448,0.0,33.25842702136866,0.0,20,7,2026-08-11 10:32:22
2024-11-01,1,0.29103478797675747,1,6.714858953298221,0.0,29.141135563427436,5.0,20,7,2026-08-11 10:32:22
2024-11-02,1,0.2778243063887758,1,5.899806891154371,0.0,28.326083501283584,27.0,20,7,2026-08-11 10:32:22
2024-11-03,1,0.28856815356964155,1,6.7080229535007545,0.0,29.13429956362997,44.0,20,7,2026-08-11 10:32:22
2024-11-04,1,0.28879790073625955,1,30.791801029697666,19.04351369080748,53.21807763982688,20.0,20,7,2026-08-11 10:32:22
2024-11-05,1,0.29130719697539736,1,21.966627492979416,10.218340154089232,44.392904103108634,12.0,20,7,2026-08-11 10:32:22
2024-11-06,1,0.2960564635318372,1,10.588879264118452,0.0,33.01515587424767,13.0,20,7,2026-08-11 10:32:22
2024-11-07,1,0.308321867616639,1,16.40323653050606,4.533314277631808,38.93546960791679,11.0,20,7,2026-08-11 10:32:22
2024-11-08,1,0.3066652970320965,1,17.42772682629031,5.557804573416059,39.959959903701034,12.0,20,7,2026-08-11 10:32:22
2024-11-09,1,0.28310331862854937,1,7.9986125791442495,0.0,30.530845656554973,9.0,20,7,2026-08-11 10:32:22
2024-11-10,1,0.3098295451712286,1,8.192487901989976,0.0,30.7247209794007,7.0,20,7,2026-08-11 10:32:22
2024-11-11,1,0.2696671247682981,1,10.248691399291316,0.0,32.78092447670204,10.0,20,7,2026-08-11 10:32:22
2024-11-12,1,0.2948709229321098,1,11.740188376437436,0.0,34.27242145384816,24.0,20,7,2026-08-11 10:32:22
2024-11-13,1,0.3066986222113704,1,13.994094705493687,2.124172452619435,36.52632778290441,15.0,20,7,2026-08-11 10:32:22
2024-11-14,1,0.3079822565275187,1,14.228805212516866,2.479625951576841,38.36920849426263,8.0,20,7,2026-08-11 10:32:22
2024-11-15,1,0.3062830793768338,1,11.201814437757127,0.0,35.34221771950289,3.0,20,7,2026-08-11 10:32:22
2024-11-16,1,0.3058985899950862,1,8.37600729352374,0.0,32.516410575269504,0.0,20,7,2026-08-11 10:32:22
2024-11-17,1,0.3055240928885135,1,10.950487350955324,0.0,35.09089063270109,6.0,20,7,2026-08-11 10:32:22
2024-11-18,1,0.30730886409852487,1,9.254649304036624,0.0,33.39505258578239,9.0,20,7,2026-08-11 10:32:22
2024-11-19,1,0.3087196251086489,1,18.965087000408655,7.21590773946863,43.10549028215442,9.0,20,7,2026-08-11 10:32:22
2024-11-20,1,0.3081207739379589,1,19.89534995953883,8.146170698598805,44.035753241284596,5.0,20,7,2026-08-11 10:32:22
2024-11-21,1,0.2953774976185313,1,15.104119482236378,2.6781007931368865,39.65987495233195,1.0,20,7,2026-08-11 10:32:22
2024-11-22,1,0.29598155625184325,1,9.192700289584048,0.0,33.748455759679615,7.0,20,7,2026-08-11 10:32:22
2024-11-23,1,0.30266641906175556,1,12.186566532150788,0.0,36.742322002246354,5.0,20,7,2026-08-11 10:32:22
2024-11-24,1,0.29567519386167074,1,11.442981431506235,0.0,35.9987369016018,4.0,20,7,2026-08-11 10:32:22
2024-11-25,1,0.3015408134807201,1,12.03072858816163,0.0,36.5864840582572,1.0,20,7,2026-08-11 10:32:22
2024-11-26,1,0.2906602006399549,1,9.490195331166452,0.0,34.045950801262016,3.0,20,7,2026-08-11 10:32:22
2024-11-27,1,0.3072235287856358,1,9.71588533514858,0.0,34.27164080524415,5.0,20,7,2026-08-11 10:32:22
2024-11-28,1,0.2947013411549052,1,16.264930766666435,4.663708052281608,40.20076351904379,1.0,20,7,2026-08-11 10:32:22
2024-11-29,1,0.29213896812000284,1,9.442254275471202,0.0,33.37808702784856,18.0,20,7,2026-08-11 10:32:22
2024-11-30,1,0.288959770374353,1,15.413543495943768,3.8123207815589417,39.34937624832113,9.0,20,7,2026-08-11 10:32:22
2024-12-01,1,0.3043940021733776,1,19.677134221573404,8.075911507188577,43.61296697395076,15.0,20,7,2026-08-11 10:32:22
2024-12-02,1,0.29359029510078005,1,18.91664013634782,7.315417421962993,42.852472888725174,16.0,20,7,2026-08-11 10:32:22
2024-12-03,1,0.2879154941511766,1,13.644170246039382,2.042947531654555,37.58000299841674,15.0,20,7,2026-08-11 10:32:22
2024-12-04,1,0.2903703118767208,1,16.668743828752085,5.067521114367258,40.60457658112944,9.0,20,7,2026-08-11 10:32:22
2024-12-05,1,0.2434594170516846,1,13.636516260248438,2.284409769984787,34.17574197165851,16.0,20,7,2026-08-11 10:32:22
2024-12-06,1,0.24365273314479,1,13.802781442917407,2.450674952653756,34.34200715432748,15.0,20,7,2026-08-11 10:32:22
2024-12-07,1,0.2534401571523159,1,12.663805534727715,1.3116990444640635,33.20303124613779,7.0,20,7,2026-08-11 10:32:22
2024-12-08,1,0.2355535794543369,1,10.82979502669397,0.0,31.369020738104048,10.0,20,7,2026-08-11 10:32:22
2024-12-09,1,0.2434836562338837,1,13.361472768588682,2.0093662783250306,33.90069847999876,47.0,20,7,2026-08-11 10:32:22
2024-12-10,1,0.30609136732139125,1,20.165103948596926,8.812997458333275,40.704329660007005,53.0,20,7,2026-08-11 10:32:22
2024-12-11,1,0.3126776076142533,1,27.055190173885713,15.703083683622062,47.59441588529579,34.0,20,7,2026-08-11 10:32:22
2024-12-12,1,0.29521216075144247,1,25.501113875540735,13.64406816701216,46.0115698798365,12.0,20,7,2026-08-11 10:32:22
2024-12-13,1,0.2824181263435925,1,15.71835021253949,3.8613045040109135,36.22880621683525,17.0,20,7,2026-08-11 10:32:22
2024-12-14,1,0.2719394425980226,1,11.417927566521548,0.0,31.92838357081731,4.0,20,7,2026-08-11 10:32:22
2024-12-15,1,0.271032912300104,1,13.235668407745518,1.3786226992169421,33.74612441204128,5.0,20,7,2026-08-11 10:32:22
2024-12-16,1,0.2663694022372995,1,8.334200981807575,0.0,28.844656986103338,10.0,20,7,2026-08-11 10:32:22
2024-12-17,1,0.2738596338159595,1,11.328238381791268,0.0,31.838694386087028,15.0,20,7,2026-08-11 10:32:22
2024-12-18,1,0.28663081532815543,1,19.811265591191933,7.954219882663358,40.321721595487695,10.0,20,7,2026-08-11 10:32:22
2024-12-19,1,0.3340892526852043,1,15.52712456156529,3.6448370962666914,37.91914420329241,12.0,20,7,2026-08-11 10:32:22
2024-12-20,1,0.33621029528905144,1,20.77690903442505,8.89462156912645,43.16892867615217,9.0,20,7,2026-08-11 10:32:22
2024-12-21,1,0.3361262589556033,1,16.303883036500757,4.4215955712021575,38.69590267822788,11.0,20,7,2026-08-11 10:32:22
2024-12-22,1,0.33170963046066876,1,15.592918285682693,3.710630820384093,37.98493792740982,2.0,20,7,2026-08-11 10:32:22
2024-12-23,1,0.2939086123004302,1,10.63174418404567,0.0,33.02376382577279,8.0,20,7,2026-08-11 10:32:22
2024-12-24,1,0.3142360594642475,1,14.777818163367138,2.895530698068539,37.16983780509426,3.0,20,7,2026-08-11 10:32:22
2024-12-25,1,0.24452053751689773,1,11.428734419189427,0.0,33.82075406091655,0.0,20,7,2026-08-11 10:32:22
2024-12-26,1,0.25407778250036306,1,7.596998784360346,0.0,29.713634575569593,5.0,20,7,2026-08-11 10:32:22
2024-12-27,1,0.2738843418772496,1,12.17788911466601,0.043434967799665714,34.29452490587526,7.0,20,7,2026-08-11 10:32:22
2024-12-28,1,0.2641567940033376,1,10.328257117150187,0.0,32.444892908359435,5.0,20,7,2026-08-11 10:32:22
2024-12-29,1,0.2636113101620976,1,8.1687829158839,0.0,30.28541870709315,23.0,20,7,2026-08-11 10:32:22
2024-12-30,1,0.2603578993450986,1,8.300814677115286,0.0,30.41745046832453,5.0,20,7,2026-08-11 10:32:22
2024-12-31,1,0.2588370693637007,1,7.149193943866019,0.0,29.265829735075265,2.0,20,7,2026-08-11 10:32:22
2025-01-01,1,0.25328136674991814,1,6.317260185420846,0.0,28.433895976630094,3.0,20,7,2026-08-11 10:32:22
2025-01-02,1,0.1749826739076873,1,3.8449462537582324,0.0,22.922174143179923,24.0,20,7,2026-08-11 10:32:22
2025-01-03,1,0.23160656600988747,1,12.936934643921699,0.4876981030325709,32.014162533343395,5.0,20,7,2026-08-11 10:32:22
2025-01-04,1,0.1957809950100697,1,5.202766854869385,0.0,24.279994744291077,5.0,20,7,2026-08-11 10:32:22
2025-01-05,1,0.18229210096076737,1,5.4994231182577344,0.0,24.576651007679427,7.0,20,7,2026-08-11 10:32:22
2025-01-06,1,0.17067344979600949,1,5.237964476135635,0.0,24.315192365557326,15.0,20,7,2026-08-11 10:32:22
2025-01-07,1,0.24021046929148515,1,14.018982657195782,1.5697461163066535,33.09621054661747,25.0,20,7,2026-08-11 10:32:22
2025-01-08,1,0.2495021912112471,1,14.635039676953099,2.1858031360639707,33.71226756637479,11.0,20,7,2026-08-11 10:32:22
2025-01-09,1,0.16674873705135604,1,8.774137688491745,0.0,28.891929140926766,4.0,20,7,2026-08-11 10:32:22
2025-01-10,1,0.1763937895033134,1,8.23132872309608,0.0,28.3491201755311,8.0,20,7,2026-08-11 10:32:22
2025-01-11,1,0.16234890197747132,1,8.159557316446463,0.0,28.277348768881485,3.0,20,7,2026-08-11 10:32:22
2025-01-12,1,0.1850415411185582,1,8.01053459527176,0.0,28.128326047706782,6.0,20,7,2026-08-11 10:32:22
2025-01-13,1,0.17434642222324528,1,10.807784182122136,0.0,30.925575634557156,7.0,20,7,2026-08-11 10:32:22
2025-01-14,1,0.1891064267569096,1,10.115383979954046,0.0,30.233175432389068,12.0,20,7,2026-08-11 10:32:22
2025-01-15,1,0.20024856711182,1,18.788883275650008,5.117782030040276,38.90667472808503,14.0,20,7,2026-08-11 10:32:22
2025-01-16,1,0.32788888362532576,1,17.817148557980943,4.575365643592791,36.06508748109056,13.0,20,7,2026-08-11 10:32:22
2025-01-17,1,0.28303414615907835,1,15.971394960957301,2.72961204656915,34.21933388406691,8.0,20,7,2026-08-11 10:32:22
2025-01-18,1,0.26308251356606804,1,12.09699774817901,0.0,30.344936671288625,9.0,20,7,2026-08-11 10:32:22
2025-01-19,1,0.20046365357931173,1,15.58269250899018,2.340909594602028,33.83063143209979,11.0,20,7,2026-08-11 10:32:22
2025-01-20,1,0.251660903998491,1,17.355832515249556,4.114049600861405,35.603771438359175,8.0,20,7,2026-08-11 10:32:22
2025-01-21,1,0.22156813037631284,1,19.20279251621256,5.96100960182441,37.450731439322176,14.0,20,7,2026-08-11 10:32:22
2025-01-22,1,0.20647559883045147,1,16.663268424214817,3.421485509826665,34.911207347324435,35.0,20,7,2026-08-11 10:32:22
2025-01-23,1,0.19106460407583392,1,14.665998428834445,2.270275969704741,33.29267487620747,10.0,20,7,2026-08-11 10:32:22
2025-01-24,1,0.17508612664524384,1,12.491750639236948,0.09602818010724334,31.11842708660997,28.0,20,7,2026-08-11 10:32:22
2025-01-25,1,0.1713096944600979,1,10.161761710016457,0.0,28.78843815738948,6.0,20,7,2026-08-11 10:32:22
2025-01-26,1,0.11731232375566505,1,5.8384607315898815,0.0,24.465137178962905,4.0,20,7,2026-08-11 10:32:22
2025-01-27,1,0.13489652408471198,1,9.363713524345389,0.0,27.99038997171841,7.0,20,7,2026-08-11 10:32:22
2025-01-28,1,0.16080005396221653,1,6.17611629216116,0.0,24.802792739534183,6.0,20,7,2026-08-11 10:32:22
2025-01-29,1,0.145155833272378,1,7.916443457399894,0.0,26.543119904772915,6.0,20,7,2026-08-11 10:32:22
2025-01-30,1,0.1890519656843239,1,8.235952532611856,0.0,23.856802036936568,7.0,20,7,2026-08-11 10:32:22
2025-01-31,1,0.17536350251671215,1,7.592220331803266,0.0,23.21306983612798,1.0,20,7,2026-08-11 10:32:22
2025-02-01,1,0.19344692969847524,1,10.160640906864005,0.0,25.781490411188717,8.0,20,7,2026-08-11 10:32:22
2025-02-02,1,0.19799435383813896,1,9.299848036015725,0.0,24.920697540340434,21.0,20,7,2026-08-11 10:32:22
2025-02-04,1,0.19681897292780856,1,7.254021889739613,0.0,22.874871394064325,11.0,20,7,2026-08-11 10:32:22
2025-02-05,1,0.19200599025683096,1,12.754756476306735,0.0,28.37560598063145,12.0,20,7,2026-08-11 10:32:22
2025-02-06,1,0.23390388927065628,1,12.295499764670266,0.34595325286896106,30.38112877397768,27.0,20,7,2026-08-11 10:32:22
2025-02-07,1,0.15298658581195668,1,6.356364027301266,0.0,24.44199303660868,9.0,20,7,2026-08-11 10:32:22
2025-02-08,1,0.10493535601613428,1,6.520756921506794,0.0,24.60638593081421,11.0,20,7,2026-08-11 10:32:22
2025-02-09,1,0.13250792293344565,1,6.855828827024079,0.0,24.941457836331494,14.0,20,7,2026-08-11 10:32:22
2025-02-10,1,0.17289474741918442,1,7.807773046269109,0.0,25.893402055576523,5.0,20,7,2026-08-11 10:32:22
2025-02-11,1,0.23279216344582382,1,10.208041842616652,0.0,28.293670851924066,32.0,20,7,2026-08-11 10:32:22
2025-02-12,1,0.1324864485001667,1,7.909143764308684,0.0,25.9947727736161,30.0,20,7,2026-08-11 10:32:22
2025-02-13,1,0.14278591413800654,1,13.350357309045197,1.4008107972438921,31.43598631835261,6.0,20,7,2026-08-11 10:32:22
2025-02-14,1,0.16824846755844294,1,10.30767150402259,0.0,24.017330292618006,5.0,20,7,2026-08-11 10:32:22
2025-02-15,1,0.16115197466698652,1,5.309694014315298,0.0,19.019352802910714,19.0,20,7,2026-08-11 10:32:22
2025-02-16,1,0.16501848534759186,1,7.708495202636496,0.0,21.41815399123191,4.0,20,7,2026-08-11 10:32:22
2025-02-17,1,0.18788098881773652,1,11.016981784105107,0.0,24.726640572700525,41.0,20,7,2026-08-11 10:32:22
2025-02-18,1,0.18692755344032114,1,21.056234797346338,9.028113756445595,34.765893585941754,8.0,20,7,2026-08-11 10:32:22
2025-02-19,1,0.17786673485427795,1,13.418523137608979,1.390402096708236,27.128181926204395,36.0,20,7,2026-08-11 10:32:22
2025-02-20,1,0.1812877306542417,1,22.3148122090391,10.286691168138358,36.024470997634516,36.0,20,7,2026-08-11 10:32:22
2025-02-21,1,0.18700617063528008,1,14.912165296522637,2.442860898162362,32.74950679792289,28.0,20,7,2026-08-11 10:32:22
2025-02-22,1,0.19056484525829806,1,17.097738968414017,4.6284345700537415,34.935080469814274,8.0,20,7,2026-08-11 10:32:22
2025-02-23,1,0.189709348720332,1,9.296248065686106,0.0,27.13358956708636,11.0,20,7,2026-08-11 10:32:22
2025-02-24,1,0.17097230722801285,1,12.020768132890595,0.0,29.85810963429085,5.0,20,7,2026-08-11 10:32:22
2025-02-25,1,0.1984003955233482,1,10.52780526070786,0.0,28.365146762108118,12.0,20,7,2026-08-11 10:32:22
2025-02-26,1,0.19588099520735205,1,13.186013186422585,0.7167087880623093,31.02335468782284,11.0,20,7,2026-08-11 10:32:22
2025-02-27,1,0.19571236537877373,1,11.216254962777821,0.0,29.053596464178078,45.0,20,7,2026-08-11 10:32:22
2025-02-28,1,0.21809317364291922,1,13.46382790346098,0.25823743902283347,32.27903869980916,8.0,20,7,2026-08-11 10:32:22
2025-03-01,1,0.22843300491786298,1,13.348803755043798,0.1432132906056527,32.16401455139198,17.0,20,7,2026-08-11 10:32:22
2025-03-02,1,0.2171275164033323,1,11.348159499358554,0.0,30.163370295706734,11.0,20,7,2026-08-11 10:32:22
2025-03-03,1,0.21387021747585486,1,10.627346391924437,0.0,29.44255718827262,10.0,20,7,2026-08-11 10:32:22
2025-03-04,1,0.21740175279226556,1,14.791861241913928,1.5862707774757823,33.60707203826211,19.0,20,7,2026-08-11 10:32:22
2025-03-05,1,0.23842682497114734,1,12.373312866766513,0.0,31.188523663114694,5.0,20,7,2026-08-11 10:32:22
2025-03-06,1,0.19785006816519388,1,7.6286828957143324,0.0,26.443893692062517,0.0,20,7,2026-08-11 10:32:22
2025-03-07,1,0.17208159312840732,1,7.621590089001887,0.0,26.821613451643096,5.0,20,7,2026-08-11 10:32:22
2025-03-08,1,0.19989391836786105,1,11.895490093487306,0.0,31.095513456128515,2.0,20,7,2026-08-11 10:32:22
2025-03-09,1,0.18151439606723047,1,9.286576429039394,0.0,28.486599791680604,9.0,20,7,2026-08-11 10:32:22
2025-03-10,1,0.17617473554891083,1,14.045541266035649,1.418786670085801,33.24556462867686,11.0,20,7,2026-08-11 10:32:22
2025-03-11,1,0.20657268872447504,1,17.54481656498529,4.918061969035442,36.7448399276265,13.0,20,7,2026-08-11 10:32:22
2025-03-12,1,0.20111038510136373,1,17.463535795379173,4.836781199429325,36.66355915802038,11.0,20,7,2026-08-11 10:32:22
2025-03-13,1,0.1710562493332262,1,10.696517169709253,0.0,29.89654053235046,20.0,20,7,2026-08-11 10:32:22
2025-03-14,1,0.1707417890611324,1,18.471502426022184,5.585767839997885,37.536909879116905,12.0,20,7,2026-08-11 10:32:22
2025-03-15,1,0.17235460072604003,1,11.922352611877205,0.0,30.987760064971926,3.0,20,7,2026-08-11 10:32:22
2025-03-16,1,0.16999584406955334,1,8.148313252362057,0.0,27.21372070545678,1.0,20,7,2026-08-11 10:32:22
2025-03-17,1,0.16702608358981635,1,7.7207373115691755,0.0,26.786144764663895,13.0,20,7,2026-08-11 10:32:22
2025-03-18,1,0.1739552489320945,1,16.990947211469486,4.105212625445187,36.05635466456421,59.0,20,7,2026-08-11 10:32:22
2025-03-19,1,0.17802065342766824,1,32.03012482523985,19.144390239215554,51.095532278334574,13.0,20,7,2026-08-11 10:32:22
2025-03-20,1,0.17649231978979343,1,22.65398012029489,9.76824553427059,41.71938757338961,27.0,20,7,2026-08-11 10:32:22
2025-03-21,1,0.1660779802764899,1,20.963581441903163,9.05372462826988,39.45276096748372,18.0,20,7,2026-08-11 10:32:22
2025-03-22,1,0.15821713881584176,1,14.180446374869062,2.270589561235779,32.66962590044962,47.0,20,7,2026-08-11 10:32:22
2025-03-23,1,0.15904036807029237,1,10.025349371002939,0.0,28.514528896583496,13.0,20,7,2026-08-11 10:32:22
2025-03-24,1,0.16160021105597966,1,14.619623684915128,2.709766871281845,33.10880321049569,9.0,20,7,2026-08-11 10:32:22
2025-03-25,1,0.16237248167837437,1,14.24560887013495,2.3357520565016667,32.734788395715505,21.0,20,7,2026-08-11 10:32:22
2025-03-26,1,0.1664342073441827,1,24.161162650655314,12.25130583702203,42.65034217623587,27.0,20,7,2026-08-11 10:32:22
2025-03-27,1,0.1683643140490878,1,18.175434576588454,6.265577762955171,36.66461410216901,20.0,20,7,2026-08-11 10:32:22
2025-03-28,1,0.16826949982381317,1,20.32819098001289,7.278508200471993,40.55172489559348,30.0,20,7,2026-08-11 10:32:22
2025-03-29,1,0.16579026388449333,1,14.10990821732239,1.060225437781492,34.33344213290298,1.0,20,7,2026-08-11 10:32:22
2025-03-30,1,0.16411922140684004,1,6.600847777385536,0.0,26.824381692966124,1.0,20,7,2026-08-11 10:32:22
2025-03-31,1,0.16370293222762333,1,12.274014376416654,0.0,32.49754829199724,0.0,20,7,2026-08-11 10:32:22
2025-04-01,1,0.1629078258906817,1,6.713093245970913,0.0,26.936627161551502,0.0,20,7,2026-08-11 10:32:22
2025-04-02,1,0.16386580444669557,1,6.18138187020489,0.0,26.40491578578548,76.0,20,7,2026-08-11 10:32:22
2025-04-03,1,0.16694786609965837,1,43.39899588324956,30.349313103708663,63.62252979883015,59.0,20,7,2026-08-11 10:32:22
2025-04-04,1,0.2171308186881748,1,23.42949571360665,10.623213581659677,43.25549941439991,16.0,20,7,2026-08-11 10:32:22
2025-04-05,1,0.20452449062263434,1,22.98990318502468,10.183621053077708,42.81590688581794,12.0,20,7,2026-08-11 10:32:22
2025-04-06,1,0.16684509810560494,1,9.070096908898162,0.0,28.89610060969142,7.0,20,7,2026-08-11 10:32:22
2025-04-07,1,0.1748358274651089,1,12.099611292120017,0.0,31.925614992913275,4.0,20,7,2026-08-11 10:32:22
2025-04-08,1,0.16821141384631358,1,12.121829063282561,0.0,31.94783276407582,16.0,20,7,2026-08-11 10:32:22
2025-04-09,1,0.18697933428715874,1,13.882362613084037,1.0760804811370654,33.70836631387729,25.0,20,7,2026-08-11 10:32:22
2025-04-10,1,0.21065113130663043,1,16.497701537359664,3.6914194054126916,36.323705238152925,11.0,20,7,2026-08-11 10:32:22
2025-04-11,1,0.20971622885946942,1,17.934350105300734,6.231555462464087,39.34780765936942,2.0,20,7,2026-08-11 10:32:22
2025-04-12,1,0.1989552434001342,1,6.255028649197438,0.0,27.668486203266127,34.0,20,7,2026-08-11 10:32:22
2025-04-13,1,0.2055620602947355,1,8.546183760808422,0.0,29.95964131487711,0.0,20,7,2026-08-11 10:32:22
2025-04-14,1,0.19698860333137433,1,4.26136495410713,0.0,25.67482250817582,6.0,20,7,2026-08-11 10:32:22
2025-04-15,1,0.20952319434185152,1,12.350994883005729,0.6482002401690821,33.76445243707442,10.0,20,7,2026-08-11 10:32:22
2025-04-16,1,0.21105148465786042,1,21.391248021516034,9.688453378679387,42.80470557558472,17.0,20,7,2026-08-11 10:32:22
2025-04-17,1,0.21176720137223246,1,22.879740749905345,11.176946107068698,44.29319830397404,34.0,20,7,2026-08-11 10:32:22
2025-04-18,1,0.20641667776716685,1,14.692055693951701,3.049968498995531,35.894077472967524,11.0,20,7,2026-08-11 10:32:22
2025-04-19,1,0.2252676153892351,1,15.812546570400132,4.170459375443961,37.01456834941595,14.0,20,7,2026-08-11 10:32:22
2025-04-20,1,0.2135317240556115,1,10.10566234726182,0.0,31.307684126277643,0.0,20,7,2026-08-11 10:32:22
2025-04-21,1,0.20099541322008976,1,5.1349279808923685,0.0,26.33694975990819,7.0,20,7,2026-08-11 10:32:22
2025-04-22,1,0.236179621466827,1,14.617673772717945,2.9755865777617743,35.819695551733766,11.0,20,7,2026-08-11 10:32:22
2025-04-23,1,0.2430862786356735,1,14.126245945178752,2.4841587502225817,35.328267724194575,29.0,20,7,2026-08-11 10:32:22
2025-04-24,1,0.22315294342297073,1,12.40852580559161,0.7664386106354399,33.61054758460743,19.0,20,7,2026-08-11 10:32:22
2025-04-25,1,0.19524207917737035,1,8.80629226031809,0.0,30.54754407807117,9.0,20,7,2026-08-11 10:32:22
2025-04-26,1,0.19497140640306687,1,6.390576852726617,0.0,28.1318286704797,0.0,20,7,2026-08-11 10:32:22
2025-04-27,1,0.19527162888698635,1,5.184973031067568,0.0,26.92622484882065,5.0,20,7,2026-08-11 10:32:22
2025-04-28,1,0.19389883061469923,1,11.005297162204903,0.0,32.746548979957986,29.0,20,7,2026-08-11 10:32:22
2025-04-29,1,0.19369997316104523,1,14.911207210601935,3.286301536958497,36.65245902835502,27.0,20,7,2026-08-11 10:32:22
2025-04-30,1,0.19403046684519273,1,14.933284400388429,3.3083787267449907,36.67453621814151,20.0,20,7,2026-08-11 10:32:22
2025-05-01,1,0.1945986931923614,1,17.151775286761954,5.5268696131185155,38.893027104515035,34.0,20,7,2026-08-11 10:32:22
2025-05-02,1,0.20517452011955525,1,12.544787375633115,0.9820528108683391,34.87981107109236,5.0,20,7,2026-08-11 10:32:22
2025-05-03,1,0.1927672735496772,1,5.854275111151198,0.0,28.189298806610445,7.0,20,7,2026-08-11 10:32:22
2025-05-04,1,0.19640500737316638,1,6.900752985193472,0.0,29.23577668065272,8.0,20,7,2026-08-11 10:32:22
2025-05-05,1,0.20249926459493167,1,11.612208366714222,0.04947380194944628,33.94723206217347,6.0,20,7,2026-08-11 10:32:22
2025-05-06,1,0.20222706528632323,1,8.338004336989618,0.0,30.673028032448862,16.0,20,7,2026-08-11 10:32:22
2025-05-07,1,0.21047154138609198,1,17.989707187623818,6.426972622859042,40.32473088308306,9.0,20,7,2026-08-11 10:32:22
2025-05-08,1,0.21099089288761594,1,20.117165455105354,8.554430890340578,42.4521891505646,5.0,20,7,2026-08-11 10:32:22
2025-05-09,1,0.19757222314609946,1,10.289843890334277,0.0,32.8447738006855,14.0,20,7,2026-08-11 10:32:22
2025-05-10,1,0.21186795522450272,1,8.271494869881552,0.0,30.826424780232777,7.0,20,7,2026-08-11 10:32:22
2025-05-11,1,0.22216944775618463,1,10.224841318252814,0.0,32.77977122860404,5.0,20,7,2026-08-11 10:32:22
2025-05-12,1,0.2126371168263787,1,9.090877924618733,0.0,31.645807834969958,36.0,20,7,2026-08-11 10:32:22
2025-05-13,1,0.22375186857014698,1,15.90172854826908,4.823747114782565,38.45665845862031,31.0,20,7,2026-08-11 10:32:22
2025-05-14,1,0.234626168810445,1,15.549808617131978,4.471827183645463,38.10473852748321,35.0,20,7,2026-08-11 10:32:22
2025-05-15,1,0.23413094119703282,1,19.811617309195537,8.733635875709021,42.36654721954676,29.0,20,7,2026-08-11 10:32:22
2025-05-16,1,0.18922997030068217,1,10.857517632902047,0.0,31.250898594112336,21.0,20,7,2026-08-11 10:32:22
2025-05-17,1,0.16451809154541683,1,7.882391408535608,0.0,28.275772369745898,0.0,20,7,2026-08-11 10:32:22
2025-05-18,1,0.1288257259811379,1,5.794684331037418,0.0,26.188065292247707,16.0,20,7,2026-08-11 10:32:22
2025-05-19,1,0.19666846417862166,1,11.985553343781266,0.0,32.37893430499156,0.0,20,7,2026-08-11 10:32:22
2025-05-20,1,0.14832865208097984,1,5.93890190888325,0.0,26.33228287009354,6.0,20,7,2026-08-11 10:32:22
2025-05-21,1,0.1999874753037228,1,15.358409840703564,3.3014001094585126,35.751790801913856,15.0,20,7,2026-08-11 10:32:22
2025-05-22,1,0.18387881744549836,1,15.564880991949657,3.507871260704606,35.95826195315995,23.0,20,7,2026-08-11 10:32:22
2025-05-23,1,0.24110034411524914,1,19.653377367279525,6.672645198511654,41.52126031373757,20.0,20,7,2026-08-11 10:32:22
2025-05-24,1,0.16247400388956293,1,10.009161642345894,0.0,31.877044588803944,8.0,20,7,2026-08-11 10:32:22
2025-05-25,1,0.18670474893461247,1,7.874759149746609,0.0,29.74264209620466,1.0,20,7,2026-08-11 10:32:22
2025-05-26,1,0.1799101797891403,1,5.229882687076742,0.0,27.09776563353479,4.0,20,7,2026-08-11 10:32:22
2025-05-27,1,0.20431050791646366,1,9.915460209071613,0.0,31.783343155529664,34.0,20,7,2026-08-11 10:32:22
2025-05-28,1,0.22999651357312417,1,15.466809582884725,2.4860774141168545,37.334692529342774,31.0,20,7,2026-08-11 10:32:22
2025-05-29,1,0.234822992092305,1,20.955866985310685,7.975134816542814,42.82374993176873,0.0,20,7,2026-08-11 10:32:22
2025-05-30,1,0.11565993625501211,1,5.542070641180405,0.0,27.750828262440606,16.0,20,7,2026-08-11 10:32:22
2025-05-31,1,0.1706607433887012,1,6.876789685551224,0.0,29.085547306811424,12.0,20,7,2026-08-11 10:32:22
2025-06-01,1,0.20203857227698171,1,10.643513576643828,0.0,32.85227119790403,5.0,20,7,2026-08-11 10:32:22
2025-06-02,1,0.1767149504742581,1,14.068143279508272,2.8245314663655883,36.276900900768474,6.0,20,7,2026-08-11 10:32:22
2025-06-03,1,0.08738413601097032,1,7.701243775552302,0.0,29.910001396812504,3.0,20,7,2026-08-11 10:32:22
2025-06-04,1,0.19672963453545333,1,10.387739991459874,0.0,32.59649761272007,2.0,20,7,2026-08-11 10:32:22
2025-06-05,1,0.18477558994697738,1,8.9908388234053,0.0,31.199596444665502,24.0,20,7,2026-08-11 10:32:22
2025-06-06,1,0.33952341645431466,1,18.94292300891402,8.136119942400086,42.84434073121214,38.0,20,7,2026-08-11 10:32:22
2025-06-07,1,0.22221371498287718,1,11.506821566288332,0.7000184997743997,35.40823928858645,34.0,20,7,2026-08-11 10:32:22
2025-06-08,1,0.22811093908303376,1,12.803531464438846,1.9967283979249135,36.70494918673697,11.0,20,7,2026-08-11 10:32:22
2025-06-09,1,0.2221256887448762,1,11.148602517018226,0.3417994505042934,35.050020239316346,7.0,20,7,2026-08-11 10:32:22
2025-06-10,1,0.2002078908489671,1,8.397794184322375,0.0,32.2992119066205,14.0,20,7,2026-08-11 10:32:22
2025-06-11,1,0.3179368806490546,1,14.543340717732418,3.7365376512184856,38.44475844003054,43.0,20,7,2026-08-11 10:32:22
2025-06-12,1,0.2797687180419219,1,14.666373254073358,3.8595701875594255,38.56779097637148,10.0,20,7,2026-08-11 10:32:22
2025-06-13,1,0.30252289909617125,1,13.602081144340449,0.5792378254148804,37.228247682819315,15.0,20,7,2026-08-11 10:32:22
2025-06-14,1,0.20793561114407497,1,9.104728348564523,0.0,32.73089488704339,0.0,20,7,2026-08-11 10:32:22
2025-06-15,1,0.12463831186425962,1,7.089084229294613,0.0,30.71525076777348,0.0,20,7,2026-08-11 10:32:22
2025-06-16,1,0.19142992908860856,1,14.454137057073432,1.431293738147863,38.080303595552294,0.0,20,7,2026-08-11 10:32:22
2025-06-17,1,0.19800033134498388,1,11.995596571495554,0.0,35.621763109974424,17.0,20,7,2026-08-11 10:32:22
2025-06-18,1,0.30475180467617824,1,14.054109508979057,1.031266190053488,37.68027604745792,7.0,20,7,2026-08-11 10:32:22
2025-06-19,1,0.2563265094418169,1,13.898396245947144,0.875552927021575,37.52456278442601,25.0,20,7,2026-08-11 10:32:22
2025-06-20,1,0.25846588121536707,1,17.40545481298058,5.119784389485483,38.57195357770922,50.0,20,7,2026-08-11 10:32:22
2025-06-21,1,0.2244649753521173,1,16.180222968338054,3.8945525448429574,37.346721733066694,40.0,20,7,2026-08-11 10:32:22
2025-06-22,1,0.2862133205958516,1,9.290238229634303,0.0,30.45673699436294,12.0,20,7,2026-08-11 10:32:22
2025-06-23,1,0.27827816249412446,1,8.869101113963621,0.0,30.03559987869226,5.0,20,7,2026-08-11 10:32:22
2025-06-24,1,0.23572664252122433,1,9.703943798088726,0.0,30.870442562817367,12.0,20,7,2026-08-11 10:32:22
2025-06-25,1,0.34033508645787397,1,22.004927648823962,9.719257225328866,43.1714264135526,37.0,20,7,2026-08-11 10:32:22
2025-06-26,1,0.37371826921815793,1,17.650303730476008,5.364633306980911,38.81680249520465,33.0,20,7,2026-08-11 10:32:22
2025-06-27,1,0.34271620972511113,1,12.3690402342781,0.3391312884188924,35.38575470943526,29.0,20,7,2026-08-11 10:32:22
2025-06-28,1,0.2776008363279039,1,8.572655766892051,0.0,31.589370242049213,4.0,20,7,2026-08-11 10:32:22
2025-06-29,1,0.1195561913366049,1,6.718956150572529,0.0,29.73567062572969,8.0,20,7,2026-08-11 10:32:22
2025-06-30,1,0.12391363193341072,1,7.926142045710167,0.0,30.94285652086733,6.0,20,7,2026-08-11 10:32:22
2025-07-01,1,0.24258065462038508,1,13.727686775564985,1.6977778297057782,36.74440125072215,7.0,20,7,2026-08-11 10:32:22
2025-07-02,1,0.20282000463727312,1,15.98142286480034,3.9515139189411332,38.9981373399575,53.0,20,7,2026-08-11 10:32:22
2025-07-03,1,0.3303692551518904,1,23.483847979207905,11.453939033348698,46.50056245436507,41.0,20,7,2026-08-11 10:32:22
2025-07-04,1,0.4141910432950235,1,15.459636600790267,4.372979765726816,41.11897241695141,41.0,20,7,2026-08-11 10:32:22
2025-07-05,1,0.27203509006422644,1,16.760389164972338,5.673732329908887,42.419724981133484,18.0,20,7,2026-08-11 10:32:22
2025-07-06,1,0.22908657433993967,1,8.61990957032089,0.0,34.27924538648203,0.0,20,7,2026-08-11 10:32:22
2025-07-07,1,0.07967071222956243,1,6.026557967541651,0.0,31.685893783702795,0.0,20,7,2026-08-11 10:32:22
2025-07-08,1,0.10093463064182967,1,6.234088745605217,0.0,31.89342456176636,0.0,20,7,2026-08-11 10:32:22
2025-07-09,1,0.2072598109647289,1,11.953510955708698,0.8668541206452467,37.61284677186984,31.0,20,7,2026-08-11 10:32:22
2025-07-10,1,0.4514238344230356,1,20.52962036978636,9.44296353472291,46.188956185947504,12.0,20,7,2026-08-11 10:32:22
2025-07-11,1,0.4384772280702603,1,17.29316469917943,6.7372980733776835,43.509288751933866,0.0,20,7,2026-08-11 10:32:22
2025-07-12,1,0.2675831327238119,1,14.161965825535841,3.6060991997340928,40.37808987829028,14.0,20,7,2026-08-11 10:32:22
2025-07-13,1,0.2808928267006717,1,10.263826130386288,0.0,36.47995018314073,11.0,20,7,2026-08-11 10:32:22
2025-07-14,1,0.4581384217801773,1,27.67088088946628,17.11501426366453,53.88700494222071,17.0,20,7,2026-08-11 10:32:22
2025-07-15,1,0.35980857500140884,1,15.234038877250423,4.678172251448675,41.450162930004865,26.0,20,7,2026-08-11 10:32:22
2025-07-16,1,0.4483485883011661,1,14.223727895923966,3.667861270122218,40.4398519486784,18.0,20,7,2026-08-11 10:32:22
2025-07-17,1,0.3428839040628266,1,15.376489695144459,4.820623069342711,41.592613747898895,58.0,20,7,2026-08-11 10:32:22
2025-07-18,1,0.44947361030302724,1,31.764018929300644,21.50190470260975,58.64805824992983,11.0,20,7,2026-08-11 10:32:22
2025-07-19,1,0.27912101483732965,1,11.821548590453078,1.5594343637621861,38.70558791108226,18.0,20,7,2026-08-11 10:32:22
2025-07-20,1,0.2661023143066925,1,8.461096194963915,0.0,35.3451355155931,0.0,20,7,2026-08-11 10:32:22
2025-07-21,1,0.15402803531943565,1,4.996044306452196,0.0,31.880083627081383,1.0,20,7,2026-08-11 10:32:22
2025-07-22,1,0.18144837176716735,1,5.956951254655488,0.0,32.84099057528467,0.0,20,7,2026-08-11 10:32:22
2025-07-23,1,0.3692979469028506,1,12.874892416553955,2.6127781898630627,39.75893173718314,4.0,20,7,2026-08-11 10:32:22
2025-07-24,1,0.4862297654152298,1,18.718196422497723,8.45608219580683,45.60223574312691,48.0,20,7,2026-08-11 10:32:22
2025-07-25,1,0.42450918026874956,1,19.68279837698732,8.241336167524743,46.50577214678738,26.0,20,7,2026-08-11 10:32:22
2025-07-26,1,0.4728335766715959,1,28.050929853499973,16.609467644037395,54.87390362330002,17.0,20,7,2026-08-11 10:32:22
2025-07-27,1,0.23076059103873145,1,9.537465736412276,0.0,36.36043950621233,4.0,20,7,2026-08-11 10:32:22
2025-07-28,1,0.13606117546408,1,6.187904967550733,0.0,33.01087873735079,4.0,20,7,2026-08-11 10:32:22
2025-07-29,1,0.3218329332453744,1,6.591938879746778,0.0,33.414912649546835,3.0,20,7,2026-08-11 10:32:22
2025-07-30,1,0.3840139826980871,1,17.05903627093294,5.617574061470361,43.88201004073299,11.0,20,7,2026-08-11 10:32:22
2025-07-31,1,0.6090030400449296,1,17.229199858340387,5.787737648877808,44.05217362814044,37.0,20,7,2026-08-11 10:32:22
2025-08-01,1,0.5905322030258507,1,18.709394767611993,6.611913032229305,47.21643501899355,20.0,20,7,2026-08-11 10:32:22
2025-08-02,1,0.44297107186758494,1,13.711712164745032,1.614230429362344,42.218752416126584,11.0,20,7,2026-08-11 10:32:22
2025-08-03,1,0.30524092543464315,1,11.707622903061404,0.0,40.21466315444296,5.0,20,7,2026-08-11 10:32:22
2025-08-04,1,0.23744955393380734,1,11.583572476555535,0.0,40.090612727937085,5.0,20,7,2026-08-11 10:32:22
2025-08-05,1,0.3357462573362091,1,12.321482712149159,0.22400097676647057,40.828522963530716,12.0,20,7,2026-08-11 10:32:22
2025-08-06,1,0.5674359161857342,1,20.591735583979126,8.494253848596438,49.098775835360684,16.0,20,7,2026-08-11 10:32:22
2025-08-07,1,0.6486581937970589,1,18.787996927535236,6.690515192152548,47.295037178916786,15.0,20,7,2026-08-11 10:32:22
2025-08-08,1,0.5184027664653543,1,20.482486987551297,8.452176515392878,50.159977143474435,57.0,20,7,2026-08-11 10:32:22
2025-08-09,1,0.4781558608085884,1,16.235110742882423,4.204800270724004,45.91260089880556,54.0,20,7,2026-08-11 10:32:22
2025-08-10,1,0.249420716265329,1,8.189316146405808,0.0,37.86680630232894,8.0,20,7,2026-08-11 10:32:22
2025-08-11,1,0.1743283990410338,1,9.993809243904545,0.0,39.67129939982768,12.0,20,7,2026-08-11 10:32:22
2025-08-12,1,0.25668954858597137,1,14.628852150294003,2.598541678135584,44.30634230621714,14.0,20,7,2026-08-11 10:32:22
2025-08-13,1,0.40293343450836444,1,14.314115512326525,2.2838050401681063,43.99160566824966,14.0,20,7,2026-08-11 10:32:22
2025-08-14,1,0.5693175190432163,1,23.128654690544582,11.098344218386163,52.80614484646772,8.0,20,7,2026-08-11 10:32:22
2025-08-15,1,0.4099494437777812,1,12.032063693061852,0.04222020433785012,41.410679182530956,7.0,20,7,2026-08-11 10:32:22
2025-08-16,1,0.275626785735219,1,9.583229069259495,0.0,38.9618445587286,21.0,20,7,2026-08-11 10:32:22
2025-08-17,1,0.4262950284498222,1,9.439391013919197,0.0,38.8180065033883,6.0,20,7,2026-08-11 10:32:22
2025-08-18,1,0.2540569063999015,1,10.29576536247544,0.0,39.67438085194454,6.0,20,7,2026-08-11 10:32:22
2025-08-19,1,0.3502946437211137,1,15.11752652566675,3.1276830369427486,44.49614201513585,10.0,20,7,2026-08-11 10:32:22
2025-08-20,1,0.5059765486621234,1,19.802543589125428,7.812700100401425,49.18115907859453,21.0,20,7,2026-08-11 10:32:22
2025-08-21,1,0.5596728938528331,1,14.727945898790402,2.7381024100664,44.10656138825951,22.0,20,7,2026-08-11 10:32:22
2025-08-22,1,0.3854847079057836,1,18.089523346065295,6.638172226956151,52.47272492035643,22.0,20,7,2026-08-11 10:32:22
2025-08-23,1,0.3791141855553108,1,16.113960299880905,4.66260918077176,50.497161874172036,22.0,20,7,2026-08-11 10:32:22
2025-08-24,1,0.2805258928591468,1,12.524840908430473,1.0734897893213287,46.9080424827216,4.0,20,7,2026-08-11 10:32:22
2025-08-25,1,0.16241649540986555,1,6.909481687885687,0.0,41.292683262176816,9.0,20,7,2026-08-11 10:32:22
2025-08-26,1,0.28156362104491545,1,10.818469744111876,0.0,45.201671318403,6.0,20,7,2026-08-11 10:32:22
2025-08-27,1,0.2914509996702425,1,9.903997152973737,0.0,44.287198727264865,23.0,20,7,2026-08-11 10:32:22
2025-08-28,1,0.46165899646113234,1,18.440018540632366,6.988667421523221,52.823220114923494,41.0,20,7,2026-08-11 10:32:22
2025-08-29,1,0.4262232641892904,1,18.86508905114107,6.327376000056221,52.655605114823146,19.0,20,7,2026-08-11 10:32:22
2025-08-30,1,0.40574883590035016,1,19.488071616999967,6.950358565915119,53.278587680682044,15.0,20,7,2026-08-11 10:32:22
2025-08-31,1,0.24388656380980195,1,9.146674533929632,0.0,42.93719059761171,5.0,20,7,2026-08-11 10:32:22
2025-09-01,1,0.21939732761438935,1,11.202400590162085,0.0,44.99291665384416,8.0,20,7,2026-08-11 10:32:22
2025-09-02,1,0.3369849934009975,1,15.467635767923111,2.929922716838263,49.25815183160519,10.0,20,7,2026-08-11 10:32:22
2025-09-03,1,0.3901159668330766,1,16.27936897116757,3.7416559200827226,50.06988503484965,9.0,20,7,2026-08-11 10:32:22
2025-09-04,1,0.3735092361695294,1,13.772980536198693,1.2352674851138445,47.56349659988077,6.0,20,7,2026-08-11 10:32:22
2025-09-05,1,0.4168706517266685,1,14.054797367838875,1.8666476278394875,43.28991068930921,17.0,20,7,2026-08-11 10:32:22
2025-09-06,1,0.4430799587607272,1,16.579480245483353,4.391330505483966,45.81459356695369,28.0,20,7,2026-08-11 10:32:22
2025-09-07,1,0.38865936127553996,1,12.532001725721367,0.3438519857219795,41.7671150471917,21.0,20,7,2026-08-11 10:32:22
2025-09-08,1,0.39898163280926674,1,20.704524486715723,8.516374746716336,49.93963780818606,27.0,20,7,2026-08-11 10:32:22
2025-09-09,1,0.44385725439935897,1,17.081380061545648,4.893230321546261,46.31649338301598,3.0,20,7,2026-08-11 10:32:22
2025-09-10,1,0.32294221496854925,1,9.117399780716383,0.0,38.35251310218672,13.0,20,7,2026-08-11 10:32:22
2025-09-11,1,0.35543717501236427,1,19.702299644296158,7.5141499042967705,48.9374129657665,14.0,20,7,2026-08-11 10:32:22
2025-09-12,1,0.4080671993005238,1,16.36991989432902,4.611279197147914,48.14609779000595,22.0,20,7,2026-08-11 10:32:22
2025-09-13,1,0.4062048077424534,1,17.97655031577509,6.217909618593984,49.75272821145202,31.0,20,7,2026-08-11 10:32:22
2025-09-14,1,0.3635211998302589,1,10.096757796682915,0.0,41.872935692359846,27.0,20,7,2026-08-11 10:32:22
2025-09-15,1,0.44042118945822695,1,18.979405810948027,7.220765113766921,50.75558370662496,26.0,20,7,2026-08-11 10:32:22
2025-09-16,1,0.4483098474944345,1,14.784532861444363,3.025892164263258,46.5607107571213,24.0,20,7,2026-08-11 10:32:22
2025-09-17,1,0.451344300319358,1,21.14173226584671,9.383091568665604,52.91791016152364,31.0,20,7,2026-08-11 10:32:22
2025-09-18,1,0.3648742789705941,1,18.05056764422767,6.291926947046564,49.82674553990461,7.0,20,7,2026-08-11 10:32:22
2025-09-19,1,0.2987909099310275,1,9.203201048611227,0.0,40.6159234498827,13.0,20,7,2026-08-11 10:32:22
2025-09-20,1,0.35737737983930457,1,13.002090622464982,0.15214891692211552,44.41481302373646,5.0,20,7,2026-08-11 10:32:22
2025-09-21,1,0.20550176233914275,1,11.5350832871088,0.0,42.94780568838028,2.0,20,7,2026-08-11 10:32:22
2025-09-22,1,0.31109570119541474,1,9.323093969850273,0.0,40.73581637112175,3.0,20,7,2026-08-11 10:32:22
2025-09-23,1,0.23364130043076375,1,9.24779277943834,0.0,40.660515180709815,15.0,20,7,2026-08-11 10:32:22
2025-09-24,1,0.4134669763071912,1,17.907664982628667,5.057723277085801,49.32038738390014,0.0,20,7,2026-08-11 10:32:22
2025-09-25,1,0.23842534098518747,1,7.539995404738616,0.0,38.95271780601009,0.0,20,7,2026-08-11 10:32:22
2025-09-26,1,0.15521166088694732,1,6.702582285439713,0.0,34.06762815753981,11.0,20,7,2026-08-11 10:32:22
2025-09-27,1,0.4511323699422862,1,12.937757804517958,1.6057326274577743,40.302803676618055,19.0,20,7,2026-08-11 10:32:22
2025-09-28,1,0.5524315634402073,1,18.876571410489838,7.544546233429655,46.241617282589935,6.0,20,7,2026-08-11 10:32:22
2025-09-29,1,0.4795177644956479,1,19.962662785693784,8.6306376086336,47.32770865779388,8.0,20,7,2026-08-11 10:32:22
2025-09-30,1,0.37404948108368646,1,17.91044425299348,6.5784190759332954,45.275490125093576,33.0,20,7,2026-08-11 10:32:22
2025-10-01,1,0.5254597469142486,1,17.00072811100964,5.668702933949456,44.36577398310973,12.0,20,7,2026-08-11 10:32:22
2025-10-02,1,0.465576192024355,1,18.188678530900365,6.856653353840182,45.55372440300046,11.0,20,7,2026-08-11 10:32:22
2025-10-03,1,0.3899449898360992,1,21.041140858880567,8.366713519130851,48.00877214468774,6.0,20,7,2026-08-11 10:32:22
2025-10-04,1,0.12128230892850107,1,10.240182696493981,0.0,37.207813982301154,10.0,20,7,2026-08-11 10:32:22
2025-10-05,1,0.29349448834358405,1,12.587079606750544,0.0,39.554710892557715,9.0,20,7,2026-08-11 10:32:22
2025-10-06,1,0.31475447493005876,1,15.942802846749423,3.268375506999707,42.910434132556595,10.0,20,7,2026-08-11 10:32:22
2025-10-07,1,0.3549446506713416,1,15.090057367679368,2.4156300279296516,42.05768865348654,3.0,20,7,2026-08-11 10:32:22
2025-10-08,1,0.1296792228703203,1,8.250805828946463,0.0,35.218437114753634,26.0,20,7,2026-08-11 10:32:22
2025-10-09,1,0.30587970048951374,1,13.08879715414362,0.4143698143939041,40.05642843995079,9.0,20,7,2026-08-11 10:32:22
2025-10-10,1,0.2817497647324589,1,21.83617788789623,9.216869179808109,48.9845261249116,8.0,20,7,2026-08-11 10:32:22
2025-10-11,1,0.17881629136103272,1,17.18541532012081,4.566106612032689,44.33376355713618,7.0,20,7,2026-08-11 10:32:22
2025-10-12,1,0.13400350463298003,1,6.5786312448778865,0.0,33.72697948189326,16.0,20,7,2026-08-11 10:32:22
2025-10-13,1,0.3292805979056811,1,23.570012620159464,10.950703912071342,50.71836085717484,13.0,20,7,2026-08-11 10:32:22
2025-10-14,1,0.4878847901977966,1,21.752104522785228,9.132795814697106,48.9004527598006,12.0,20,7,2026-08-11 10:32:22
2025-10-15,1,0.533553844018285,1,20.954697932616334,8.335389224528212,48.10304616963171,16.0,20,7,2026-08-11 10:32:22
2025-10-16,1,0.5630397193961683,1,23.02917913541451,10.409870427326387,50.17752737242988,23.0,20,7,2026-08-11 10:32:22
2025-10-17,1,0.32663785566232173,1,13.020740106518883,1.0112128428569793,40.05506153855814,18.0,20,7,2026-08-11 10:32:22
2025-10-18,1,0.3338364511042039,1,12.918701996203085,0.9091747325411816,39.953023428242346,27.0,20,7,2026-08-11 10:32:22
2025-10-19,1,0.26191039229459123,1,13.708277983803855,1.6987507201419518,40.74259941584312,2.0,20,7,2026-08-11 10:32:22
2025-10-20,1,0.16356935241493697,1,9.060237964308344,0.0,36.094559396347606,3.0,20,7,2026-08-11 10:32:22
2025-10-21,1,0.13288650697288704,1,8.010417860030687,0.0,35.04473929206995,2.0,20,7,2026-08-11 10:32:22
2025-10-22,1,0.2572782372095324,1,5.872039457315538,0.0,32.9063608893548,2.0,20,7,2026-08-11 10:32:22
2025-10-23,1,0.28003705925334216,1,12.53995875910806,0.5304314954461571,39.574280191147324,3.0,20,7,2026-08-11 10:32:22
2025-10-24,1,0.2968507888939393,1,9.08007329615838,0.0,34.5889282570288,11.0,20,7,2026-08-11 10:32:22
2025-10-25,1,0.3210286337876623,1,11.580636894236926,0.0,37.08949185510735,9.0,20,7,2026-08-11 10:32:22
2025-10-26,1,0.3622696681407433,1,15.360709172048296,2.82197462289332,40.86956413291871,8.0,20,7,2026-08-11 10:32:22
2025-10-27,1,0.3232374705318239,1,15.571429885770266,3.0326953366152907,41.08028484664069,4.0,20,7,2026-08-11 10:32:22
2025-10-28,1,0.28602586354542014,1,14.805163298455083,2.2664287493001076,40.3140182593255,10.0,20,7,2026-08-11 10:32:22
2025-10-29,1,0.29555628209771884,1,13.991040157324374,1.4523056081693984,39.49989511819479,25.0,20,7,2026-08-11 10:32:22
2025-10-30,1,0.3350020129097649,1,17.204680994002793,4.665946444847817,42.71353595487321,5.0,20,7,2026-08-11 10:32:22
2025-10-31,1,0.2492000949530455,1,10.842120699698626,0.0,36.93174840150888,5.0,20,7,2026-08-11 10:32:22
2025-11-01,1,0.1847793031597047,1,11.888658981453968,0.0,37.978286683264216,5.0,20,7,2026-08-11 10:32:22
2025-11-02,1,0.1516704484975763,1,9.270003665197244,0.0,35.359631367007495,6.0,20,7,2026-08-11 10:32:22
2025-11-03,1,0.2087893018698495,1,12.023901912965567,0.0,38.113529614775814,6.0,20,7,2026-08-11 10:32:22
2025-11-04,1,0.18447976162500118,1,12.60551132441058,0.0,38.69513902622083,2.0,20,7,2026-08-11 10:32:22
2025-11-05,1,0.2155836473028501,1,7.260079476184244,0.0,33.349707177994496,2.0,20,7,2026-08-11 10:32:22
2025-11-06,1,0.3455646429798422,1,8.722470000646513,0.0,34.81209770245677,12.0,20,7,2026-08-11 10:32:22
2025-11-07,1,0.41712392804406195,1,17.282002762011814,4.751746180839419,43.00152731777263,38.0,20,7,2026-08-11 10:32:22
2025-11-08,1,0.43039991318532284,1,24.38709795166256,11.856841370490166,50.106622507423374,18.0,20,7,2026-08-11 10:32:22
2025-11-09,1,0.3937989303522759,1,15.530635285637803,3.000378704465408,41.25015984139861,10.0,20,7,2026-08-11 10:32:22
2025-11-10,1,0.2743902433501115,1,13.4314273897679,0.9011708085955057,39.15095194552872,6.0,20,7,2026-08-11 10:32:22
2025-11-11,1,0.19409946943740086,1,9.846349839940807,0.0,35.56587439570162,8.0,20,7,2026-08-11 10:32:22
2025-11-12,1,0.38299979367623826,1,14.979569493586823,2.4493129124144275,40.699094049347636,0.0,20,7,2026-08-11 10:32:22
2025-11-13,1,0.08035995666538799,1,5.670725600411522,0.0,31.390250156172335,0.0,20,7,2026-08-11 10:32:22
2025-11-14,1,0.12101004581337586,1,6.163776294844617,0.0,32.60764187920214,21.0,20,7,2026-08-11 10:32:22
2025-11-15,1,0.25152582445418853,1,12.394749696025977,0.0,38.8386152803835,20.0,20,7,2026-08-11 10:32:22
2025-11-16,1,0.2805221301551103,1,14.377114911971248,1.3909621675947204,40.82098049632877,30.0,20,7,2026-08-11 10:32:22
2025-11-17,1,0.28650220084479294,1,18.343211014160556,5.357058269784028,44.787076598518084,8.0,20,7,2026-08-11 10:32:22
2025-11-18,1,0.2191621773421766,1,11.884435509867568,0.0,38.3283010942251,13.0,20,7,2026-08-11 10:32:22
2025-11-19,1,0.29125043620811186,1,19.260300242379724,6.274147498003197,45.70416582673725,9.0,20,7,2026-08-11 10:32:22
2025-11-20,1,0.26505183704457425,1,8.787388865043653,0.0,35.23125444940118,16.0,20,7,2026-08-11 10:32:22
2025-11-21,1,0.22366128646934105,1,8.817390127093955,0.0,30.87112731003386,29.0,20,7,2026-08-11 10:32:22
2025-11-22,1,0.2285691596016076,1,9.741205324280621,0.0,31.794942507220526,18.0,20,7,2026-08-11 10:32:22
2025-11-23,1,0.267089681359174,1,10.992433590093945,0.0,33.04617077303385,8.0,20,7,2026-08-11 10:32:22
2025-11-24,1,0.1427547859272914,1,8.83239075066294,0.0,30.886127933602843,11.0,20,7,2026-08-11 10:32:22
2025-11-25,1,0.21101300435459958,1,14.367973273008245,0.7875711057131944,36.42171045594815,20.0,20,7,2026-08-11 10:32:22
2025-11-26,1,0.2200547009496916,1,10.918204076700384,0.0,32.97194125964029,17.0,20,7,2026-08-11 10:32:22
2025-11-27,1,0.15903656730093954,1,9.971899381225876,0.0,32.02563656416578,4.0,20,7,2026-08-11 10:32:22
2025-11-28,1,0.15748208511522102,1,7.006074929694216,0.0,28.782342999475752,26.0,20,7,2026-08-11 10:32:22
2025-11-29,1,0.2472588102776784,1,12.621588307692027,0.0,34.397856377473566,27.0,20,7,2026-08-11 10:32:22
2025-11-30,1,0.2859352010378675,1,13.04246553842268,0.0,34.81873360820422,9.0,20,7,2026-08-11 10:32:22
2025-12-01,1,0.30738317250539354,1,14.815178878735374,0.0,36.59144694851691,9.0,20,7,2026-08-11 10:32:22
2025-12-02,1,0.22205937732506303,1,8.689025273714138,0.0,30.465293343495674,10.0,20,7,2026-08-11 10:32:22
2025-12-03,1,0.2656856977483745,1,10.793914313509802,0.0,32.57018238329134,8.0,20,7,2026-08-11 10:32:22
2025-12-04,1,0.1951198788343435,1,11.56580182835374,0.0,33.34206989813528,14.0,20,7,2026-08-11 10:32:22
2025-12-05,1,0.3385002750791543,1,10.977269690714234,0.0,35.84986573861474,29.0,20,7,2026-08-11 10:32:22
2025-12-06,1,0.22489606172345963,1,10.897866393964875,0.0,35.77046244186538,2.0,20,7,2026-08-11 10:32:22
2025-12-07,1,0.17798048437528033,1,7.496567632246621,0.0,32.369163680147125,4.0,20,7,2026-08-11 10:32:22
2025-12-08,1,0.11963806500641395,1,8.382235449299893,0.0,33.2548314972004,8.0,20,7,2026-08-11 10:32:22
2025-12-09,1,0.29930741272619577,1,11.445218907852695,0.0,36.3178149557532,7.0,20,7,2026-08-11 10:32:22
2025-12-10,1,0.25307573221839125,1,17.885484872770338,4.143899937837865,42.75808092067084,15.0,20,7,2026-08-11 10:32:22
2025-12-11,1,0.2262881870908621,1,19.156176497139246,5.414591562206773,44.02877254503975,33.0,20,7,2026-08-11 10:32:22
2025-12-12,1,0.16085812404920052,1,13.480053286567264,0.0,36.806237316105275,9.0,20,7,2026-08-11 10:32:22
2025-12-13,1,0.17443182112715697,1,9.036550483812333,0.0,32.36273451335034,2.0,20,7,2026-08-11 10:32:22
2025-12-14,1,0.12847276513646097,1,5.285055382813955,0.0,28.611239412351964,3.0,20,7,2026-08-11 10:32:22
2025-12-15,1,0.16858480265208753,1,7.440427232721806,0.0,30.766611262259815,13.0,20,7,2026-08-11 10:32:22
2025-12-16,1,0.24624140062611535,1,13.18204195402151,0.0,36.50822598355952,9.0,20,7,2026-08-11 10:32:22
2025-12-17,1,0.3072827704241155,1,14.72764417160513,0.4519169087092667,38.05382820114314,40.0,20,7,2026-08-11 10:32:22
2025-12-18,1,0.23245320981364762,1,19.451724643791145,5.175997380895282,42.77790867332915,7.0,20,7,2026-08-11 10:32:22
2025-12-19,1,0.19299873276682314,1,10.733949343487637,0.0,32.091360324350866,6.0,20,7,2026-08-11 10:32:22
2025-12-20,1,0.14937475913207018,1,7.248372179194394,0.0,28.605783160057623,7.0,20,7,2026-08-11 10:32:22
2025-12-21,1,0.17228990371961522,1,8.061638109069614,0.0,29.41904908993284,4.0,20,7,2026-08-11 10:32:22
2025-12-22,1,0.2631952397833502,1,11.52926988556227,0.0,32.8866808664255,6.0,20,7,2026-08-11 10:32:22
2025-12-23,1,0.24738620670583153,1,11.402743336230962,0.0,32.76015431709419,5.0,20,7,2026-08-11 10:32:22
2025-12-24,1,0.26940833732841074,1,6.109316279863693,0.0,27.46672726072692,6.0,20,7,2026-08-11 10:32:22
2025-12-25,1,0.2925632861884578,1,7.426652965547054,0.0,28.78406394641028,2.0,20,7,2026-08-11 10:32:22
2025-12-26,1,0.20371485867070382,1,9.72427144277612,0.0,31.667698223586875,13.0,20,7,2026-08-11 10:32:22
2025-12-27,1,0.21548614229790894,1,12.910048594429037,0.0,34.85347537523979,3.0,20,7,2026-08-11 10:32:22
2025-12-28,1,0.2695493599599062,1,10.445210738845331,0.0,32.388637519656086,2.0,20,7,2026-08-11 10:32:22
2025-12-29,1,0.23051725141640986,1,11.880346900735166,0.0,33.823773681545916,130.0,20,7,2026-08-11 10:32:22
2025-12-30,1,0.43508865593707735,1,35.70544408535835,21.693318599620206,57.648870866169105,77.0,20,7,2026-08-11 10:32:22
2025-12-31,1,0.439211994710186,1,33.925790310078746,19.9136648243406,55.8692170908895,3.0,20,7,2026-08-11 10:32:22
2026-01-01,1,0.2982050160528507,1,10.792896914520583,0.0,32.736323695331336,0.0,20,7,2026-08-11 10:32:22
2026-01-02,1,0.07046305700429334,1,9.40017497336737,0.0,29.749472453972167,0.0,20,7,2026-08-11 10:32:22
2026-01-03,1,0.09339534929778069,1,13.896847662036743,0.0,34.24614514264154,4.0,20,7,2026-08-11 10:32:22
2026-01-04,1,0.11874693224031443,1,14.571470009701327,0.0,34.920767490306126,0.0,20,7,2026-08-11 10:32:22
2026-01-05,1,0.09905887969789591,1,19.425885633161997,4.1042276135349365,39.77518311376679,3.0,20,7,2026-08-11 10:32:22
2026-01-06,1,0.1196549724941814,1,14.002432480851947,0.0,34.35172996145674,8.0,20,7,2026-08-11 10:32:22
2026-01-07,1,0.21362144917273407,1,12.14463762419141,0.0,32.49393510479621,11.0,20,7,2026-08-11 10:32:22
2026-01-08,1,0.2724609954619546,1,13.645309747537405,0.0,33.9946072281422,9.0,20,7,2026-08-11 10:32:22
2026-01-09,1,0.2887914461836577,1,13.553650457890724,0.0,32.65541744029842,23.0,20,7,2026-08-11 10:32:22
2026-01-10,1,0.22478246261879437,1,9.59544333554916,0.0,28.69721031795686,3.0,20,7,2026-08-11 10:32:22
2026-01-11,1,0.21281485868560387,1,10.470286059177948,0.0,29.572053041585647,4.0,20,7,2026-08-11 10:32:22
2026-01-12,1,0.22959186617501673,1,12.218954833183536,0.0,31.320721815591234,0.0,20,7,2026-08-11 10:32:22
2026-01-13,1,0.18534793444062087,1,8.97828430491226,0.0,28.08005128731996,10.0,20,7,2026-08-11 10:32:22
2026-01-14,1,0.20500116695912052,1,19.586014143082814,4.671305620858529,38.68778112549052,20.0,20,7,2026-08-11 10:32:22
2026-01-15,1,0.2667809393042053,1,15.599440119222653,0.6847315969983683,34.70120710163035,9.0,20,7,2026-08-11 10:32:22
2026-01-16,1,0.19522460935156777,1,11.557565253693467,0.0,30.890925588055467,34.0,20,7,2026-08-11 10:32:22
2026-01-17,1,0.07364735942419406,1,7.4413244594836865,0.0,26.774684793845687,26.0,20,7,2026-08-11 10:32:22
2026-01-18,1,0.05764076090665959,1,6.318925646102216,0.0,25.652285980464214,26.0,20,7,2026-08-11 10:32:22
2026-01-19,1,0.08095031582385057,1,8.286807048020854,0.0,27.620167382382853,2.0,20,7,2026-08-11 10:32:22
2026-01-20,1,0.018084779208054853,1,6.351122040209271,0.0,25.684482374571267,2.0,20,7,2026-08-11 10:32:22
2026-01-21,1,0.01674111542421386,1,4.557064682869837,0.0,23.890425017231834,4.0,20,7,2026-08-11 10:32:22
2026-01-22,1,0.02086494579104421,1,3.510119560376975,0.0,22.843479894738973,2.0,20,7,2026-08-11 10:32:22
2026-01-23,1,0.03896296923815259,1,5.595521450377477,0.0,23.64342126583893,11.0,20,7,2026-08-11 10:32:22
2026-01-24,1,0.055450886108952914,1,10.089239440414726,0.0,28.13713925587618,26.0,20,7,2026-08-11 10:32:22
2026-01-25,1,0.054370604319123945,1,10.13841154669686,0.0,28.186311362158314,4.0,20,7,2026-08-11 10:32:22
2026-01-26,1,0.04312219164183702,1,7.083929075722465,0.0,25.13182889118392,5.0,20,7,2026-08-11 10:32:22
2026-01-27,1,0.02223950177798901,1,5.703867251719946,0.0,23.751767067181397,2.0,20,7,2026-08-11 10:32:22
2026-01-28,1,0.035029864039439494,1,3.4145827543767893,0.0,21.46248256983824,4.0,20,7,2026-08-11 10:32:22
2026-01-29,1,0.0578833638956912,1,4.583352439049954,0.0,22.631252254511406,5.0,20,7,2026-08-11 10:32:22
2026-01-30,1,0.09864991168542578,1,4.507809841587743,0.0,22.667200517476775,26.0,20,7,2026-08-11 10:32:22
2026-01-31,1,0.08645884117883094,1,6.840692148511284,0.0,25.000082824400316,3.0,20,7,2026-08-11 10:32:22
2026-02-01,1,0.07586268976113707,1,2.6356182858154775,0.0,20.79500896170451,1.0,20,7,2026-08-11 10:32:22
2026-02-02,1,0.0468031038762129,1,2.6825206156024652,0.0,20.8419112914915,0.0,20,7,2026-08-11 10:32:22
2026-02-03,1,0.03690551395433927,1,3.0160833599807555,0.0,21.175474035869787,2.0,20,7,2026-08-11 10:32:22
2026-02-04,1,0.10247250419098262,1,6.85500525510074,0.0,25.01439593098977,13.0,20,7,2026-08-11 10:32:22
2026-02-05,1,0.11991680204410389,1,14.612787746032206,0.0,32.77217842192124,12.0,20,7,2026-08-11 10:32:22
2026-02-06,1,0.1315420297059483,1,17.105382787109434,2.615896010129477,34.55657111425874,8.0,20,7,2026-08-11 10:32:22
2026-02-07,1,0.14405435684377743,1,13.283685306694107,0.0,30.73487363384341,6.0,20,7,2026-08-11 10:32:22
2026-02-08,1,0.1887224388861335,1,9.031353186658816,0.0,26.48254151380812,0.0,20,7,2026-08-11 10:32:22
2026-02-09,1,0.08917193147346933,1,8.621542608112845,0.0,26.07273093526215,4.0,20,7,2026-08-11 10:32:22
2026-02-10,1,0.14097552899576068,1,9.636800101758183,0.0,27.087988428907487,9.0,20,7,2026-08-11 10:32:22
2026-02-11,1,0.15674965111626848,1,15.771183927737034,1.2816971507570774,33.22237225488634,17.0,20,7,2026-08-11 10:32:22
2026-02-12,1,0.28170666115228093,1,17.260893152053665,2.771406375073708,34.712081479202965,42.0,20,7,2026-08-11 10:32:22
2026-02-13,1,0.28908444303103215,1,19.526519522316278,3.647548929734855,37.92974520823764,0.0,20,7,2026-08-11 10:32:22
2026-02-14,1,0.10905093032063538,1,6.527304525048788,0.0,24.93053021097015,1.0,20,7,2026-08-11 10:32:22
2026-02-15,1,0.08390774359678356,1,2.891426981092712,0.0,21.294652667014077,11.0,20,7,2026-08-11 10:32:22
2026-02-16,1,0.20867560626266815,1,25.79733509294376,9.918364500362339,44.200560778865125,3.0,20,7,2026-08-11 10:32:22
2026-02-17,1,0.18879971963765346,1,13.248601489285257,0.0,31.65182717520662,0.0,20,7,2026-08-11 10:32:22
2026-02-18,1,0.18735252055796026,1,15.459147936498015,0.0,33.862373622419376,0.0,20,7,2026-08-11 10:32:22
2026-02-19,1,0.2641953404218795,1,11.714655042587424,0.0,30.117880728508787,0.0,20,7,2026-08-11 10:32:22
2026-02-20,1,0.1201766326919287,1,15.076537326506998,1.8660339200470872,32.87518139002961,14.0,20,7,2026-08-11 10:32:22
2026-02-21,1,0.23641214689805712,1,21.224652019186582,8.014148612726672,39.023296082709194,8.0,20,7,2026-08-11 10:32:22
2026-02-22,1,0.2361842730083805,1,16.45967120202362,3.249167795563711,34.25831526554623,8.0,20,7,2026-08-11 10:32:22
2026-02-23,1,0.16813126885932592,1,11.572171261553027,0.0,29.370815325075636,0.0,20,7,2026-08-11 10:32:22
2026-02-24,1,0.1645065138648155,1,10.812705622655818,0.0,28.61134968617843,0.0,20,7,2026-08-11 10:32:22
2026-02-25,1,0.28392443737509937,1,8.289934730851746,0.0,26.088578794374357,0.0,20,7,2026-08-11 10:32:22
2026-02-26,1,0.34300711549498764,1,12.228978426044764,0.0,30.02762248956737,30.0,20,7,2026-08-11 10:32:22
2026-02-27,1,0.30489550451715486,1,15.669517512669449,0.9370046802480694,34.165068076926225,8.0,20,7,2026-08-11 10:32:22
2026-02-28,1,0.21451768989984651,1,8.989983187424459,0.0,27.48553375168123,0.0,20,7,2026-08-11 10:32:22
2026-03-01,1,0.08386119761802197,1,3.2246522071632837,0.0,21.72020277142006,0.0,20,7,2026-08-11 10:32:22
2026-03-02,1,0.12402862537624368,1,4.361389223977841,0.0,22.856939788234616,0.0,20,7,2026-08-11 10:32:22
2026-03-03,1,0.10070742934083729,1,5.776828543916689,0.0,24.272379108173464,0.0,20,7,2026-08-11 10:32:22
2026-03-04,1,0.13889978984288487,1,6.65743566777076,0.0,25.152986232027533,0.0,20,7,2026-08-11 10:32:22
2026-03-05,1,0.12476539911135083,1,6.037612516849451,0.0,24.533163081106224,0.0,20,7,2026-08-11 10:32:22
2026-03-06,1,0.09459266123809695,1,5.136815577151917,0.0,23.236138581974586,0.0,20,7,2026-08-11 10:32:22
2026-03-07,1,0.06369943745362285,1,3.617510574401555,0.0,21.71683357922422,2.0,20,7,2026-08-11 10:32:22
2026-03-08,1,0.08183826142512439,1,4.080485799931783,0.0,22.17980880475445,0.0,20,7,2026-08-11 10:32:22
2026-03-09,1,0.051796988765118276,1,2.896226144465242,0.0,20.99554914928791,0.0,20,7,2026-08-11 10:32:22
2026-03-10,1,0.0584855482921386,1,5.468880225526644,0.0,23.56820323034931,0.0,20,7,2026-08-11 10:32:22
2026-03-11,1,0.06431081287645696,1,6.4287908131932525,0.0,24.52811381801592,0.0,20,7,2026-08-11 10:32:22
2026-03-12,1,0.10373094215689534,1,6.099741434406998,0.0,24.199064439229666,5.0,20,7,2026-08-11 10:32:22
2026-03-13,1,0.1126274415586177,1,5.9715039671515395,0.0,24.526634512716683,3.0,20,7,2026-08-11 10:32:22
2026-03-14,1,0.04760928864944184,1,3.5851116513629204,0.0,22.140242196928064,3.0,20,7,2026-08-11 10:32:22
2026-03-15,1,0.05426086684924433,1,6.533063570445827,0.0,25.088194116010968,26.0,20,7,2026-08-11 10:32:22
2026-03-16,1,0.15473342182061398,1,4.298172096005702,0.0,22.853302641570842,2.0,20,7,2026-08-11 10:32:22
2026-03-17,1,0.13011740896334323,1,1.9655487069276205,0.0,20.520679252492762,2.0,20,7,2026-08-11 10:32:22
2026-03-18,1,0.16100942653739767,1,1.8644363588454336,0.0,20.419566904410576,36.0,20,7,2026-08-11 10:32:22
2026-03-19,1,0.2779914940514632,1,8.300083198728037,0.0,26.85521374429318,12.0,20,7,2026-08-11 10:32:22
2026-03-20,1,0.16857829575683858,1,4.7794822434561715,0.0,23.375258489925656,6.0,20,7,2026-08-11 10:32:22
2026-03-21,1,0.18011782462595996,1,4.297956323093012,0.0,22.893732569562495,2.0,20,7,2026-08-11 10:32:22
2026-03-22,1,0.10505156417235001,1,3.343394391440558,0.0,21.939170637910042,0.0,20,7,2026-08-11 10:32:22
2026-03-23,1,0.08970770546110118,1,0.9926413717675356,0.0,19.58841761823702,0.0,20,7,2026-08-11 10:32:22
2026-03-24,1,0.134585469009167,1,0.9289820847994851,0.0,19.52475833126897,3.0,20,7,2026-08-11 10:32:22
2026-03-25,1,0.15553448031371375,1,1.7065734408768183,0.0,20.3023496873463,16.0,20,7,2026-08-11 10:32:22
2026-03-26,1,0.20288031496161885,1,4.028837200711353,0.0,22.624613447180835,4.0,20,7,2026-08-11 10:32:22
2026-03-27,1,0.15905433202656552,1,4.026632546914378,0.0,22.931299042206774,6.0,20,7,2026-08-11 10:32:22
2026-03-28,1,0.18548631011607472,1,5.050814236772972,0.0,23.955480732065368,13.0,20,7,2026-08-11 10:32:22
2026-03-29,1,0.20731568722501256,1,6.585121570097052,0.0,25.489788065389448,19.0,20,7,2026-08-11 10:32:22
2026-03-30,1,0.19410007806651383,1,8.306729139689896,0.0,27.211395634982292,0.0,20,7,2026-08-11 10:32:22
2026-03-31,1,0.1353640364218728,1,3.45323117930564,0.0,22.357897674598036,0.0,20,7,2026-08-11 10:32:22
2026-04-01,1,0.21249162965108187,1,5.44535960260512,0.0,24.350026097897516,11.0,20,7,2026-08-11 10:32:22
2026-04-02,1,0.2825650733905254,1,8.188311627119857,0.0,27.092978122412255,25.0,20,7,2026-08-11 10:32:22
2026-04-03,1,0.23091467360949963,1,8.426636844506952,0.0,27.360539617629968,2.0,20,7,2026-08-11 10:32:22
2026-04-04,1,0.15735016602646923,1,3.6075244434501306,0.0,22.541427216573148,2.0,20,7,2026-08-11 10:32:22
2026-04-05,1,0.18210351199511343,1,4.745949047809428,0.0,23.679851820932445,0.0,20,7,2026-08-11 10:32:22
2026-04-06,1,0.09173123499518145,1,1.0818257512698137,0.0,20.01572852439283,3.0,20,7,2026-08-11 10:32:22
2026-04-07,1,0.22566859450543203,1,3.3793780583014397,0.0,22.313280831424457,0.0,20,7,2026-08-11 10:32:22
2026-04-08,1,0.16173576021489638,1,3.3206332802032645,0.0,22.25453605332628,2.0,20,7,2026-08-11 10:32:22
2026-04-09,1,0.15453931769598186,1,6.793415213403084,0.0,25.7273179865261,6.0,20,7,2026-08-11 10:32:22
2026-04-10,1,0.10366442503301596,1,9.562177279910978,0.0,28.70499465220786,7.0,20,7,2026-08-11 10:32:22
2026-04-11,1,0.20592890634646022,1,11.295446929578826,0.0,30.438264301875705,17.0,20,7,2026-08-11 10:32:22
2026-04-12,1,0.13072061278144914,1,6.807844557709412,0.0,25.95066193000629,2.0,20,7,2026-08-11 10:32:22
2026-04-13,1,0.16041390924653473,1,3.6034424944452947,0.0,22.74625986674217,0.0,20,7,2026-08-11 10:32:22
2026-04-14,1,0.09884552286867503,1,3.236072278146808,0.0,22.378889650443686,9.0,20,7,2026-08-11 10:32:22
2026-04-15,1,0.16670925821989954,1,11.559915923167184,0.0,30.702733295464064,5.0,20,7,2026-08-11 10:32:22
2026-04-16,1,0.19702968091593392,1,8.986992731749574,0.0,28.129810104046452,3.0,20,7,2026-08-11 10:32:22
2026-04-17,1,0.15191610745457787,1,7.573878693566721,0.0,26.10601509018128,5.0,20,7,2026-08-11 10:32:22
2026-04-18,1,0.10546317928252248,1,6.242143997286187,0.0,24.77428039390075,5.0,20,7,2026-08-11 10:32:22
2026-04-19,1,0.14521262844386823,1,10.651776217618064,0.0,29.183912614232625,2.0,20,7,2026-08-11 10:32:22
2026-04-20,1,0.19566206535445663,1,6.6379596775647896,0.0,25.17009607417935,5.0,20,7,2026-08-11 10:32:22
2026-04-21,1,0.17903659356000676,1,5.446924551232627,0.0,23.979060947847188,24.0,20,7,2026-08-11 10:32:22
2026-04-22,1,0.17084762529393283,1,4.585391468557956,0.0,23.11752786517252,6.0,20,7,2026-08-11 10:32:22
2026-04-23,1,0.15737960338282928,1,7.097027643559705,0.0,25.629164040174267,15.0,20,7,2026-08-11 10:32:22
2026-04-24,1,0.18537433473779844,1,6.390741794047535,0.0,24.951873146920157,2.0,20,7,2026-08-11 10:32:22
2026-04-25,1,0.12256374689250256,1,4.332921344462231,0.0,22.894052697334853,8.0,20,7,2026-08-11 10:32:22
2026-04-26,1,0.1345880977875663,1,5.078995756929434,0.0,23.640127109802055,28.0,20,7,2026-08-11 10:32:22
2026-04-27,1,0.11985908000467028,1,13.6866252343299,1.1703149676790687,32.247756587202524,7.0,20,7,2026-08-11 10:32:22
2026-04-28,1,0.15323519694644153,1,7.142933379249882,0.0,25.704064732122504,22.0,20,7,2026-08-11 10:32:22
2026-04-29,1,0.18521113084856683,1,13.62030342847501,1.103993161824178,32.18143478134763,10.0,20,7,2026-08-11 10:32:22
2026-04-30,1,0.1781589496057,1,8.647589523451765,0.0,27.208720876324385,2.0,20,7,2026-08-11 10:32:22
2026-05-01,1,0.14502829708621073,1,7.378297933507443,0.0,26.032014035303384,4.0,20,7,2026-08-11 10:32:22
2026-05-02,1,0.16974241765371254,1,8.0574893977561,0.0,26.71120549955204,29.0,20,7,2026-08-11 10:32:22
2026-05-03,1,0.13295909850551807,1,7.674664613593323,0.0,26.32838071538926,0.0,20,7,2026-08-11 10:32:22
2026-05-04,1,0.06525993989174526,1,3.8972429884627386,0.0,22.55095909025868,2.0,20,7,2026-08-11 10:32:22
2026-05-05,1,0.2026017352079287,1,7.166598330397297,0.0,25.820314432193236,0.0,20,7,2026-08-11 10:32:22
2026-05-06,1,0.08020528661213304,1,3.060073928607758,0.0,21.713790030403697,0.0,20,7,2026-08-11 10:32:22
2026-05-07,1,0.15163188284734572,1,2.923919058647575,0.0,21.577635160443513,22.0,20,7,2026-08-11 10:32:22
2026-05-08,1,0.27433061069834613,1,8.997630574339807,0.0,28.43521325441975,12.0,20,7,2026-08-11 10:32:22
2026-05-09,1,0.19100315366637471,1,6.420674121818885,0.0,25.85825680189883,8.0,20,7,2026-08-11 10:32:22
2026-05-10,1,0.17969799960318564,1,5.607856472141531,0.0,25.045439152221476,12.0,20,7,2026-08-11 10:32:22
2026-05-11,1,0.21264987686303333,1,7.0511836324451895,0.0,26.488766312525136,7.0,20,7,2026-08-11 10:32:22
2026-05-12,1,0.2963366603969684,1,13.363640127743444,0.13114215582351818,32.80122280782339,9.0,20,7,2026-08-11 10:32:22
2026-05-13,1,0.305509724375034,1,15.150243159263555,1.9177451873436286,34.5878258393435,2.0,20,7,2026-08-11 10:32:22
2026-05-14,1,0.17364242109765649,1,8.04887187713352,0.0,27.486454557213463,3.0,20,7,2026-08-11 10:32:22
2026-05-15,1,0.16549041240474038,1,7.680059655282031,0.0,27.106251332857013,0.0,20,7,2026-08-11 10:32:22
2026-05-16,1,0.12056717422836574,1,4.6122234584849,0.0,24.038415136059882,0.0,20,7,2026-08-11 10:32:22
2026-05-17,1,0.10830306046730856,1,5.675146461944058,0.0,25.101338139519036,5.0,20,7,2026-08-11 10:32:22
2026-05-18,1,0.13791370625662447,1,8.610714361720062,0.0,28.03690603929504,7.0,20,7,2026-08-11 10:32:22
2026-05-19,1,0.18540681772635167,1,9.441194536582216,0.0,28.867386214157197,13.0,20,7,2026-08-11 10:32:22
2026-05-20,1,0.27074084702477264,1,6.7129842679852105,0.0,26.13917594556019,24.0,20,7,2026-08-11 10:32:22
2026-05-21,1,0.14645539126711452,1,8.43613007602943,0.0,27.862321753604412,7.0,20,7,2026-08-11 10:32:22
2026-05-22,1,0.15895144960220628,1,6.261220393493467,0.0,25.698809636769486,6.0,20,7,2026-08-11 10:32:22
2026-05-23,1,0.16363451877589374,1,6.031601797960765,0.0,25.469191041236783,16.0,20,7,2026-08-11 10:32:22
2026-05-24,1,0.13488420085035882,1,6.276937646400602,0.0,25.71452688967662,4.0,20,7,2026-08-11 10:32:22
2026-05-25,1,0.27061395851965003,1,9.375569823082262,0.0,28.81315906635828,9.0,20,7,2026-08-11 10:32:22
2026-05-26,1,0.3382944049052886,1,10.821861759734958,0.0,30.259451003010977,29.0,20,7,2026-08-11 10:32:22
2026-05-27,1,0.1616613258933698,1,7.332488242833699,0.0,26.770077486109717,10.0,20,7,2026-08-11 10:32:22
2026-05-28,1,0.192740759347648,1,10.4568011940371,0.0,29.89439043731312,9.0,20,7,2026-08-11 10:32:22
2026-05-29,1,0.19829578231306288,1,10.025808505779079,0.0,29.306211899537093,10.0,20,7,2026-08-11 10:32:22
2026-05-30,1,0.18246006227345643,1,9.576501777320432,0.0,28.856905171078445,16.0,20,7,2026-08-11 10:32:22
2026-05-31,1,0.19448415902268656,1,10.10408109279235,0.0,29.384484486550363,0.0,20,7,2026-08-11 10:32:22
2026-06-01,1,0.14749064870618833,1,2.803956810089273,0.0,22.084360203847286,0.0,20,7,2026-08-11 10:32:22
2026-06-02,1,0.18445446395198337,1,3.1195648242812513,0.0,22.399968218039266,7.0,20,7,2026-08-11 10:32:22
2026-06-03,1,0.2854133955038167,1,8.426059864658253,0.0,27.706463258416267,18.0,20,7,2026-08-11 10:32:22
2026-06-04,1,0.252205606821537,1,11.769539289159312,0.0,31.049942682917326,32.0,20,7,2026-08-11 10:32:22
2026-06-05,1,0.2092014207049229,1,9.194474880222462,0.0,27.84648672049626,7.0,20,7,2026-08-11 10:32:22
2026-06-06,1,0.21984951345375356,1,11.039550205514535,0.0,29.69156204578833,22.0,20,7,2026-08-11 10:32:22
2026-06-07,1,0.08878374995110984,1,5.50989957761795,0.0,24.161911417891748,4.0,20,7,2026-08-11 10:32:22
2026-06-08,1,0.09264620364330725,1,6.490273184225154,0.0,25.142285024498953,2.0,20,7,2026-08-11 10:32:22
2026-06-09,1,0.1654335548277972,1,5.929160234090289,0.0,24.581172074364087,0.0,20,7,2026-08-11 10:32:22
2026-06-10,1,0.07948708936376343,1,4.327673389476268,0.0,22.979685229750064,0.0,20,7,2026-08-11 10:32:22
2026-06-11,1,0.19090678261054753,1,5.179416694789089,0.0,23.831428535062887,11.0,20,7,2026-08-11 10:32:22
2026-06-12,1,0.18764408260982943,1,11.688960660879438,0.0,31.147267687659177,14.0,20,7,2026-08-11 10:32:22
2026-06-13,1,0.1665317216463899,1,14.160019089827005,1.4819290257296895,33.618326116606745,6.0,20,7,2026-08-11 10:32:22
2026-06-14,1,0.12279657532896947,1,7.7440800918363815,0.0,27.20238711861612,0.0,20,7,2026-08-11 10:32:22
2026-06-15,1,0.10749567269641111,1,4.471703832065192,0.0,23.93001085884493,0.0,20,7,2026-08-11 10:32:22
2026-06-16,1,0.1176159638720305,1,5.682024672592113,0.0,25.140331699371853,0.0,20,7,2026-08-11 10:32:22
2026-06-17,1,0.21056810355466377,1,7.916022007449182,0.0,27.37432903422892,0.0,20,7,2026-08-11 10:32:22
2026-06-18,1,0.26590238905083663,1,23.727907409440792,11.049817345343477,43.18621443622053,0.0,20,7,2026-08-11 10:32:22
2026-06-19,1,0.17407229214540784,1,6.681752565807775,0.0,25.307014107877222,4.0,20,7,2026-08-11 10:32:22
2026-06-20,1,0.05867667848690221,1,7.857483354201763,0.0,26.482744896271214,5.0,20,7,2026-08-11 10:32:22
2026-06-21,1,0.04978770214397823,1,8.097091678906654,0.0,26.722353220976103,2.0,20,7,2026-08-11 10:32:22
2026-06-22,1,0.1682410534849401,1,11.704538160658595,0.0,30.329799702728046,23.0,20,7,2026-08-11 10:32:22
2026-06-23,1,0.1444449306002143,1,5.39723073567364,0.0,24.02249227774309,6.0,20,7,2026-08-11 10:32:22
2026-06-24,1,0.21338788634986508,1,8.082875154411793,0.0,26.70813669648124,11.0,20,7,2026-08-11 10:32:22
2026-06-25,1,0.23176702584533634,1,8.448291391930391,0.0,27.073552933999842,14.0,20,7,2026-08-11 10:32:22
2026-06-26,1,0.1862934175310426,1,4.526746023872391,0.0,22.776133932261367,2.0,20,7,2026-08-11 10:32:22
2026-06-27,1,0.2238910700885681,1,4.4929052378824474,0.0,22.74229314627142,0.0,20,7,2026-08-11 10:32:22
2026-06-28,1,0.07796356613222268,1,2.4140658266663158,0.0,20.663453735055292,0.0,20,7,2026-08-11 10:32:22
2026-06-29,1,0.06684700382534252,1,3.2648925284944883,0.0,21.514280436883464,0.0,20,7,2026-08-11 10:32:22
2026-06-30,1,0.09695119751042194,1,3.9887424830902782,0.0,22.238130391479253,2.0,20,7,2026-08-11 10:32:22
2026-07-01,1,0.13615095785299727,1,9.239410364242469,0.0,27.488798272631442,13.0,20,7,2026-08-11 10:32:22
2026-07-02,1,0.20437356529169173,1,10.932662775716478,0.0,29.182050684105455,5.0,20,7,2026-08-11 10:32:22
2026-07-03,1,0.16524400099580833,1,12.993105662206666,0.37047028269335236,31.050308005348075,30.0,20,7,2026-08-11 10:32:22
2026-07-04,1,0.16255314319927916,1,8.809553582747125,0.0,26.866755925888533,8.0,20,7,2026-08-11 10:32:22
2026-07-05,1,0.15098186033017538,1,9.906302902590214,0.0,27.963505245731625,0.0,20,7,2026-08-11 10:32:22
2026-07-06,1,0.10037961458642168,1,4.5540030938165055,0.0,22.611205436957913,5.0,20,7,2026-08-11 10:32:22
2026-07-07,1,0.1944894471826125,1,10.98633177550811,0.0,29.043534118649518,4.0,20,7,2026-08-11 10:32:22
2026-07-08,1,0.28918843043241055,1,11.205677002711374,0.0,29.26287934585278,9.0,20,7,2026-08-11 10:32:22
2026-07-09,1,0.32898594232634726,1,12.284380604491911,0.0,30.34158294763332,28.0,20,7,2026-08-11 10:32:22
2026-07-10,1,0.14314504654545782,1,7.40007328367577,0.0,25.015059454309483,0.0,20,7,2026-08-11 10:32:22
2026-07-11,1,0.07448039107491923,1,1.686568704838678,0.0,19.30155487547239,0.0,20,7,2026-08-11 10:32:22
2026-07-12,1,0.10233952279435979,1,2.121990274126912,0.0,19.736976444760625,0.0,20,7,2026-08-11 10:32:22
2026-07-13,1,0.03623706164214277,1,1.2322952708495953,0.0,18.847281441483307,0.0,20,7,2026-08-11 10:32:22
2026-07-14,1,0.08053926742225676,1,2.105458789746613,0.0,19.720444960380327,3.0,20,7,2026-08-11 10:32:22
2026-07-15,1,0.14049534568138697,1,7.6560571128031185,0.0,25.271043283436832,6.0,20,7,2026-08-11 10:32:22
2026-07-16,1,0.2211884613739337,1,6.64764818413321,0.0,24.262634354766924,5.0,20,7,2026-08-11 10:32:22
2026-07-17,1,0.20846314951793918,1,14.520896254590756,2.6902054257191512,31.975745303341327,9.0,20,7,2026-08-11 10:32:22
2026-07-18,1,0.20359311566521382,1,9.406226985770726,0.0,26.861076034521297,0.0,20,7,2026-08-11 10:32:22
2026-07-19,1,0.10832020794853081,1,3.9868049932169907,0.0,21.44165404196756,10.0,20,7,2026-08-11 10:32:22
2026-07-20,1,0.20648362650290933,1,7.794508060647072,0.0,25.249357109397643,2.0,20,7,2026-08-11 10:32:22
2026-07-21,1,0.1676869064544034,1,6.674278898140916,0.0,24.129127946891487,4.0,20,7,2026-08-11 10:32:22
2026-07-22,1,0.2197328856442806,1,10.804041892568806,0.0,28.25889094131938,12.0,20,7,2026-08-11 10:32:22
2026-07-23,1,0.20953894593618697,1,9.914045410001881,0.0,27.36889445875245,21.0,20,7,2026-08-11 10:32:22
2026-07-24,1,0.10714315250904517,1,4.895630397085946,0.0,22.23845343647245,8.0,20,7,2026-08-11 10:32:22
2026-07-25,1,0.11517495741762819,1,4.115999249592145,0.0,21.458822288978652,29.0,20,7,2026-08-11 10:32:22
2026-07-26,1,0.09399092655117655,1,3.673097780023693,0.0,21.015920819410198,4.0,20,7,2026-08-11 10:32:22
2026-07-27,1,0.09343526612558198,1,3.1107203678695656,0.0,20.45354340725607,3.0,20,7,2026-08-11 10:32:22
2026-07-28,1,0.10243700717987277,1,2.019196280749354,0.0,19.36201932013586,0.0,20,7,2026-08-11 10:32:22
2026-07-29,1,0.06286062165704093,1,0.914575374297724,0.0,18.25739841368423,8.0,20,7,2026-08-11 10:32:22
2026-07-30,1,0.16328974485093328,1,6.97101541744963,0.0,24.313838456836137,12.0,20,7,2026-08-11 10:32:22
2026-07-31,1,0.1442422777677424,1,8.37436051490133,0.0,24.135165515859704,27.0,20,7,2026-08-11 10:32:22
2026-08-01,1,0.07682450930442353,1,5.493591719511181,0.0,21.254396720469554,5.0,20,7,2026-08-11 10:32:22
2026-08-02,1,0.09912872219193936,1,6.477121549618614,0.0,22.237926550576987,5.0,20,7,2026-08-11 10:32:22
2026-08-03,1,0.11519090423290694,1,7.697277987007337,0.0,23.45808298796571,0.0,20,7,2026-08-11 10:32:22
2026-08-04,1,0.025496662872876476,1,0.8173737222925676,0.0,16.57817872325094,6.0,20,7,2026-08-11 10:32:22
2026-08-05,1,0.10646394649753145,1,9.184781643692135,0.0,24.945586644650508,21.0,20,7,2026-08-11 10:32:22
2026-08-06,1,0.0859464012225256,1,7.820542792082428,0.0,23.5813477930408,14.0,20,7,2026-08-11 10:32:22
2026-08-07,1,0.1471772599003938,1,8.121186988540273,0.0,24.44336889386198,10.0,20,7,2026-08-11 10:32:22
2026-08-08,1,0.19589492501044173,1,10.718797290084296,0.0,27.040979195406003,14.0,20,7,2026-08-11 10:32:22
2026-08-09,1,0.1073895529484895,1,10.132148846382552,0.0,26.45433075170426,4.0,20,7,2026-08-11 10:32:22
2026-08-10,1,0.0958873217425398,1,6.422352879199084,0.0,22.74453478452079,0.0,20,7,2026-08-11 10:32:22
2026-08-11,1,0.053142064281691305,1,3.4111847534042603,0.0,19.733366658725966,0.0,20,7,2026-08-11 10:32:22
