publish_date,title,channel,time_periods,coordinate_count,coordinates,coordinates_raw,content_preview,url,scraped_at,start_date,end_date
2026-03-15,军事训练—桂航警51/26,广西海事局,03/16-03/17 每日 1000-1800,4,"21.3833,108.79; 21.3833,108.9667; 21.2067,108.9667; 21.2067,108.79",21-23.00N 108-47.40E; 21-23.00N 108-58.00E; 21-12.40N 108-58.00E; 21-12.40N 108-47.40E,桂航警51/26 发布时间：2026-03-15 13:35 [字体： 大 中 小 ] 分享到： 桂航警51/26，北部湾，3月16日至17日每天1000时至1800时，在21-23.00N 108-47.40E；21-23.00N 108-58.00E；21-12.40N 108-58.00E；21-12.40N 108-47.40E连线海域范围内进行军事训练，禁止船舶驶入。,https://www.msa.gov.cn/page/article.do?articleId=935a9173-17d9-441f-b69d-3b5bd7896713&channelId=86DE2FFF-FF2C-47F9-8359-FD1F20D6508F,2026-04-03T04:39:09.628760,2026-03-16,2026-03-17
2026-03-15,MILITARY TRAINING—GX20/26,广西海事局,03/16-03/17 每日 0200-1000,4,"21.3833,108.79; 21.3833,108.9667; 21.2067,108.9667; 21.2067,108.79",21-23.00N 108-47.40E; 21-23.00N 108-58.00E; 21-12.40N 108-58.00E; 21-12.40N 108-47.40E,GX20/26 BEIBU BAY，MILITARY TRAINING IN AREA BOUNDED BY THE LINES JOINING 21-23.00N 108-47.40E；21-23.00N 108-58.00E；21-12.40N 108-58.00E；21-12.40N 108-47.40E 0200 UTC TO 1000 UTC DAILY FROM 16 TO 17 MAR. ENTERING PROHIBITED．GUANGXI MSA CHINA.,https://www.msa.gov.cn/page/article.do?articleId=d836fc484471b449&channelId=86DE2FFF-FF2C-47F9-8359-FD1F20D6508F,2026-04-03T04:39:11.774809,2026-03-16,2026-03-17
2026-03-17,禁航区—桂航警52/26,广西海事局,03/18 0800 至 03/25 2400,4,"21.1483,109.2873; 21.1465,109.2878; 21.1452,109.2812; 21.1468,109.2808",21-08.90N 109-17.24E; 21-08.79N 109-17.27E; 21-08.71N 109-16.87E; 21-08.81N 109-16.85E,桂航警52/26 发布时间：2026-03-17 16:44 [字体： 大 中 小 ] 分享到： 桂航警52/26，北部湾，3月18日0800时至25日2400时，在以下四点连线水域设置临时禁航区：21-08.90N 109-17.24E、21-08.79N 109-17.27E、21-08.71N 109-16.87E、21-08.81N 109-16.85E，禁止船舶驶入。,https://www.msa.gov.cn/page/article.do?articleId=a46a9efb-1c84-4b40-9f6a-889d65740bfc&channelId=86DE2FFF-FF2C-47F9-8359-FD1F20D6508F,2026-04-03T04:39:07.403519,2026-03-18,2026-03-25
2026-03-25,禁航区—桂航警54/26,广西海事局,03/27 0800 至 03/29 2400,4,"21.1483,109.2873; 21.1465,109.2878; 21.1452,109.2812; 21.1468,109.2808",21-08.90N 109-17.24E; 21-08.79N 109-17.27E; 21-08.71N 109-16.87E; 21-08.81N 109-16.85E,桂航警54/26 发布时间：2026-03-25 17:07 [字体： 大 中 小 ] 分享到： 桂航警54/26，北部湾，3月27日0800时至29日2400时，在以下四点连线水域设置临时禁航区：21-08.90N 109-17.24E、21-08.79N 109-17.27E、21-08.71N 109-16.87E、21-08.81N 109-16.85E，禁止船舶驶入。,https://www.msa.gov.cn/page/article.do?articleId=e08688b8-d725-491d-b11d-508e929f5add&channelId=86DE2FFF-FF2C-47F9-8359-FD1F20D6508F,2026-04-03T04:39:05.144757,2026-03-27,2026-03-29
2026-03-27,MILITARY TRAINING—GX24/26,广西海事局,03/28 0700 至 03/30 1000,6,"21.3755,109.4587; 21.3053,109.6647; 21.2312,109.6345; 21.1858,109.5572; 21.217,109.4587; 21.3012,109.4297",21-22.53N 109-27.52E; 21-18.32N 109-39.88E; 21-13.87N 109-38.07E; 21-11.15N 109-33.43E; 21-13.02N 109-27.52E; 21-18.07N 109-25.78E,GX24/26 BEIBU BAY，MILITARY TRAINING IN AREA BOUNDED BY THE LINES JOINING 21-22.53N 109-27.52E、21-18.32N 109-39.88E、21-13.87N 109-38.07E、21-11.15N 109-33.43E、21-13.02N 109-27.52E、21-18.07N 109-25.78E FROM 280700 UTC TO 301000 UTC MAR. ENTERING PROHIBITED．GUANGXI MSA CHINA.,https://www.msa.gov.cn/page/article.do?articleId=0b055b18dd051b27&channelId=86DE2FFF-FF2C-47F9-8359-FD1F20D6508F,2026-04-03T04:39:02.935043,2026-03-28,2026-03-30
2026-03-27,渤海军事演习—辽航警131/26,辽宁海事局,03/28 0000 至 03/29 2400,6,"40.05,120.6333; 39.9833,120.5333; 39.9833,120.7; 40.363,120.5888; 40.3508,120.5628; 40.3678,120.6192",40-03.00N 120-38.00E; 39-59.00N 120-32.00E; 39-59.00N 120-42E; 40-21.78N 120-35.33E; 40-21.05N 120-33.77E; 40-22.07N 120-37.15E,辽航警131/26，渤海，自3月28日0000时至29日2400时在40-03.00N 120-38.00E、39-59.00N 120-32.00E、39-59.00N 120-42E.00诸点连线范围内和在 40-21.78N 120-35.33E、40-21.05N 120-33.77E、40-22.07N 120-37.15E诸点连线范围内进行军事演习。禁止驶入。,https://www.msa.gov.cn/page/article.do?articleId=081eaee2-4358-40b8-b000-c1d6ac289bd0&channelId=C8896863-B101-4C43-8705-536A03EB46FF,2026-04-03T04:38:41.560061,2026-03-28,2026-03-29
2026-03-27,军事训练—桂航警58/26,广西海事局,03/28 1500 至 03/30 1800,6,"21.3755,109.4587; 21.3053,109.6647; 21.2312,109.6345; 21.1858,109.5572; 21.217,109.4587; 21.3012,109.4297",21-22.53N 109-27.52E; 21-18.32N 109-39.88E; 21-13.87N 109-38.07E; 21-11.15N 109-33.43E; 21-13.02N 109-27.52E; 21-18.07N 109-25.78E,桂航警58/26 发布时间：2026-03-27 16:42 [字体： 大 中 小 ] 分享到： 桂航警58/26，北部湾，3月28日1500时至30日1800时在21-22.53N 109-27.52E、21-18.32N 109-39.88E、21-13.87N 109-38.07E、21-11.15N 109-33.43E、21-13.02N 109-27.52E、21-18.07N 109-25.78E连线海域范围内进行军事训练，禁止船舶驶入。,https://www.msa.gov.cn/page/article.do?articleId=b1eb8360-d4a8-4c4b-b719-0592a89213f2&channelId=86DE2FFF-FF2C-47F9-8359-FD1F20D6508F,2026-04-03T04:39:00.746369,2026-03-28,2026-03-30
2026-03-27,军事任务—辽航警132/26,辽宁海事局,03/29 1600 至 04/05 1600,4,"38.8617,121.6367; 38.57,121.6367; 38.565,121.1317; 38.8033,121.235",38-51.7N121-38.2E; 38-34.2N121-38.2E; 38-33.9N121-07.9E; 38-48.2N121-14.1E,辽航警132/26，渤海海峡黄海北部，自3月29日1600时至4月5日1600时在38-51.7N121-38.2E、38-34.2N121-38.2E、38-33.9N121-07.9E、38-48.2N121-14.1E诸点连线范围内执行军事任务。禁止驶入。,https://www.msa.gov.cn/page/article.do?articleId=0784a98e-affa-43e6-913a-8c5f4ca1637d&channelId=C8896863-B101-4C43-8705-536A03EB46FF,2026-04-03T04:38:37.169503,2026-03-29,2026-04-05
2026-03-27,MILITARY MISSION—LN121/26,辽宁海事局,,3,"38.8617,121.6367; 38.57,121.6367; 38.565,121.1317",38-51.7N121-38.2E; 38-34.2N121-38.2E; 38-33.9N121-07.9E,"English x 中国海事公众号 海事通App 首页 机构职能 机构职责 领导介绍 内设机构 直属单位 政府信息公开 法定主动公开内容 政府信息公开指南 政府信息公开制度 政府信息公开年报 依申请公开 互联网+政务 我要办事 在线查询 航行安全 AIS信息服务 安全信息 北极航道 安全知识 潮汐查询 搜救辅助 海图改正通告 海图服务 事故教训 海事履约 互动交流 在线访谈 网上咨询 政策法规解读 意见征集·在线调查 局长信箱 投诉举报 海事数据 首页 航行安全 安全信息 航行警告 辽宁海事局 MILITARY MISSION—LN121/26 来源：大连海事局 文号：LN121/26 发布时间：2026-03-27 17:50 [字体： 大 中 小 ] 分享到： LN121/26 BOHAI STRAIT AND NORTH YELLOW SEA MILITARY MISSION IN AREA BOUNDED BY THE LINES JOINING 38-51.7N121-38.2E,38-34.2N121-38.2E,38-33.9N121-07.9E,38-48.2N121-",https://www.msa.gov.cn/page/article.do?articleId=c54fb68d9a5047b9&channelId=C8896863-B101-4C43-8705-536A03EB46FF,2026-04-03T04:38:34.943591,,
2026-03-27,BOHAI SEA  MILITARY EXERCISES—LN120/26,辽宁海事局,,3,"40.05,120.6333; 39.9833,120.5333; 39.9833,120.7",40-03.00N 120-38.00E; 39-59.00N 120-32.00E; 39-59.00N 120-42.00E,"English x 中国海事公众号 海事通App 首页 机构职能 机构职责 领导介绍 内设机构 直属单位 政府信息公开 法定主动公开内容 政府信息公开指南 政府信息公开制度 政府信息公开年报 依申请公开 互联网+政务 我要办事 在线查询 航行安全 AIS信息服务 安全信息 北极航道 安全知识 潮汐查询 搜救辅助 海图改正通告 海图服务 事故教训 海事履约 互动交流 在线访谈 网上咨询 政策法规解读 意见征集·在线调查 局长信箱 投诉举报 海事数据 首页 航行安全 安全信息 航行警告 辽宁海事局 BOHAI SEA  MILITARY EXERCISES—LN120/26 来源：葫芦岛海事局 文号：LN120/26 发布时间：2026-03-27 10:53 [字体： 大 中 小 ] 分享到： LN120/26 BOHAI SEA MILITARY EXERCISES IN AREA BOUNDED BY THE LINES JOINING 40-03.00N 120-38.00E,39-59.00N 120-32.00E,39-59.00N 120-42.00E  AND  AREA ",https://www.msa.gov.cn/page/article.do?articleId=5684c3882c2e6ff0&channelId=C8896863-B101-4C43-8705-536A03EB46FF,2026-04-03T04:38:39.366318,,
2026-03-30,军事行动—琼航警38/26,海南海事局,04/01 0800-1200,4,"19.925,110.9622; 19.9325,110.9908; 19.878,111.0085; 19.8732,110.9795",19-55.50N 110-57.73E; 19-55.95N 110-59.45E; 19-52.68N 111-00.51E; 19-52.39N 110-58.77E,琼航警38/26 发布时间：2026-03-30 18:46 [字体： 大 中 小 ] 分享到： 琼航警38/26，南海，4月1日，0800时至1200时，在以19-55.50N 110-57.73E、19-55.95N 110-59.45E、19-52.68N 111-00.51E、19-52.39N 110-58.77E四点连线水域范围内进行军事行动，禁止驶入。,https://www.msa.gov.cn/page/article.do?articleId=c486c2f3-ff0e-4bc3-ae8f-32ae2f7fb93e&channelId=D3340711-057B-494B-8FA0-9EEDC4C5EAD9,2026-04-03T04:39:16.742024,2026-04-01,2026-04-01
2026-03-30,MILITARY OPERATION—HN36/26,海南海事局,,3,"19.925,110.9622; 19.9325,110.9908; 19.878,111.0085",19-55.50N 110-57.73E; 19-55.95N 110-59.45E; 19-52.68N 111-00.51E,English x 中国海事公众号 海事通App 首页 机构职能 机构职责 领导介绍 内设机构 直属单位 政府信息公开 法定主动公开内容 政府信息公开指南 政府信息公开制度 政府信息公开年报 依申请公开 互联网+政务 我要办事 在线查询 航行安全 AIS信息服务 安全信息 北极航道 安全知识 潮汐查询 搜救辅助 海图改正通告 海图服务 事故教训 海事履约 互动交流 在线访谈 网上咨询 政策法规解读 意见征集·在线调查 局长信箱 投诉举报 海事数据 首页 航行安全 安全信息 航行警告 海南海事局 MILITARY OPERATION—HN36/26 来源：清澜海事局 文号：HN36/26 发布时间：2026-03-30 18:46 [字体： 大 中 小 ] 分享到： HN36/26 SOUTH CHINA SEA . MILITARY OPERATION IN AREA BOUNDED BY THE LINES JOINING 19-55.50N 110-57.73E、19-55.95N 110-59.45E、19-52.68N 111-00.51E、19-52.39N 110-58.7,https://www.msa.gov.cn/page/article.do?articleId=77460bc2f2ad5b52&channelId=D3340711-057B-494B-8FA0-9EEDC4C5EAD9,2026-04-03T04:39:18.918392,,
2026-06-26,实弹射击—云航警102/26,连云港海事局,06/28 0000 至 07/08 2400；07/09 0800 至 07/10 1800,4,"34.2183,120.3; 34.2042,120.588; 34.0217,120.688; 33.9167,120.618",34-13.10N120-18.00E; 34-12.25N120-35.28E; 34-01.30N120-41.28E; 33-55.00N120-37.08E,English 首页 机构职能 机构职责 领导介绍 内设机构 直属单位 政府信息公开 法定主动公开内容 政府信息公开指南 政府信息公开制度 政府信息公开年报 依申请公开 互联网+政务 我要办事 在线查询 航行安全 AIS信息服务 安全信息 北极航道 安全知识 潮汐查询 搜救辅助 海图改正通告 海图服务 事故教训 海事履约 互动交流 在线访谈 政策法规解读 网上咨询 意见征集·在线调查 局长信箱 投诉举报 海事数据 首页 航行安全 安全信息 航行警告 连云港海事局 实弹射击—云航警102/26 来源：盐城海事局 文号：云航警102/26 发布时间：2026-06-26 12:05 [字体： 大 中 小 ] 分享到： 云航警102/26，黄海南部，自6月28日0000时至7月8日2400时在34-13.10N120-18.00E，34-12.25N120-35.28E，34-01.30N120-41.28E，33-55.00N120-37.08E，33-55.00N120-26.20诸点连线范围内进行实弹射击。自7月9日0800时至7月10日1800时在34-03.11N120-24.23,https://www.msa.gov.cn/html/cnmsa/hxaq/article/2026/79126710228349029aeef3be94c07fbe.html?hav=1jWj6r2hy0earqWPrAFCrK6Bjk,2026-07-11T01:36:29.624504,2026-06-28,2026-07-10
2026-06-30,火箭发射—琼航警116/26,海南海事局,07/02-07/03 每日 2050-2250,1,"19.6,110.93",19-36.00N 110-55.80E,琼航警116/26，南海，自7月2日至7月3日，每日2050时至2250时，在以19-36.00N 110-55.80E为中心，5.4海里为半径的圆形区域内进行火箭发射，禁止驶入。,https://www.msa.gov.cn/html/cnmsa/hxaq/article/2026/a6fcf27a094d4af3acc4cbed1605304f.html?hav=1jWj6r2hy0eaxkS9FLhQN6ovxI,2026-07-11T01:36:20.490109,2026-07-02,2026-07-03
2026-06-30,实弹射击—辽航警285/26,辽宁海事局,07/01 1000 至 07/02 1700；07/06 1200 至 07/08 1700,4,"38.7333,122.0667; 38.7333,122.1333; 38.6667,122.1333; 38.6667,122.0667",38-44N122-04E; 38-44N122-08E; 38-40N122-08E; 38-40N122-04E,辽航警285/26，黄海北部，自7月1日1000时至2日1700时和自7月6日1200时至8日1700时在38-44N122-04E、38-44N122-08E、38-40N122-08E、38-40N122-04E诸点连线范围内实弹射击。禁止驶入。,https://www.msa.gov.cn/html/cnmsa/hxaq/article/2026/d71f8f7074fb402faa1d245d7db00b1d.html?hav=1jWj6r2hy0eaxkS9FXIm5zSGZl,2026-07-11T01:35:49.114235,2026-07-01,2026-07-08
2026-07-01,火箭残骸掉落—琼航警117/26,海南海事局,07/04 1630-1830,4,"18.8875,111.8597; 18.9015,112.4347; 17.7237,112.4568; 17.7097,111.8908",18-53.25N/111-51.58E; 18-54.09N/112-26.08E; 17-43.42N/112-27.41E; 17-42.58N/111-53.45E,琼航警117/26，南海，7月4日1630时至1830时，在18-53.25N/111-51.58E、18-54.09N/112-26.08E、17-43.42N/112-27.41E和17-42.58N/111-53.45E诸点连线水域范围内有火箭残骸掉落，禁止驶入。,https://www.msa.gov.cn/html/cnmsa/hxaq/article/2026/5417c6c0d41b43acad247b7a49f2517b.html?hav=1jWj6r2hy2Jd7vvfjP1sP66g67,2026-07-11T01:36:17.968995,2026-07-04,2026-07-04
2026-07-03,火箭发射—琼航警119/26,海南海事局,07/05-07/06 每日 2030-2230,1,"19.6,110.93",19-36.00N 110-55.80E,琼航警119/26，南海，自7月5日至7月6日，每日2030时至2230时，在以19-36.00N 110-55.80E为中心，5.4海里为半径的圆形区域内进行火箭发射，禁止驶入。,https://www.msa.gov.cn/html/cnmsa/hxaq/article/2026/5fca7de62ea84528bff95e76cd9c02bc.html?hav=1jWj6r2hy2Jd7yrAqbVFEefKD6,2026-07-11T01:36:16.018135,2026-07-05,2026-07-06
2026-07-03,火箭发射—琼航警120/26,海南海事局,07/10-07/11 每日 1240-1540,1,"19.5975,110.9363",19-35.85N 110-56.18E,琼航警120/26，南海，自7月10日至7月11日，每日1240时至1540时，在以19-35.85N 110-56.18E为中心，5.4海里为半径的圆形区域内进行火箭发射，禁止驶入。,https://www.msa.gov.cn/html/cnmsa/hxaq/article/2026/5551b3a9773d4c38ab81d4bd91e1f85e.html?hav=1jWj6r2hy2Jd7yrAqbVFEefKHE,2026-07-11T01:36:14.059249,2026-07-10,2026-07-11
2026-07-03,军事任务—辽航警288/26,辽宁海事局,07/06 1200 至 07/18 1800,4,"39.85,119.8833; 39.85,120.6167; 39.3167,120.6167; 39.3167,119.8833",39-51N119-53E; 39-51N120-37E; 39-19N120-37E; 39-19N119-53E,辽航警288/26，渤海，自7月6日1200时至18日1800时在39-51N119-53E、39-51N120-37E、39-19N120-37E、39-19N119-53E诸点连线范围内执行军事任务。禁止驶入。,https://www.msa.gov.cn/html/cnmsa/hxaq/article/2026/9e530e8c166b4ac9aa792e8a47aab5c6.html?hav=1jWj6r2hy2Jd7yrAqhwsvvO2zs,2026-07-11T01:35:47.188678,2026-07-06,2026-07-18
2026-07-03,MILITARY MISSION—LN252/26,辽宁海事局,07/06 0400 至 07/18 1000,4,"39.85,119.8833; 39.85,120.6167; 39.3167,120.6167; 39.3167,119.8833",39-51N119-53E; 39-51N120-37E; 39-19N120-37E; 39-19N119-53E,"English 首页 机构职能 机构职责 领导介绍 内设机构 直属单位 政府信息公开 法定主动公开内容 政府信息公开指南 政府信息公开制度 政府信息公开年报 依申请公开 互联网+政务 我要办事 在线查询 航行安全 AIS信息服务 安全信息 北极航道 安全知识 潮汐查询 搜救辅助 海图改正通告 海图服务 事故教训 海事履约 互动交流 在线访谈 政策法规解读 网上咨询 意见征集·在线调查 局长信箱 投诉举报 海事数据 首页 航行安全 安全信息 航行警告 辽宁海事局 MILITARY MISSION—LN252/26 来源：大连海事局 文号：LN252/26 发布时间：2026-07-03 16:43 [字体： 大 中 小 ] 分享到： LN252/26 BOHAI SEA MILITARY MISSION IN AREA BOUNDED BY THE LINES JOINING 39-51N119-53E,39-51N120-37E,39-19N120-37E,39-19N119-53E FROM 060400UTC TO 181000UTC JUL.ENTERING PROHIBITED",https://www.msa.gov.cn/html/cnmsa/hxaq/article/2026/81f60e60b94058f6.html?hav=1jWj6r2hy2Jd7yrAqhwsvvO2zs,2026-07-11T01:35:45.243483,2026-07-06,2026-07-18
2026-07-03,火箭残骸掉落—琼航警121/26,海南海事局,07/04 1630-2230,4,"18.8875,111.8597; 18.9015,112.4347; 17.7237,112.4568; 17.7097,111.8908",18-53.25N/111-51.58E; 18-54.09N/112-26.08E; 17-43.42N/112-27.41E; 17-42.58N/111-53.45E,琼航警121/26，南海，7月4日1630时至2230时，在18-53.25N/111-51.58E、18-54.09N/112-26.08E、17-43.42N/112-27.41E和17-42.58N/111-53.45E诸点连线水域范围内有火箭残骸掉落，禁止驶入。,https://www.msa.gov.cn/html/cnmsa/hxaq/article/2026/7cf84563af1a491f9603ba8177ad55ee.html?hav=1jWj6r2hy2Jd7yrAqgex6fcgfy,2026-07-11T01:36:12.136794,2026-07-04,2026-07-04
2026-07-05,渤海军事演习—辽航警290/26,辽宁海事局,07/06 1500 至 07/07 0800,6,"39.8517,119.8637; 40.1897,120.3922; 40.1855,120.507; 40.3628,120.5888; 40.1105,120.6313; 39.7025,120.0163",39-51.1N 119-51.82E; 40-11.38N 120-23.53E; 40-11.13N 120-30.42E; 40-21.77N 120-35.33E; 40-06.63N 120-37.88E; 39-42.15N 120-00.98E,辽航警290/26，渤海，自7月6日1500时至7月7日0800时在39-51.1N 119-51.82E、40-11.38N 120-23.53E、40-11.13N 120-30.42E、40-21.77N 120-35.33E、40-06.63N 120-37.88E和39-42.15N 120-00.98E诸点连线范围内进行军事演习。禁止驶入。,https://www.msa.gov.cn/html/cnmsa/hxaq/article/2026/3c383e9a504749889b627b322089143c.html?hav=1jWj6r2hy2Jd81mfxx06MOQmGf,2026-07-11T01:35:37.166370,2026-07-06,2026-07-07
2026-07-05,BOHAI SEA  MILITARY EXERCISES—LN254/26,辽宁海事局,,4,"39.8517,119.8637; 40.1897,120.3922; 40.1855,120.507; 40.3628,120.5888",39-51.1N 119-51.82E; 40-11.38N 120-23.53E; 40-11.13N 120-30.42E; 40-21.77N 120-35.33E,"English 首页 机构职能 机构职责 领导介绍 内设机构 直属单位 政府信息公开 法定主动公开内容 政府信息公开指南 政府信息公开制度 政府信息公开年报 依申请公开 互联网+政务 我要办事 在线查询 航行安全 AIS信息服务 安全信息 北极航道 安全知识 潮汐查询 搜救辅助 海图改正通告 海图服务 事故教训 海事履约 互动交流 在线访谈 政策法规解读 网上咨询 意见征集·在线调查 局长信箱 投诉举报 海事数据 首页 航行安全 安全信息 航行警告 辽宁海事局 BOHAI SEA  MILITARY EXERCISES—LN254/26 来源：葫芦岛海事局 文号：LN254/26 发布时间：2026-07-05 19:13 [字体： 大 中 小 ] 分享到： LN254/26 BOHAI SEA MILITARY EXERCISES IN AREA BOUNDED BY THE LINES JOINING 39-51.1N 119-51.82E,40-11.38N 120-23.53E,40-11.13N 120-30.42E,40-21.77N 120-35.33E,40-06.63",https://www.msa.gov.cn/html/cnmsa/hxaq/article/2026/92221db9e0ba989a.html?hav=1jWj6r2hy2Jd81mfxx06MOQmGf,2026-07-11T01:35:40.413535,,
2026-07-05,渤海军事演习—辽航警290/26,辽宁海事局,07/06 1500 至 07/07 0800,6,"39.8517,119.8637; 40.1897,120.3922; 40.1855,120.507; 40.3628,120.5888; 40.1105,120.6313; 39.7025,120.0163",39-51.1N 119-51.82E; 40-11.38N 120-23.53E; 40-11.13N 120-30.42E; 40-21.77N 120-35.33E; 40-06.63N 120-37.88E; 39-42.15N 120-00.98E,辽航警290/26，渤海，自7月6日1500时至7月7日0800时在39-51.1N 119-51.82E、40-11.38N 120-23.53E、40-11.13N 120-30.42E、40-21.77N 120-35.33E、40-06.63N 120-37.88E和39-42.15N 120-00.98E诸点连线范围内进行军事演习。禁止驶入。,https://www.msa.gov.cn/html/cnmsa/hxaq/article/2026/3c383e9a504749889b627b322089143c.html?hav=1jWj6r2hy2Jd81mg35QGzIKklv,2026-07-14T05:08:47.487460,2026-07-06,2026-07-07
2026-07-05,火箭残骸掉落—辽航警289/26,辽宁海事局,07/06 0800 至 07/08 1500,4,"38.7833,121.2833; 38.3667,122.3667; 38.0,122.15; 38.4167,121.05",38-47N121-17E; 38-22N122-22E; 38-00N122-09E; 38-25N121-03E,辽航警289/26，渤海海峡黄海北部，自7月6日0800时至8日1500时在38-47N121-17E、38-22N122-22E、38-00N122-09E、38-25N121-03E诸点连线范围内有火箭残骸掉落。禁止驶入。,https://www.msa.gov.cn/html/cnmsa/hxaq/article/2026/88b8dcd3168c42ef8ce0a45cd791a942.html?hav=1jWj6r2hy2Jd81mfxpGXRKzrPS,2026-07-11T01:35:42.429936,2026-07-06,2026-07-08
2026-07-06,实弹射击—辽航警291/26,辽宁海事局,07/07 1200 至 07/10 1200,4,"38.75,122.2167; 38.75,122.3333; 38.6667,122.3333; 38.6667,122.2167",38-45N122-13E; 38-45N122-20E; 38-40N122-20E; 38-40N122-13E,辽航警291/26，黄海北部，自7月7日1200时至10日1200时在38-45N122-13E、38-45N122-20E、38-40N122-20E、38-40N122-13E诸点连线范围内实弹射击。禁止驶入。,https://www.msa.gov.cn/html/cnmsa/hxaq/article/2026/2f598937be854e929b234165f3a3077b.html?hav=1jWj6r2hy2Jd83FQWR9BCUUY88,2026-07-11T01:35:34.011416,2026-07-07,2026-07-10
2026-07-08,实弹射击—粤航警442/26,广东海事局,07/09 至 07/11,0,,,粤航警442/26，北部湾，7月9日至11日，在以下六点连线海域内进行实弹射击： （1）21-20.0N，109-30.0E； （2）21-20.0N，109-44.0E； （3）21-15.5N，109-47.5E； （4）21-13.5N，109-47.5E； （5）21-10.0N，109-44.0E； （6）21-10.0N，109-30.0E。禁止驶入。,https://www.msa.gov.cn/html/cnmsa/hxaq/article/2026/8a448c585102458e80a5107aaaf841a0.html?hav=1jWj6r2hy2Jd86AvdYSq5Gt0AV,2026-07-11T01:36:04.711410,2026-07-09,2026-07-11
2026-07-08,BOHAI SEA MILITARY EXERCISES—LN257/26,辽宁海事局,,4,"40.6595,120.9947; 40.6595,121.0623; 40.629,121.0628; 40.6293,120.9935",40-39.57N 120-59.68E; 40-39.57N 121-03.74E; 40-37.74N 121-03.77E; 40-37.76N 120-59.61E,"English 首页 机构职能 机构职责 领导介绍 内设机构 直属单位 政府信息公开 法定主动公开内容 政府信息公开指南 政府信息公开制度 政府信息公开年报 依申请公开 互联网+政务 我要办事 在线查询 航行安全 AIS信息服务 安全信息 北极航道 安全知识 潮汐查询 搜救辅助 海图改正通告 海图服务 事故教训 海事履约 互动交流 在线访谈 政策法规解读 网上咨询 意见征集·在线调查 局长信箱 投诉举报 海事数据 首页 航行安全 安全信息 航行警告 辽宁海事局 BOHAI SEA MILITARY EXERCISES—LN257/26 来源：葫芦岛海事局 文号：LN257/26 发布时间：2026-07-08 22:29 [字体： 大 中 小 ] 分享到： LN257/26 BOHAI SEA MILITARY EXERCISES IN AREA BOUNDED BY THE LINES JOINING 40-39.57N 120-59.68E,40-39.57N 121-03.74E,40-37.74N 121-03.77E AND 40-37.76N 120-59.61E FROM",https://www.msa.gov.cn/html/cnmsa/hxaq/article/2026/6b513d543a298c41.html?hav=1jWj6r2hy2Jd86AvitmHjbLJuI,2026-07-11T01:35:32.079494,,
2026-07-08,渤海军事演习—辽航警293/26,辽宁海事局,07/09 1200-1900,4,"40.6595,120.9947; 40.6595,121.0623; 40.629,121.0628; 40.6293,120.9935",40-39.57N 120-59.68E; 40-39.57N 121-03.74E; 40-37.74N 121-03.77E; 40-37.76N 120-59.61E,辽航警293/26，渤海，自7月9日1200时至1900时在40-39.57N 120-59.68E、40-39.57N 121-03.74E、40-37.74N 121-03.77E和40-37.76N 120-59.61E诸点连线范围内进行军事演习。禁止驶入。,https://www.msa.gov.cn/html/cnmsa/hxaq/article/2026/4839cd2d4feb4488acf324c8c5e63164.html?hav=1jWj6r2hy2Jd86AvitmHjbLJuI,2026-07-11T01:35:29.297738,2026-07-09,2026-07-09
2026-07-09,应急演习—津航警207/26,天津海事局,07/10 0900-1100,4,"38.9837,117.7863; 38.981,117.7905; 38.9788,117.7878; 38.9812,117.7845",38-59.02N 117-47.18E; 38-58.86N 117-47.43E; 38-58.73N 117-47.27E; 38-58.87N 117-47.07E,津航警207/26，天津港，定于7月10日0900时至1100时，在天津港集装箱码头G36泊位前沿38-59.02N 117-47.18E、38-58.86N 117-47.43E、38-58.73N 117-47.27E、38-58.87N 117-47.07E四点连线水域范围内进行海上应急联合演习，无关船舶禁止驶入。,https://www.msa.gov.cn/html/cnmsa/hxaq/article/2026/fdb96e50d435458ea0b6405a36719079.html?hav=1jWj6r2hy2Jd87dgCFVCAiPgt6,2026-07-11T01:35:18.857145,2026-07-10,2026-07-10
2026-07-10,军事任务—辽航警294/26,辽宁海事局,07/12 1600 至 07/26 1600,4,"38.8617,121.6367; 38.57,121.6367; 38.565,121.1317; 38.8033,121.235",38-51.7N121-38.2E; 38-34.2N121-38.2E; 38-33.9N121-07.9E; 38-48.2N121-14.1E,辽航警294/26，渤海海峡黄海北部，自7月12日1600时至7月26日1600时在38-51.7N121-38.2E、38-34.2N121-38.2E、38-33.9N121-07.9E、38-48.2N121-14.1E诸点连线范围内执行军事任务。禁止驶入。,https://www.msa.gov.cn/html/cnmsa/hxaq/article/2026/a10863a2601549ad99028cf3c96dee37.html?hav=1jWj6r2hy2JdDxB9zu34FELwd5,2026-07-11T01:35:26.575875,2026-07-12,2026-07-26
2026-07-10,MILITARY MISSION—LN258/26,辽宁海事局,,4,"38.8617,121.6367; 38.57,121.6367; 38.565,121.1317; 38.8033,121.235",38-51.7N121-38.2E; 38-34.2N121-38.2E; 38-33.9N121-07.9E; 38-48.2N121-14.1E,"English 首页 机构职能 机构职责 领导介绍 内设机构 直属单位 政府信息公开 法定主动公开内容 政府信息公开指南 政府信息公开制度 政府信息公开年报 依申请公开 互联网+政务 我要办事 在线查询 航行安全 AIS信息服务 安全信息 北极航道 安全知识 潮汐查询 搜救辅助 海图改正通告 海图服务 事故教训 海事履约 互动交流 在线访谈 政策法规解读 网上咨询 意见征集·在线调查 局长信箱 投诉举报 海事数据 首页 航行安全 安全信息 航行警告 辽宁海事局 MILITARY MISSION—LN258/26 来源：大连海事局 文号：LN258/26 发布时间：2026-07-10 10:38 [字体： 大 中 小 ] 分享到： LN258/26 BOHAI STRAIT AND NORTH YELLOW SEA MILITARY MISSION IN AREA BOUNDED BY THE LINES JOINING 38-51.7N121-38.2E,38-34.2N121-38.2E,38-33.9N121-07.9E,38-48.2N121-14.1E FROM 120800",https://www.msa.gov.cn/html/cnmsa/hxaq/article/2026/9b87b12375a69787.html?hav=1jWj6r2hy2JdDxB9zu34FELwd5,2026-07-11T01:35:24.594600,,
2026-07-10,实弹射击—云航警108/26,连云港海事局,07/16-07/17 每日 0900-1200,4,"34.0518,120.4038; 34.0255,120.408; 34.0112,120.5037; 34.1285,120.45",34-03.11N120-24.23E; 34-01.53N120-24.48E; 34-00.67N120-30.22E; 34-07.71N120-27.00E,"English 首页 机构职能 机构职责 领导介绍 内设机构 直属单位 政府信息公开 法定主动公开内容 政府信息公开指南 政府信息公开制度 政府信息公开年报 依申请公开 互联网+政务 我要办事 在线查询 航行安全 AIS信息服务 安全信息 北极航道 安全知识 潮汐查询 搜救辅助 海图改正通告 海图服务 事故教训 海事履约 互动交流 在线访谈 政策法规解读 网上咨询 意见征集·在线调查 局长信箱 投诉举报 海事数据 首页 航行安全 安全信息 航行警告 连云港海事局 实弹射击—云航警108/26 来源：盐城海事局 文号：云航警108/26 发布时间：2026-07-10 16:46 [字体： 大 中 小 ] 分享到： 云航警108/26，黄海南部，自7月16日至7月17日每天0900时至1200时、1500时至1800时在34-03.11N120-24.23E,34-01.53N120-24.48E,34-00.67N120-30.22E,34-07.71N120-27.00E诸点连线范围内进行实弹射击。禁止驶入。 收藏 打印本页 关闭窗口 下载PDF文件 分享到微信朋友圈 x 打开微信，",https://www.msa.gov.cn/html/cnmsa/hxaq/article/2026/d72fed54e5514869af93348b5ebd979a.html?hav=1jWj6r2hy2JdDxBA01mdT6zQ93,2026-07-11T01:36:27.696177,2026-07-16,2026-07-17
2026-07-13,MILITARY TRAINING—GX58/26,广西海事局,07/14-07/16 每日 0100-1000,4,"21.3833,108.79; 21.3833,108.9667; 21.2067,108.9667; 21.2067,108.79",21-23.00N 108-47.40E; 21-23.00N 108-58.00E; 21-12.40N 108-58.00E; 21-12.40N 108-47.40E,GX58/26 发布时间：2026-07-13 15:45 [字体： 大 中 小 ] 分享到： GX58/26 ，BEIBU BAY，MILITARY TRAINING IN AREA BOUNDED BY THE LINES JOINING 21-23.00N 108-47.40E；21-23.00N 108-58.00E；21-12.40N 108-58.00E；21-12.40N 108-47.40E 0100 UTC TO 1000 UTC DAILY FROM 14 TO 16 JUL. ENTERING PROHIBITED．GUANGXI MSA CHINA.,https://www.msa.gov.cn/html/cnmsa/hxaq/article/2026/412eb7b64a28192a.html?hav=1jWj6r2hy2JdE1ZPfmGrYvrHbG,2026-07-14T05:09:15.573157,2026-07-14,2026-07-16
2026-07-13,搜救演习—沪航警538/26,上海海事局,07/14 1200-1330,0,,,沪航警538/26，长江口，7月14日1200时至1330时、15日0800时至1000时、1300时至1530时，在外高桥救捞码头前沿800米，上下游各1海里水域内举行救助演练，无关船舶禁止驶入。 请过往船舶注意。,https://www.msa.gov.cn/html/cnmsa/hxaq/article/2026/9ff395c40bfe4485843a2aa7b986b4ef.html?hav=1jWj6r2hy2JdE1ZPfq8duWFqfi,2026-07-14T05:08:27.301161,2026-07-14,2026-07-14
2026-07-13,军事任务—冀航警450/26,河北海事局,07/14 0000 至 07/17 2400,4,"39.4097,119.2289; 39.4097,119.2922; 39.3225,119.4964; 39.1878,119.1983",N 39°24′35″、E 119°13′44″; N39°24′35″、E 119°17′32″; N39°19′21″、E 119°29′47″; N39°11′16″、E 119°11′54″,冀航警450/26，渤海，7月14日0000时至7月17日2400时， 以N 39°24′35″、E 119°13′44″为顶点，正东方向至N39°24′35″、E 119°17′32″，再至N39°19′21″、E 119°29′47″端点，顶点正南偏西6°方向至N39°11′16″、E 119°11′54″端点，以顶点为中心半径25公里的部分圆弧将两个端点连接，形成不规则的闭合范围。该区域内进行实弹射击活动。禁止驶入。,https://www.msa.gov.cn/html/cnmsa/hxaq/article/2026/7c2f55ab9cd648578ec0a8b838374400.html?hav=1jWj6r2hy2JdE1ZPfh799zQpJk,2026-07-13T05:48:19.955767,2026-07-14,2026-07-17
2026-07-13,实弹射击—粤航警452/26,广东海事局,07/14-07/16 每日 0930-1730,4,"21.7833,113.6333; 21.7833,113.6833; 21.7333,113.6833; 21.7333,113.6333",21-47.00N 113-38.00E; 21-47.00N 113-41.00E; 21-44.00N 113-41.00E; 21-44.00N 113-38.00E,粤航警452/26，南海，7月14日至16日每天0930时至1730时，在以下四点连线海域内进行实弹射击： （1）21-47.00N 113-38.00E； （2）21-47.00N 113-41.00E； （3）21-44.00N 113-41.00E; （4）21-44.00N 113-38.00E。禁止驶入。,https://www.msa.gov.cn/html/cnmsa/hxaq/article/2026/e20d3f0888f4450688f17907a2fc4365.html?hav=1jWj6r2hy2JdE1ZPfmGrdZ7LAV,2026-07-14T05:09:06.173240,2026-07-14,2026-07-16
2026-07-13,实弹射击—粤航警447/26,广东海事局,07/14-07/16 每日 0800-1800,0,,,粤航警447/26，南海，7月14日至16日，每天0800时至1800时，在以下四点连线海域内进行实弹射击： （1）20-53.0N，110-54.0E； （2）20-53.0N，110-59.0E； （3）20-48.0N，110-59.0E； （4）20-48.0N，110-54.0E。禁止驶入。,https://www.msa.gov.cn/html/cnmsa/hxaq/article/2026/c5a388a070d8447d9c1279695a1542b7.html?hav=1jWj6r2hy2JdE1ZPaXP39tDNi7,2026-07-13T05:48:32.654507,2026-07-14,2026-07-16
2026-07-13,军事训练—桂航警150/26,广西海事局,07/14-07/16 每日 0900-1800,4,"21.3833,108.79; 21.3833,108.9667; 21.2067,108.9667; 21.2067,108.79",21-23.00N 108-47.40E; 21-23.00N 108-58.00E; 21-12.40N 108-58.00E; 21-12.40N 108-47.40E,桂航警150/26，北部湾，7月14日至7月16日每日0900时至1800时，在21-23.00N 108-47.40E；21-23.00N 108-58.00E；21-12.40N 108-58.00E；21-12.40N 108-47.40E连线海域范围内进行军事训练，禁止船舶驶入。,https://www.msa.gov.cn/html/cnmsa/hxaq/article/2026/04129b6efa20410d85aa9eba4b384d0c.html?hav=1jWj6r2hy2JdE1ZPfmGrYvrHbG,2026-07-14T05:09:12.536242,2026-07-14,2026-07-16
2026-07-14,BOHAI SEA MILITARY EXERCISES—LN264/26,辽宁海事局,,4,"39.8517,119.8637; 40.1897,120.3922; 40.1883,120.4955; 40.3628,120.5888",39-51.10N 119-51.82E; 40-11.38N 120-23.53E; 40-11.30N 120-29.73E; 40-21.77N 120-35.33E,"English 首页 机构职能 机构职责 领导介绍 内设机构 直属单位 政府信息公开 法定主动公开内容 政府信息公开指南 政府信息公开制度 政府信息公开年报 依申请公开 互联网+政务 我要办事 在线查询 航行安全 AIS信息服务 安全信息 北极航道 安全知识 潮汐查询 搜救辅助 海图改正通告 海图服务 事故教训 海事履约 互动交流 在线访谈 政策法规解读 网上咨询 意见征集·在线调查 局长信箱 投诉举报 海事数据 首页 航行安全 安全信息 航行警告 辽宁海事局 BOHAI SEA MILITARY EXERCISES—LN264/26 来源：葫芦岛海事局 文号：LN264/26 发布时间：2026-07-14 18:56 [字体： 大 中 小 ] 分享到： LN264/26 BOHAI SEA MILITARY EXERCISES IN AREA BOUNDED BY THE LINES JOINING 39-51.10N 119-51.82E,40-11.38N 120-23.53E,40-11.30N 120-29.73E,40-21.77N 120-35.33E,40-06.63",https://www.msa.gov.cn/html/cnmsa/hxaq/article/2026/c466ccd6b6934914.html?hav=1jWj6r2hy2JdE32AEQjMkiEuaG,2026-07-15T05:09:17.572999,,
2026-07-14,渤海军事演习—辽航警301/26,辽宁海事局,07/15 2000 至 07/16 0600,6,"39.8517,119.8637; 40.1897,120.3922; 40.1883,120.4955; 40.3628,120.5888; 40.1105,120.6313; 39.8538,120.2475",39-51.10N 119-51.82E; 40-11.38N 120-23.53E; 40-11.30N 120-29.73E; 40-21.77N 120-35.33E; 40-06.63N 120-37.88E; 39-51.23N 120-14.85E,辽航警301/26，渤海，自7月15日2000时至16日0600时在39-51.10N 119-51.82E、40-11.38N 120-23.53E、40-11.30N 120-29.73E、40-21.77N 120-35.33E、40-06.63N 120-37.88E和39-51.23N 120-14.85E诸点连线范围内进行军事演习。禁止驶入。,https://www.msa.gov.cn/html/cnmsa/hxaq/article/2026/425adb3462ac41a688bc9df6bd1572b0.html?hav=1jWj6r2hy2JdE32AEQjMkiEuaG,2026-07-15T05:09:14.560680,2026-07-15,2026-07-16
2026-07-14,实弹射击—鲁航警549/26,山东海事局,07/15 0000 至 07/17 2400,4,"37.3445,119.3297; 37.3412,119.3883; 37.1762,119.3908; 37.1647,119.2937",37-20.67N 119-19.78E; 37-20.47N 119-23.30E; 37-10.57N 119-23.45E; 37-09.88N 119-17.62E,鲁航警549/26，渤海 潍坊港，7月15日0000时至17日2400时在37-20.67N 119-19.78E、37-20.47N 119-23.30E、37-10.57N 119-23.45E、37-09.88N 119-17.62E诸点连线范围内进行实弹射击。禁止驶入。,https://www.msa.gov.cn/html/cnmsa/hxaq/article/2026/0a199aa061e04d3c96a46d18797b84ab.html?hav=1jWj6r2hy2JdE32AEGPwAwmvQX,2026-07-14T05:08:56.511019,2026-07-15,2026-07-17
2026-07-15,军事训练—琼航警128/26,海南海事局,07/21 0600 至 07/24 1800,4,"19.8725,110.9545; 19.995,110.9517; 19.9925,111.0297; 19.8728,111.0105",19-52.35N/110-57.27E; 19-59.70N/110-57.10E; 19-59.55N/111-01.78E; 19-52.37N/111-00.63E,琼航警128/26，南海，自7月21日0600时至7月24日1800时，在19-52.35N/110-57.27E、19-59.70N/110-57.10E、19-59.55N/111-01.78E和19-52.37N/111-00.63E四点连线水域范围内进行军事训练，禁止驶入。,https://www.msa.gov.cn/html/cnmsa/hxaq/article/2026/f5b28caa923748a59079b35b0dd7e6e6.html?hav=1jWj6r2hy2JdE4UusCK6tUxFM1,2026-07-16T05:19:44.967166,2026-07-21,2026-07-24
2026-07-15,军事训练—琼航警127/26,海南海事局,07/17-07/19 每日 1930-2200,1,"19.6187,110.9553",19-37.12N /110-57.32E,琼航警127/26，南海，自7月17日至7月19日，每日1930时至2200时，在以19-37.12N /110-57.32E为中心，10海里为半径的圆形区域内进行军事训练，禁止驶入。,https://www.msa.gov.cn/html/cnmsa/hxaq/article/2026/4a1bd46c47eb4618a6d8f22d04af9519.html?hav=1jWj6r2hy2JdE4UusCK6yDtHJx,2026-07-16T05:19:48.283415,2026-07-17,2026-07-19
2026-07-15,MILITARY ACTIVITY-LAIZHOU BAY—SD510/26,山东海事局,07/16 至 07/17,4,"37.5683,119.807; 37.56,119.9158; 37.4487,119.8222; 37.4633,119.6783",37-34.10N 119-48.42E; 37-33.60N 119-54.95E; 37-26.92N 119-49.33E; 37-27.80N 119-40.70E,"SD510/26 BOHAI SEA LAIZHOU BAY,MILITARY ACTIVITY IN AREA BOUNDED BY THE LINES JOINING 37-34.10N 119-48.42E,37-33.60N 119-54.95E,37-26.92N 119-49.33E,37-27.80N 119-40.70E FROM 16 TO 17 JUL.ENTER PROHIBITED.SHANDONG MSA CHINA.",https://www.msa.gov.cn/html/cnmsa/hxaq/article/2026/42c8f3db6ad2b56f.html?hav=1jWj6r2hy2JdE4UuhiaUJSWmu0,2026-07-15T05:09:39.909494,2026-07-16,2026-07-17
2026-07-15,军事活动-莱州湾—鲁航警554/26,山东海事局,07/16 至 07/17,4,"37.5683,119.807; 37.56,119.9158; 37.4487,119.8222; 37.4633,119.6783",37-34.10N 119-48.42E; 37-33.60N 119-54.95E; 37-26.92N 119-49.33E; 37-27.80N 119-40.70E,鲁航警554/26，渤海，莱州湾，7月16日至17日在37-34.10N 119-48.42E、37-33.60N 119-54.95E、37-26.92N 119-49.33E、37-27.80N 119-40.70E各点连线水域内进行军事活动。禁止驶入。,https://www.msa.gov.cn/html/cnmsa/hxaq/article/2026/97194553fecc4e9f8ef60be6416862e8.html?hav=1jWj6r2hy2JdE4UuhiaUJSWmu0,2026-07-15T05:09:43.100995,2026-07-16,2026-07-17
2026-07-15,MILITARY EXERCISES—HN123/26,海南海事局,,4,"19.8725,110.9545; 19.995,110.9517; 19.9925,111.0297; 19.8728,111.0105",19-52.35N/110-57.27E; 19-59.70N/110-57.10E; 19-59.55N/111-01.78E; 19-52.37N/111-00.63E,English 首页 机构职能 机构职责 领导介绍 内设机构 直属单位 政府信息公开 法定主动公开内容 政府信息公开指南 政府信息公开制度 政府信息公开年报 依申请公开 互联网+政务 我要办事 在线查询 航行安全 AIS信息服务 安全信息 北极航道 安全知识 潮汐查询 搜救辅助 海图改正通告 海图服务 事故教训 海事履约 互动交流 在线访谈 政策法规解读 网上咨询 意见征集·在线调查 局长信箱 投诉举报 海事数据 首页 航行安全 安全信息 航行警告 海南海事局 MILITARY EXERCISES—HN123/26 来源：清澜海事局 文号：HN123/26 发布时间：2026-07-15 21:45 [字体： 大 中 小 ] 分享到： HN123/26 SOUTH CHINA SEA . MILITARY EXERCISES IN AREA BOUNDED BY THE LINES JOINING 19-52.35N/110-57.27E、19-59.70N/110-57.10E、19-59.55N/111-01.78E AND 19-52.37N/111-00.63E FROM 20,https://www.msa.gov.cn/html/cnmsa/hxaq/article/2026/32126c17d80a9b71.html?hav=1jWj6r2hy2JdE4UusCK6tUxFM1,2026-07-16T05:19:43.080529,,
2026-07-15,MILITARY ACTIVITIES—HN122/26,海南海事局,07/17 1130 至 07/19 1400,1,"19.6187,110.9553",19-37.12N /110-57.32E,English 首页 机构职能 机构职责 领导介绍 内设机构 直属单位 政府信息公开 法定主动公开内容 政府信息公开指南 政府信息公开制度 政府信息公开年报 依申请公开 互联网+政务 我要办事 在线查询 航行安全 AIS信息服务 安全信息 北极航道 安全知识 潮汐查询 搜救辅助 海图改正通告 海图服务 事故教训 海事履约 互动交流 在线访谈 政策法规解读 网上咨询 意见征集·在线调查 局长信箱 投诉举报 海事数据 首页 航行安全 安全信息 航行警告 海南海事局 MILITARY ACTIVITIES—HN122/26 来源：清澜海事局 文号：HN122/26 发布时间：2026-07-15 21:45 [字体： 大 中 小 ] 分享到： HN122/26  SOUTH CHINA SEA  MILITARY ACTIVITIES IN AREA WITHIN 10 MILES RADIUS OF 19-37.12N /110-57.32E FROM 171130 UTC TO 191400 UTC JUL. ENTERING PROHIBITED. HAINAN MSA CHINA. ,https://www.msa.gov.cn/html/cnmsa/hxaq/article/2026/69c890466a4f392d.html?hav=1jWj6r2hy2JdE4UusCK6yDtHJx,2026-07-16T05:19:50.799101,2026-07-17,2026-07-19
2026-07-15,渤海军事演习—辽航警309/26,辽宁海事局,07/16 0430-1200,4,"40.5765,120.8455; 40.5765,120.8712; 40.5567,120.8712; 40.5567,120.8455",40-34.59N 120-50.73E; 40-34.59N 120-52.27E; 40-33.40N 120-52.27E; 40-33.40N 120-50.73E,辽航警309/26，渤海，自7月16日0430时至7月16日1200时在40-34.59N 120-50.73E、40-34.59N 120-52.27E、40-33.40N 120-52.27E和40-33.40N 120-50.73E诸04点连线范围内进行军事演习。禁止驶入。,https://www.msa.gov.cn/html/cnmsa/hxaq/article/2026/df805fe2a88944b1b577952b207af61c.html?hav=1jWj6r2hy2JdE4Uun1K4uiElTX,2026-07-16T05:19:05.347146,2026-07-16,2026-07-16
2026-07-15,BOHAI SEA  MILITARY EXERCISES—LN268/26,辽宁海事局,,4,"40.5765,120.8455; 40.5765,120.8712; 40.5567,120.8712; 40.5567,120.8455",40-34.59N 120-50.73E; 40-34.59N 120-52.27E; 40-33.40N 120-52.27E; 40-33.40N 120-50.73E,"English 首页 机构职能 机构职责 领导介绍 内设机构 直属单位 政府信息公开 法定主动公开内容 政府信息公开指南 政府信息公开制度 政府信息公开年报 依申请公开 互联网+政务 我要办事 在线查询 航行安全 AIS信息服务 安全信息 北极航道 安全知识 潮汐查询 搜救辅助 海图改正通告 海图服务 事故教训 海事履约 互动交流 在线访谈 政策法规解读 网上咨询 意见征集·在线调查 局长信箱 投诉举报 海事数据 首页 航行安全 安全信息 航行警告 辽宁海事局 BOHAI SEA  MILITARY EXERCISES—LN268/26 来源：葫芦岛海事局 文号：LN268/26 发布时间：2026-07-15 18:05 [字体： 大 中 小 ] 分享到： LN268/26 BOHAI SEA  MILITARY EXERCISES IN AREA BOUNDED BY THE LINES JOINING 40-34.59N 120-50.73E,40-34.59N 120-52.27E,40-33.40N 120-52.27E AND 40-33.40N 120-50.73E FR",https://www.msa.gov.cn/html/cnmsa/hxaq/article/2026/79a4e2a2b32540ea.html?hav=1jWj6r2hy2JdE4Uun1K4uiElTX,2026-07-16T05:19:03.369893,,
2026-07-17,军事活动-莱州湾—鲁航警569/26,山东海事局,07/20 至 07/21,4,"37.6102,119.8025; 37.597,119.93; 37.4593,119.81; 37.4722,119.663",37-36.61N 119-48.15E; 37-35.82N 119-55.80E; 37-27.56N 119-48.60E; 37-28.33N 119-39.78E,鲁航警569/26，渤海，莱州湾，7月20日至21日在37-36.61N 119-48.15E、37-35.82N 119-55.80E、37-27.56N 119-48.60E、37-28.33N 119-39.78E各点连线水域内进行军事活动。禁止驶入。撤销鲁航警554/26。,https://www.msa.gov.cn/html/cnmsa/hxaq/article/2026/78212c287c8841dbac3435afc303e07a.html?hav=1jWj6r2hy2JdE7QPotlvF5nDkn,2026-07-17T05:22:14.499999,2026-07-20,2026-07-21
2026-07-17,MILITARY ACTIVITY-LAIZHOU BAY—SD525/26,山东海事局,,4,"37.6102,119.8025; 37.597,119.93; 37.4593,119.81; 37.4722,119.663",37-36.61N 119-48.15E; 37-35.82N 119-55.80E; 37-27.56N 119-48.60E; 37-28.33N 119-39.78E,"English 首页 机构职能 机构职责 领导介绍 内设机构 直属单位 政府信息公开 法定主动公开内容 政府信息公开指南 政府信息公开制度 政府信息公开年报 依申请公开 互联网+政务 我要办事 在线查询 航行安全 AIS信息服务 安全信息 北极航道 安全知识 潮汐查询 搜救辅助 海图改正通告 海图服务 事故教训 海事履约 互动交流 在线访谈 政策法规解读 网上咨询 意见征集·在线调查 局长信箱 投诉举报 海事数据 首页 航行安全 安全信息 航行警告 山东海事局 MILITARY ACTIVITY-LAIZHOU BAY—SD525/26 来源：烟台海事局 文号：SD525/26 发布时间：2026-07-17 09:17 [字体： 大 中 小 ] 分享到： SD525/26 BOHAI SEA MILITARY ACTIVITY IN AREA BOUNDED BY THE LINES JOINING 37-36.61N 119-48.15E,37-35.82N 119-55.80E,37-27.56N 119-48.60E,37-28.33N 119-39.78E FROM 20 T",https://www.msa.gov.cn/html/cnmsa/hxaq/article/2026/fa4584ee2667dc7a.html?hav=1jWj6r2hy2JdE7QPotlvF5nDkn,2026-07-17T05:22:17.408570,,
2026-07-17,军事演习—粤航警483/26,广东海事局,07/18 0000-2400,6,"23.5528,117.1138; 23.525,117.125; 23.5295,117.2463; 23.5167,117.2542; 23.6362,117.3083; 23.6445,117.2888",23-33.17N 117-06.83E; 23-31.50N 117-07.50E; 23-31.77N 117-14.78E; 23-31.00N 117-15.25E; 23-38.17N 117-18.50E; 23-38.67N 117-17.33E,粤航警483/26，南海，自2026年7月18日0000时至2400时，在以六点连线海域内进行军事活动： （1）23-33.17N 117-06.83E; （2）23-31.50N 117-07.50E; （3）23-31.77N 117-14.78E; （4）23-31.00N 117-15.25E; （5）23-38.17N 117-18.50E; （6）23-38.67N 117-17.33E。禁止驶入。,https://www.msa.gov.cn/html/cnmsa/hxaq/article/2026/cd39685149124b48a39f0f1e25fd9e63.html?hav=1jWj6r2hy2JdE7QPuBDaXhuCye,2026-07-18T05:05:04.986069,2026-07-18,2026-07-18
2026-07-17,MILITARY ACTIVITY—GD426/26,广东海事局,,5,"23.5528,117.1138; 23.525,117.125; 23.5295,117.2463; 23.5167,117.2542; 23.6362,117.3083",23-33.17N 117-06.83E; 23-31.50N 117-07.50E; 23-31.77N 117-14.78E; 23-31.00N 117-15.25E; 23-38.17N 117-18.50E,English 首页 机构职能 机构职责 领导介绍 内设机构 直属单位 政府信息公开 法定主动公开内容 政府信息公开指南 政府信息公开制度 政府信息公开年报 依申请公开 互联网+政务 我要办事 在线查询 航行安全 AIS信息服务 安全信息 北极航道 安全知识 潮汐查询 搜救辅助 海图改正通告 海图服务 事故教训 海事履约 互动交流 在线访谈 政策法规解读 网上咨询 意见征集·在线调查 局长信箱 投诉举报 海事数据 首页 航行安全 安全信息 航行警告 广东海事局 MILITARY ACTIVITY—GD426/26 来源：潮州海事局 文号：GD426/26 发布时间：2026-07-17 17:11 [字体： 大 中 小 ] 分享到： GD426/26 SOUTH CHINA SEA MILITARY ACTIVITY IN AREA BOUNDED BY 23-33.17N 117-06.83E;23-31.50N 117-07.50E;23-31.77N 117-14.78E;23-31.00N 117-15.25E;23-38.17N 117-18.50E;23-38.67N 11,https://www.msa.gov.cn/html/cnmsa/hxaq/article/2026/134c8dc08a242ff3.html?hav=1jWj6r2hy2JdE7QPuBDaXhuCye,2026-07-18T05:05:03.155320,,
2026-07-18,MILITARY MISSION—LN272/26,辽宁海事局,07/18 1000 至 07/20 1000,4,"39.85,119.8833; 39.85,120.6167; 39.3167,120.6167; 39.3167,119.8833",39-51N119-53E; 39-51N120-37E; 39-19N120-37E; 39-19N119-53E,"English 首页 机构职能 机构职责 领导介绍 内设机构 直属单位 政府信息公开 法定主动公开内容 政府信息公开指南 政府信息公开制度 政府信息公开年报 依申请公开 互联网+政务 我要办事 在线查询 航行安全 AIS信息服务 安全信息 北极航道 安全知识 潮汐查询 搜救辅助 海图改正通告 海图服务 事故教训 海事履约 互动交流 在线访谈 政策法规解读 网上咨询 意见征集·在线调查 局长信箱 投诉举报 海事数据 首页 航行安全 安全信息 航行警告 辽宁海事局 MILITARY MISSION—LN272/26 来源：大连海事局 文号：LN272/26 发布时间：2026-07-18 12:43 [字体： 大 中 小 ] 分享到： LN272/26 BOHAI SEA MILITARY MISSION IN AREA BOUNDED BY THE LINES JOINING 39-51N119-53E,39-51N120-37E,39-19N120-37E,39-19N119-53E FROM 181000UTC TO 201000UTC JUL.ENTERING PROHIBITED",https://www.msa.gov.cn/html/cnmsa/hxaq/article/2026/6e74159b2eabf4b6.html?hav=1jWj6r2hy2JdE8tASfMfgZlM0c,2026-07-18T05:04:36.786952,2026-07-18,2026-07-20
2026-07-18,军事任务—辽航警315/26,辽宁海事局,07/18 1800 至 07/20 1800,4,"39.85,119.8833; 39.85,120.6167; 39.3167,120.6167; 39.3167,119.8833",39-51N119-53E; 39-51N120-37E; 39-19N120-37E; 39-19N119-53E,辽航警315/26，渤海，自7月18日1800时至20日1800时在39-51N119-53E、39-51N120-37E、39-19N120-37E、39-19N119-53E诸点连线范围内执行军事任务。禁止驶入。,https://www.msa.gov.cn/html/cnmsa/hxaq/article/2026/6b1423954d684d8b8a9220b39d0a59b9.html?hav=1jWj6r2hy2JdE8tASfMfgZlM0c,2026-07-18T05:04:34.393777,2026-07-18,2026-07-20
2026-07-18,实弹射击—粤航警484/26,广东海事局,07/20-07/21 每日 0800-1800,0,,,粤航警484/26，北部湾，7月20日至21日，每天0800时至1800时，在以下四点连线海域内进行实弹射击： （1）21-15.98N，109-42.78E； （2）21-15.98N，109-46.27E； （3）21-14.56N，109-46.50E； （4）21-14.56N，109-42.78E。禁止驶入。,https://www.msa.gov.cn/html/cnmsa/hxaq/article/2026/96bface8650d4e5a9d568e38157cd312.html?hav=1jWj6r2hy2JdE8tASjERxNohDU,2026-07-19T05:32:20.557092,2026-07-20,2026-07-21
2026-07-18,火箭发射—沪航警561/26,上海海事局,07/20 0600 至 07/22 1200,1,"31.203,123.7115",31-12.18N 123-42.69E,沪航警561/26，东海，2026年7月20日0600时至22日1200时，在以31-12.18N 123-42.69E为圆心，半径3千米的圆形海域内和以31-12.18N 123-42.69E为圆心，方位158°-194°，半径5千米的扇形的海域进行火箭发射。禁止驶入。,https://www.msa.gov.cn/html/cnmsa/hxaq/article/2026/15c875ed4da0467fb3a818dea65a6a39.html?hav=1jWj6r2hy2JdE8tASn6EX7sywM,2026-07-19T05:31:30.768475,2026-07-20,2026-07-22
2026-07-19,军事训练—桂航警159/26,广西海事局,07/19 1200-1700,4,"21.3833,108.79; 21.3833,108.9667; 21.2067,108.9667; 21.2067,108.79",21-23.00N 108-47.40E; 21-23.00N 108-58.00E; 21-12.40N 108-58.00E; 21-12.40N 108-47.40E,桂航警159/26，北部湾，7月19日1200时至1700时，在21-23.00N 108-47.40E；21-23.00N 108-58.00E；21-12.40N 108-58.00E；21-12.40N 108-47.40E连线海域范围内进行军事训练，禁止船舶驶入。,https://www.msa.gov.cn/html/cnmsa/hxaq/article/2026/21071fb9bb3d426bb6a8f7585548d89a.html?hav=1jWj6r2hy2JdEALv1DNXFjoi1Z,2026-07-19T05:32:40.522658,2026-07-19,2026-07-19
2026-07-19,MILITARY TRAINING—GX63/26,广西海事局,07/19 0400-0900,4,"21.3833,108.79; 21.3833,108.9667; 21.2067,108.9667; 21.2067,108.79",21-23.00N 108-47.40E; 21-23.00N 108-58.00E; 21-12.40N 108-58.00E; 21-12.40N 108-47.40E,GX63/26 发布时间：2026-07-19 10:50 [字体： 大 中 小 ] 分享到： GX63/26 ，BEIBU BAY，MILITARY TRAINING IN AREA BOUNDED BY THE LINES JOINING 21-23.00N 108-47.40E；21-23.00N 108-58.00E；21-12.40N 108-58.00E；21-12.40N 108-47.40E FROM 190400 UTC TO 190900 UTC JUL. ENTERING PROHIBITED．GUANGXI MSA CHINA.,https://www.msa.gov.cn/html/cnmsa/hxaq/article/2026/0330a0c614f2f992.html?hav=1jWj6r2hy2JdEALv1DNXFjoi1Z,2026-07-20T05:49:39.767857,2026-07-19,2026-07-19
2026-07-20,火箭残骸掉落—浙航警627/26,浙江海事局,07/22 0930-1130,4,"28.5833,123.6167; 28.6,124.0333; 27.8833,124.0667; 27.8667,123.65",28-35N 123-37E; 28-36N 124-02E; 27-53N 124-04E; 27-52N 123-39E,浙航警627/26，东海，7月22日0930时至1130时，在28-35N 123-37E、28-36N 124-02E、27-53N 124-04E、27-52N 123-39E诸点连线水域范围内有火箭残骸掉落，禁止驶入。,https://www.msa.gov.cn/html/cnmsa/hxaq/article/2026/4f314cab96a74e238b5b51f2ba2b9e78.html?hav=1jWj6r2hy2JdJztOp66c66KFta,2026-07-21T05:29:41.965150,2026-07-22,2026-07-22
2026-07-20,军事任务—冀航警466/26,河北海事局,07/21 0000 至 07/23 2400,4,"39.4097,119.2289; 39.4097,119.2922; 39.3225,119.4964; 39.1878,119.1983",N 39°24′35″、E 119°13′44″; N39°24′35″、E 119°17′32″; N39°19′21″、E 119°29′47″; N39°11′16″、E 119°11′54″,冀航警466/26，渤海，7月21日0000时至7月23日2400时， 以N 39°24′35″、E 119°13′44″为顶点，正东方向至N39°24′35″、E 119°17′32″，再至N39°19′21″、E 119°29′47″端点，顶点正南偏西6°方向至N39°11′16″、E 119°11′54″端点，以顶点为中心半径25公里的部分圆弧将两个端点连接，形成不规则的闭合范围。该区域内进行实弹射击活动。禁止驶入。,https://www.msa.gov.cn/html/cnmsa/hxaq/article/2026/37a5d0d6b80549539719e470a2a7ea9e.html?hav=1jWj6r2hy2JdJztOjrEnv4GuIL,2026-07-20T05:49:11.029607,2026-07-21,2026-07-23
2026-07-21,舟山黄它山水域军事活动—浙航警641/26,浙江海事局,07/22 0900-1400,4,"30.0833,122.3; 30.0833,122.3333; 30.1067,122.3333; 30.1067,122.3",30-05.00N 122-18.00E; 30-05.00N 122-20.00E; 30-06.40N 122-20.00E; 30-06.40N 122-18.00E,浙航警641/26，东海，7月22日0900时至1400时在30-05.00N 122-18.00E，30-05.00N 122-20.00E，30-06.40N 122-20.00E和30-06.40N 122-18.00E诸点连线范围内水域，进行军事射击训练，禁止驶入。,https://www.msa.gov.cn/html/cnmsa/hxaq/article/2026/91f0e036ac6d40ceb3bbf1f273b58cdc.html?hav=1jWj6r2hy2JdK1M9NkZ6z5m73m,2026-07-22T05:28:50.768404,2026-07-22,2026-07-22
2026-07-21,实弹射击—云航警117/26,连云港海事局,07/22 1000-1300,4,"35.0667,120.0; 35.0667,120.2167; 34.7333,120.2167; 34.7333,120.0",35-04.00N 120-00.00E; 35-04.00N 120-13.00E; 34-44.00N 120-13.00E; 34-44.00N 120-00.00E,English 首页 机构职能 机构职责 领导介绍 内设机构 直属单位 政府信息公开 法定主动公开内容 政府信息公开指南 政府信息公开制度 政府信息公开年报 依申请公开 互联网+政务 我要办事 在线查询 航行安全 AIS信息服务 安全信息 北极航道 安全知识 潮汐查询 搜救辅助 海图改正通告 海图服务 事故教训 海事履约 互动交流 在线访谈 政策法规解读 网上咨询 意见征集·在线调查 局长信箱 投诉举报 海事数据 首页 航行安全 安全信息 航行警告 连云港海事局 实弹射击—云航警117/26 来源：连云港海事局 文号：云航警117/26 发布时间：2026-07-21 17:48 [字体： 大 中 小 ] 分享到： 云航警117/26，黄海南部，7月22日1000时至1300时，在35-04.00N 120-00.00E、35-04.00N 120-13.00E、34-44.00N 120-13.00E和34-44.00N 120-00.00E四点连线范围内进行实弹射击，禁止驶入。 收藏 打印本页 关闭窗口 下载PDF文件 分享到微信朋友圈 x 打开微信，点击底部的“发现”， 使用“扫,https://www.msa.gov.cn/html/cnmsa/hxaq/article/2026/f497a44d94c140a3a3b8024ba261c59c.html?hav=1jWj6r2hy2JdK1M9NjHBgefTIe,2026-07-22T05:29:40.652226,2026-07-22,2026-07-22
2026-07-22,舟山中块岛水域军事活动—浙航警646/26,浙江海事局,07/23 0700-2200,4,"30.4633,122.9075; 30.4633,122.9712; 30.4092,122.97; 30.4092,122.9075",30-27.80N 122-54.45E; 30-27.80N 122-58.27E; 30-24.55N 122-58.20E; 30-24.55N 122-54.45E,浙航警646/26，东海，7月23日0700时至2200时在30-27.80N 122-54.45E，30-27.80N 122-58.27E，30-24.55N 122-58.20E和30-24.55N 122-54.45E诸点连线范围内水域，进行军事射击训练，禁止驶入。撤销浙航警645/26。,https://www.msa.gov.cn/html/cnmsa/hxaq/article/2026/dca4e050f19e4d72be0ea99c42f2f06d.html?hav=1jWj6r2hy2JdK2otwIZycmH9ec,2026-07-23T05:34:01.899505,2026-07-23,2026-07-23
2026-07-22,ZHOUSHAN ZHONGKUAI ISLAND MILITARY ACTIVITY—ZJ281/26,浙江海事局,,3,"30.4633,122.9075; 30.4633,122.9712; 30.4092,122.97",30-27.80N 122-54.45E; 30-27.80N 122-58.27E; 30-24.55N 122-58.20E,English 首页 机构职能 机构职责 领导介绍 内设机构 直属单位 政府信息公开 法定主动公开内容 政府信息公开指南 政府信息公开制度 政府信息公开年报 依申请公开 互联网+政务 我要办事 在线查询 航行安全 AIS信息服务 安全信息 北极航道 安全知识 潮汐查询 搜救辅助 海图改正通告 海图服务 事故教训 海事履约 互动交流 在线访谈 政策法规解读 网上咨询 意见征集·在线调查 局长信箱 投诉举报 海事数据 首页 航行安全 安全信息 航行警告 浙江海事局 ZHOUSHAN ZHONGKUAI ISLAND MILITARY ACTIVITY—ZJ281/26 来源：舟山海事局 文号：ZJ281/26 发布时间：2026-07-22 16:18 [字体： 大 中 小 ] 分享到： ZJ281/26 EAST CHINA SEA CHINA SEA GUN FIRING IN AREA BOUNDED BY THE LINES JOINING 30-27.80N 122-54.45E，30-27.80N 122-58.27E，30-24.55N 122-58.20E AND 30-2,https://www.msa.gov.cn/html/cnmsa/hxaq/article/2026/33d56e2871d20a01.html?hav=1jWj6r2hy2JdK2otwIZycmH9ec,2026-07-23T05:34:00.084524,,
2026-07-22,军事演习—闽航警126/26,福建海事局,07/23 0600-1800；07/24 0600-1800,0,,,闽航警126/26，台湾海峡，东海， 2026年7月23日0600时至1800时，在以下五点连线范围内进行实弹射击： 1）23-41.31N、117-31.49E 2）23-36.23N、117-28.73E 3）23-35.10N、117-30.10E 4）23-38.60N、117-36.21E 5）23-41.30N、117-34.58E 7月24日0600时至1800时，在以下四点连线范围内进行实弹射击： 1）23-37.00N、117-26.50E 2）23-37.00N、117-29.50E 3）23-33.00N、117-29.50E 4）23-33.00N、117-26.50E 禁止进入。,https://www.msa.gov.cn/html/cnmsa/hxaq/article/2026/c8e1fab9bb07494990a47b7121bc56e2.html?hav=1jWj6r2hy2JdK2otwL9pRpIYDA,2026-07-23T05:34:11.027033,2026-07-23,2026-07-24
2026-07-22,MILITARY EXERCISE—FJ125/26,福建海事局,07/22 2200 至 07/23 1000；07/23 2200 至 07/24 1000,0,,,"FJ125/26 TAIWAN STRAIT , EAST CHINA SEA GUN FIRING FROM 222200UTC TO 231000UTC JUL , IN AREA BOUNDED BY THE LINES JOINING 1）23-41.31N、117-31.49E 2）23-36.23N、117-28.73E 3）23-35.10N、117-30.10E 4）23-38.60N、117-36.21E 5）23-41.30N、117-34.58E FROM 232200UTC TO 241000UTC JUL, IN AREA BOUNDED BY THE LINES JOINING 1）23-37.00N、117-26.50E 2）23-37.00N、117-29.50E 3）23-33.00N、117-29.50E 4）23-33.00N、117-26.50E CAUTION ADVISED, ENTERING PROHIBITED． FUJIAN MSA CHINA．",https://www.msa.gov.cn/html/cnmsa/hxaq/article/2026/40abaea3410ebd4e.html?hav=1jWj6r2hy2JdK2otwL9pRpIYDA,2026-07-23T05:34:09.168337,2026-07-22,2026-07-24
2026-07-22,军事训练—桂航警166/26,广西海事局,07/23 0600 至 07/26 2000,11,"21.3037,109.5018; 21.3268,109.6342; 21.2225,109.677; 20.6672,109.5492; 20.0202,108.7047; 20.3035,108.4633; 20.8928,109.2298; 21.0025,109.3025; 20.667,109.5495; 20.5272,109.3647; 20.7742,109.0792",21-18.22N 109-30.11E; 21-19.61N 109-38.05E; 21-13.35N 109-40.62E; 20-40.03N 109-32.95E; 20-01.21N 108-42.28E; 20-18.21N 108-27.80E; 20-53.57N 109-13.79E; 21-00.15N 109-18.15E; 20-40.02N 109-32.97E; 20-31.63N 109-21.88E; 20-46.45N 109-04.75E,桂航警166/26，北部湾，7月23日0600时至26日2000时，将在1）21-18.22N 109-30.11E；2）21-19.61N 109-38.05E；3）21-13.35N 109-40.62E；4）20-40.03N 109-32.95E；5）20-01.21N 108-42.28E；6）20-18.21N 108-27.80E；7）20-53.57N 109-13.79E诸点连线海域范围内进行军事训练，禁止船舶驶入。训练期间每日2000时至次日0300时船舶可由1）21-00.15N 109-18.15E；2）20-40.02N 109-32.97E；3）20-31.63N 109-21.88E；4）20-46.45N 109-04.75E诸点连线范围内驶过。,https://www.msa.gov.cn/html/cnmsa/hxaq/article/2026/c547c212bf0c430c8cbbbf29d3db443a.html?hav=1jWj6r2hy2JdK2otr2QEhJ4SN6,2026-07-22T05:29:08.582548,2026-07-23,2026-07-26
2026-07-22,实弹射击—鲁航警584/26,山东海事局,07/23 1800 至 07/24 2400,4,"37.3445,119.3297; 37.3412,119.3883; 37.1762,119.3908; 37.1647,119.2937",37-20.67N 119-19.78E; 37-20.47N 119-23.30E; 37-10.57N 119-23.45E; 37-09.88N 119-17.62E,鲁航警584/26，渤海 潍坊港，7月23日1800时至24日2400时在37-20.67N 119-19.78E、37-20.47N 119-23.30E、37-10.57N 119-23.45E、37-09.88N 119-17.62E诸点连线范围内进行实弹射击。禁止驶入。,https://www.msa.gov.cn/html/cnmsa/hxaq/article/2026/74e3d53bb95b4db4aea6eda60efc400c.html?hav=1jWj6r2hy2JdK2otwAqPK9ZFJg,2026-07-22T05:28:46.334209,2026-07-23,2026-07-24
2026-07-22,MILITARY TRAINING—GX64/26,广西海事局,07/22 2200 至 07/26 1200；07/23-07/25 每日 1200-1900,11,"21.3037,109.5018; 21.3268,109.6342; 21.2225,109.677; 20.6672,109.5492; 20.0202,108.7047; 20.3035,108.4633; 20.8928,109.2298; 21.0025,109.3025; 20.667,109.5495; 20.5272,109.3647; 20.7742,109.0792",21-18.22N 109-30.11E; 21-19.61N 109-38.05E; 21-13.35N 109-40.62E; 20-40.03N 109-32.95E; 20-01.21N 108-42.28E; 20-18.21N 108-27.80E; 20-53.57N 109-13.79E; 21-00.15N 109-18.15E; 20-40.02N 109-32.97E; 20-31.63N 109-21.88E; 20-46.45N 109-04.75E,"GX64/26 发布时间：2026-07-22 09:01 [字体： 大 中 小 ] 分享到： GX64/26 ,BEIBU BAY, MILITARY TRAINING IN AREA BOUNDED BY THE LINES JOINING 1）21-18.22N 109-30.11E；2）21-19.61N 109-38.05E；3）21-13.35N 109-40.62E；4）20-40.03N 109-32.95E；5）20-01.21N 108-42.28E；6）20-18.21N 108-27.80E；7）20-53.57N 109-13.79E FROM 222200UTC TO 261200UTC JUL．ENTERING PROHIBITED．VESSELS ARE PERMITTED TO TRANSIT AREA BOUNDED BY THE LINES JOINING 1）21-00.15N 109-18.15E；2）20-40.02N 109-32.97E；3）20-31.63N 109-21.88E；4）20-46.45N 109-04.75E 1200UTC TO 1900UTC DAILY FROM 23 TO 25 JUL. GUANGXI MSA CHINA.",https://www.msa.gov.cn/html/cnmsa/hxaq/article/2026/cd38da712a493c99.html?hav=1jWj6r2hy2JdK2otr2QEhJ4SN6,2026-07-22T05:29:11.303387,2026-07-22,2026-07-26
2026-07-23,军事训练—琼航警131/26,海南海事局,07/24 0800 至 07/27 1800,4,"19.1892,111.95; 17.065,114.0767; 16.0253,112.9395; 18.1703,110.8",19-11.35N 111-57.00E; 17-03.90N 114-04.60E; 16-01.52N 112-56.37E; 18-10.22N 110-48.0E,琼航警131/26，南海，2026年7月24日0800时至2026年7月27日1800时，在19-11.35N 111-57.00E、17-03.90N 114-04.60E、16-01.52N 112-56.37E、18-10.22N 110-48.0E诸点连线范围内进行军事训练。禁止驶入。,https://www.msa.gov.cn/html/cnmsa/hxaq/article/2026/764c2b643c604e05837ed6e5fc9d9712.html?hav=1jWj6r2hy2JdK4HeUuSclZaQ0R,2026-07-24T05:30:20.058113,2026-07-24,2026-07-27
2026-07-23,MILITARY EXERCISES—HN126/26,海南海事局,,4,"19.1892,111.95; 17.065,114.0767; 16.0253,112.9395; 18.1703,110.8",19-11.35N 111-57.00E; 17-03.90N 114-04.60E; 16-01.52N 112-56.37E; 18-10.22N 110-48.00E,"English 首页 机构职能 机构职责 领导介绍 内设机构 直属单位 政府信息公开 法定主动公开内容 政府信息公开指南 政府信息公开制度 政府信息公开年报 依申请公开 互联网+政务 我要办事 在线查询 航行安全 AIS信息服务 安全信息 北极航道 安全知识 潮汐查询 搜救辅助 海图改正通告 海图服务 事故教训 海事履约 互动交流 在线访谈 政策法规解读 网上咨询 意见征集·在线调查 局长信箱 投诉举报 海事数据 首页 航行安全 安全信息 航行警告 海南海事局 MILITARY EXERCISES—HN126/26 来源：三沙海事局 文号：HN126/26 发布时间：2026-07-23 17:48 [字体： 大 中 小 ] 分享到： HN126/26 SOUTH CHINA SEA MILITARY EXERCISES IN AREA BOUNDED BY THE LINES JOINING 19-11.35N 111-57.00E,17-03.90N 114-04.60E,16-01.52N 112-56.37E,18-10.22N 110-48.00E FROM 240000 U",https://www.msa.gov.cn/html/cnmsa/hxaq/article/2026/20fecc1d86a78019.html?hav=1jWj6r2hy2JdK4HeUuSclZaQ0R,2026-07-24T05:30:18.106498,,
2026-07-23,火箭发射—琼航警130/26,海南海事局,08/04-08/05 每日 1550-1750,1,"19.6,110.93",19-36.00N 110-55.80E,琼航警130/26，南海，自8月4日至8月5日，每日1550时至1750时，在以19-36.00N 110-55.80E为中心，5.4海里为半径的圆形区域内进行火箭发射，禁止驶入。,https://www.msa.gov.cn/html/cnmsa/hxaq/article/2026/172484fe65824f95aeedea2f3d41cb71.html?hav=1jWj6r2hy2JdK4HeUo0yzVO4he,2026-07-23T05:34:34.947871,2026-08-04,2026-08-05
2026-07-23,MILITARY EXERCISES—HN127/26,海南海事局,,4,"17.643,108.9712; 18.0967,109.8412; 17.277,110.33; 16.8245,109.4597",17-38.58N 108-58.27E; 18-05.80N 109-50.47E; 17-16.62N 110-19.80E; 16-49.47N 109-27.58E,English 首页 机构职能 机构职责 领导介绍 内设机构 直属单位 政府信息公开 法定主动公开内容 政府信息公开指南 政府信息公开制度 政府信息公开年报 依申请公开 互联网+政务 我要办事 在线查询 航行安全 AIS信息服务 安全信息 北极航道 安全知识 潮汐查询 搜救辅助 海图改正通告 海图服务 事故教训 海事履约 互动交流 在线访谈 政策法规解读 网上咨询 意见征集·在线调查 局长信箱 投诉举报 海事数据 首页 航行安全 安全信息 航行警告 海南海事局 MILITARY EXERCISES—HN127/26 来源：三亚海事局 文号：HN127/26 发布时间：2026-07-23 22:28 [字体： 大 中 小 ] 分享到： HN127/26 SOUTH CHINA SEA MILITARY EXERCISES IN AREA BOUNDED BY THE LINES JOINING 17-38.58N 108-58.27E、18-05.80N 109-50.47E、17-16.62N 110-19.80E、16-49.47N 109-27.58E  AND  IN AREA,https://www.msa.gov.cn/html/cnmsa/hxaq/article/2026/0b395b04c81eb209.html?hav=1jWj6r2hy2JdK4Hea82VLJ3lws,2026-07-24T05:30:12.195010,,
2026-07-23,MILITARY EXERCISES—ZJ283/26,浙江海事局,,3,"28.9833,121.9333; 29.1333,122.2667; 29.1333,122.9167",28-59.00N 121-56.00E; 29-08.00N 122-16.00E; 29-08.00N 122-55.00E,"English 首页 机构职能 机构职责 领导介绍 内设机构 直属单位 政府信息公开 法定主动公开内容 政府信息公开指南 政府信息公开制度 政府信息公开年报 依申请公开 互联网+政务 我要办事 在线查询 航行安全 AIS信息服务 安全信息 北极航道 安全知识 潮汐查询 搜救辅助 海图改正通告 海图服务 事故教训 海事履约 互动交流 在线访谈 政策法规解读 网上咨询 意见征集·在线调查 局长信箱 投诉举报 海事数据 首页 航行安全 安全信息 航行警告 浙江海事局 MILITARY EXERCISES—ZJ283/26 来源：浙江海事局 文号：ZJ283/26 发布时间：2026-07-23 10:00 [字体： 大 中 小 ] 分享到： ZJ283/26 EAST CHINA SEA MILITARY EXERCISES IN AREA  BOUNDED  BY  THE  LINES  JOINING （1）28-59.00N 121-56.00E, （2）29-08.00N 122-16.00E, （3）29-08.00N 122-55.00E, （4）28-19.00N 122-5",https://www.msa.gov.cn/html/cnmsa/hxaq/article/2026/719a6d06394e49f4.html?hav=1jWj6r2hy2JdK4HeUlR7muE4zB,2026-07-23T05:33:55.668575,,
2026-07-23,军事训练—琼航警132/26,海南海事局,07/24 0000 至 07/31 2400,8,"17.643,108.9712; 18.0967,109.8412; 17.277,110.33; 16.8245,109.4597; 18.7313,110.5503; 18.2183,111.3333; 17.4803,110.7662; 17.9947,109.9817",17-38.58N 108-58.27E; 18-05.80N 109-50.47E; 17-16.62N 110-19.80E; 16-49.47N 109-27.58E; 18-43.88N 110-33.02E; 18-13.10N 111-20.00E; 17-28.82N 110-45.97E; 17-59.68N 109-58.90E,琼航警132/26，南海，2026年7月24日0000时至2026年7月31日2400时，在17-38.58N 108-58.27E、18-05.80N 109-50.47E、17-16.62N 110-19.80E、16-49.47N 109-27.58E诸点连线水域范围以及18-43.88N 110-33.02E、18-13.10N 111-20.00E、17-28.82N 110-45.97E、17-59.68N 109-58.90E诸点连线水域范围内进行军事训练，禁止驶入。,https://www.msa.gov.cn/html/cnmsa/hxaq/article/2026/7744aceb0a14451aaaa1ba4fe60ae1d2.html?hav=1jWj6r2hy2JdK4Hea82VLJ3lws,2026-07-24T05:30:15.531664,2026-07-24,2026-07-31
2026-07-23,军事演习—浙航警654/26,浙江海事局,07/24 0400 至 07/25 1800,11,"28.9833,121.9333; 29.1333,122.2667; 29.1333,122.9167; 28.3167,122.9167; 27.5883,122.4953; 27.45,122.1783; 27.45,121.4667; 27.7917,121.1333; 27.8667,121.1333; 28.05,121.5; 28.4333,121.9333",28-59.00N 121-56.00E; 29-08.00N 122-16.00E; 29-08.00N 122-55.00E; 28-19.00N 122-55.00E; 27-35.30N 122-29.72E; 27-27.00N 122-10.70E; 27-27.00N 121-28.00E; 27-47.50N 121-08.00E; 27-52.00N 121-08.00E; 28-03.00N 121-30.00E; 28-26.00N 121-56.00E,"浙航警654/26，东海，7月24日0400时至25日1800时，在（1）28-59.00N 121-56.00E, （2）29-08.00N 122-16.00E, （3）29-08.00N 122-55.00E, （4）28-19.00N 122-55.00E, （5）27-35.30N 122-29.72E, （6）27-27.00N 122-10.70E, （7）27-27.00N 121-28.00E, （8）27-47.50N 121-08.00E, （9）27-52.00N 121-08.00E, （10）28-03.00N 121-30.00E, （11）28-26.00N 121-56.00E十一点连线水域范围内进行军事训练。禁止驶入。",https://www.msa.gov.cn/html/cnmsa/hxaq/article/2026/fee213c9a12b462a820cf294ddb79efa.html?hav=1jWj6r2hy2JdK4HeUlR7muE4zB,2026-07-23T05:33:57.626802,2026-07-24,2026-07-25
2026-07-23,舟山中块岛水域军事活动—浙航警655/26,浙江海事局,07/24-07/25 每日 0700-2200,4,"30.4633,122.9075; 30.4633,122.9712; 30.4092,122.97; 30.4092,122.9075",30-27.80N 122-54.45E; 30-27.80N 122-58.27E; 30-24.55N 122-58.20E; 30-24.55N 122-54.45E,浙航警655/26，东海，7月24日至25日每日0700时至2200时在30-27.80N 122-54.45E，30-27.80N 122-58.27E，30-24.55N 122-58.20E和30-24.55N 122-54.45E诸点连线范围内水域，进行军事射击训练，禁止驶入。,https://www.msa.gov.cn/html/cnmsa/hxaq/article/2026/5219930c9e2d492398d4e14bcf7387aa.html?hav=1jWj6r2hy2JdK4HeUtAhEt85GH,2026-07-24T05:29:28.266229,2026-07-24,2026-07-25
2026-07-23,ZHOUSHAN ZHONGKUAI ISLAND MILITARY ACTIVITY—ZJ284/26,浙江海事局,,3,"30.4633,122.9075; 30.4633,122.9712; 30.4092,122.97",30-27.80N 122-54.45E; 30-27.80N 122-58.27E; 30-24.55N 122-58.20E,English 首页 机构职能 机构职责 领导介绍 内设机构 直属单位 政府信息公开 法定主动公开内容 政府信息公开指南 政府信息公开制度 政府信息公开年报 依申请公开 互联网+政务 我要办事 在线查询 航行安全 AIS信息服务 安全信息 北极航道 安全知识 潮汐查询 搜救辅助 海图改正通告 海图服务 事故教训 海事履约 互动交流 在线访谈 政策法规解读 网上咨询 意见征集·在线调查 局长信箱 投诉举报 海事数据 首页 航行安全 安全信息 航行警告 浙江海事局 ZHOUSHAN ZHONGKUAI ISLAND MILITARY ACTIVITY—ZJ284/26 来源：舟山海事局 文号：ZJ284/26 发布时间：2026-07-23 16:40 [字体： 大 中 小 ] 分享到： ZJ284/26 EAST CHINA SEA  GUN FIRING IN AREA BOUNDED BY THE LINES JOINING 30-27.80N 122-54.45E，30-27.80N 122-58.27E，30-24.55N 122-58.20E AND 30-24.55N 122,https://www.msa.gov.cn/html/cnmsa/hxaq/article/2026/ec02b7a6e0c3bf97.html?hav=1jWj6r2hy2JdK4HeUtAhEt85GH,2026-07-24T05:29:31.005674,,
2026-07-24,军事任务—辽航警320/26,辽宁海事局,07/26 1600 至 08/02 1600,4,"38.8617,121.6367; 38.57,121.6367; 38.565,121.1317; 38.8033,121.235",38-51.7N121-38.2E; 38-34.2N121-38.2E; 38-33.9N121-07.9E; 38-48.2N121-14.1E,辽航警320/26，渤海海峡黄海北部，自7月26日1600时至8月2日1600时在38-51.7N121-38.2E、38-34.2N121-38.2E、38-33.9N121-07.9E、38-48.2N121-14.1E诸点连线范围内执行军事任务。禁止驶入。,https://www.msa.gov.cn/html/cnmsa/hxaq/article/2026/61bee02fbd5848de9a992e14365f7961.html?hav=1jWj6r2hy2JdK5kP3RBYjNeant,2026-07-25T05:23:19.807217,2026-07-26,2026-08-02
2026-07-24,实弹射击—辽航警318/26,辽宁海事局,07/27-08/13 每日 0600-2400,4,"39.0763,121.3837; 39.0763,121.4032; 39.052,121.4032; 39.052,121.3837",39-04.58N121-23.02E; 39-04.58N121-24.19E; 39-03.12N121-24.19E; 39-03.12N121-23.02E,辽航警318/26，渤海，自7月27日至8月13日每天0600时至2400时在39-04.58N121-23.02E、39-04.58N121-24.19E、39-03.12N121-24.19E、39-03.12N121-23.02E诸点连线范围内执行实弹射击。禁止驶入。,https://www.msa.gov.cn/html/cnmsa/hxaq/article/2026/680e466cd77c4fd9be353ed7fa3e0382.html?hav=1jWj6r2hy2JdK5kP3RBYjNeajj,2026-07-25T05:23:24.805877,2026-07-27,2026-08-13
2026-07-24,实弹射击—辽航警319/26,辽宁海事局,07/27 0800 至 07/29 1730,4,"38.5917,122.2167; 38.5917,122.4917; 38.5,122.4917; 38.5,122.2167",38-35.5N122-13.0E; 38-35.5N122-29.5E; 38-30.0N122-29.5E; 38-30.0N122-13.0E,辽航警319/26，黄海北部，自7月27日0800时至29日1730时在38-35.5N122-13.0E、38-35.5N122-29.5E、38-30.0N122-29.5E、38-30.0N122-13.0E诸点连线范围内执行实弹射击。禁止驶入。,https://www.msa.gov.cn/html/cnmsa/hxaq/article/2026/471f40ac206240a5a9a9ba4063836667.html?hav=1jWj6r2hy2JdK5kP3RBYjNeajp,2026-07-25T05:23:22.756925,2026-07-27,2026-07-29
2026-07-24,MILITARY MISSION—LN276/26,辽宁海事局,,4,"38.8617,121.6367; 38.57,121.6367; 38.565,121.1317; 38.8033,121.235",38-51.7N121-38.2E; 38-34.2N121-38.2E; 38-33.9N121-07.9E; 38-48.2N121-14.1E,"English 首页 机构职能 机构职责 领导介绍 内设机构 直属单位 政府信息公开 法定主动公开内容 政府信息公开指南 政府信息公开制度 政府信息公开年报 依申请公开 互联网+政务 我要办事 在线查询 航行安全 AIS信息服务 安全信息 北极航道 安全知识 潮汐查询 搜救辅助 海图改正通告 海图服务 事故教训 海事履约 互动交流 在线访谈 政策法规解读 网上咨询 意见征集·在线调查 局长信箱 投诉举报 海事数据 首页 航行安全 安全信息 航行警告 辽宁海事局 MILITARY MISSION—LN276/26 来源：大连海事局 文号：LN276/26 发布时间：2026-07-24 14:46 [字体： 大 中 小 ] 分享到： LN276/26 BOHAI STRAIT AND NORTH YELLOW SEA MILITARY MISSION IN AREA BOUNDED BY THE LINES JOINING 38-51.7N121-38.2E,38-34.2N121-38.2E,38-33.9N121-07.9E,38-48.2N121-14.1E FROM 260800",https://www.msa.gov.cn/html/cnmsa/hxaq/article/2026/5aac1dcd2255727e.html?hav=1jWj6r2hy2JdK5kP3RBYjNeant,2026-07-25T05:23:17.820626,,
2026-07-25,BOHAI SEA MILITARY EXERCISES—LN277/26,辽宁海事局,,4,"40.5765,120.8455; 40.5765,120.8712; 40.5568,120.8712; 40.5568,120.8455",40-34.59N 120-50.73E; 40-34.59N 120-52.27E; 40-33.41N 120-52.27E; 40-33.41N 120-50.73E,"English 首页 机构职能 机构职责 领导介绍 内设机构 直属单位 政府信息公开 法定主动公开内容 政府信息公开指南 政府信息公开制度 政府信息公开年报 依申请公开 互联网+政务 我要办事 在线查询 航行安全 AIS信息服务 安全信息 北极航道 安全知识 潮汐查询 搜救辅助 海图改正通告 海图服务 事故教训 海事履约 互动交流 在线访谈 政策法规解读 网上咨询 意见征集·在线调查 局长信箱 投诉举报 海事数据 首页 航行安全 安全信息 航行警告 辽宁海事局 BOHAI SEA MILITARY EXERCISES—LN277/26 来源：葫芦岛海事局 文号：LN277/26 发布时间：2026-07-25 16:37 [字体： 大 中 小 ] 分享到： LN277/26 BOHAI SEA MILITARY EXERCISES IN AREA BOUNDED BY THE LINES JOINING 40-34.59N 120-50.73E,40-34.59N 120-52.27E,40-33.41N 120-52.27E AND 40-33.41N 120-50.73E FROM",https://www.msa.gov.cn/html/cnmsa/hxaq/article/2026/5f69c751887e0ca2.html?hav=1jWj6r2hy2JdK7D9c4M8FFKYsa,2026-07-25T12:06:35.120808,,
2026-07-25,渤海军事演习—辽航警321/26,辽宁海事局,07/26 0430 至 07/27 1800,4,"40.5765,120.8455; 40.5765,120.8712; 40.5568,120.8712; 40.5568,120.8455",40-34.59N 120-50.73E; 40-34.59N 120-52.27E; 40-33.41N 120-52.27E; 40-33.41N 120-50.73E,辽航警321/26，渤海，自7月26日0430时至27日1800时在40-34.59N 120-50.73E、40-34.59N 120-52.27E、40-33.41N 120-52.27E和40-33.41N 120-50.73E诸点连线范围内进行军事演习。禁止驶入。,https://www.msa.gov.cn/html/cnmsa/hxaq/article/2026/377cb5fa56114462b6da6bc743ac39c0.html?hav=1jWj6r2hy2JdK7D9c4M8FFKYsa,2026-07-25T12:06:31.873803,2026-07-26,2026-07-27
2026-07-26,渤海军事演习—辽航警322/26,辽宁海事局,07/27 1000-1900,4,"40.6925,120.9927; 40.6922,121.0533; 40.6633,121.0537; 40.6638,120.9922",40-41.55N 120-59.56E; 40-41.53N 121-03.20E; 40-39.80N 121-03.22E; 40-39.83N 120-59.53E,辽航警322/26，渤海，自7月27日1000时至27日1900时在40-41.55N 120-59.56E、40-41.53N 121-03.20E、40-39.80N 121-03.22E和40-39.83N 120-59.53E诸点连线范围内进行军事演习。禁止驶入。,https://www.msa.gov.cn/html/cnmsa/hxaq/article/2026/e31b94304e4e45c59d7714ce03b42557.html?hav=1jWj6r2hy2JdK8fuAdev6gH06c,2026-07-26T09:50:57.249032,2026-07-27,2026-07-27
2026-07-26,BOHAI SEA MILITARY EXERCISES—LN278/26,辽宁海事局,07/27 0200-1100,4,"40.6925,120.9927; 40.6922,121.0533; 40.6633,121.0537; 40.6638,120.9922",40-41.55N 120-59.56E; 40-41.53N 121-03.20E; 40-39.80N 121-03.22E; 40-39.83N 120-59.53E,"发布时间：2026-07-26 15:11 [字体： 大 中 小 ] 分享到： LN278/26 BOHAI SEA MILITARY EXERCISES IN AREA BOUNDED BY THE LINES JOINING 40-41.55N 120-59.56E,40-41.53N 121-03.20E,40-39.80N 121-03.22E AND 40-39.83N 120-59.53E FROM 270200UTC TO 271100UTC JUL. ENTERING PROHIBITED.LIAONING MSA CHINA.",https://www.msa.gov.cn/html/cnmsa/hxaq/article/2026/c507530941b1406c.html?hav=1jWj6r2hy2JdK8fuAdev6gH06c,2026-07-26T09:50:55.323892,2026-07-27,2026-07-27
2026-07-27,MILITARY MISSION—LN279/26,辽宁海事局,07/28 1900 至 07/29 0700,8,"38.6397,121.3075; 38.618,121.5388; 38.5717,121.533; 38.595,121.3003; 38.7788,120.5803; 38.6612,121.1405; 38.4247,121.06; 38.5425,120.4997",38-38.38N121-18.45E; 38-37.08N121-32.33E; 38-34.30N121-31.98E; 38-35.70N121-18.02E; 38-46.73N120-34.82E; 38-39.67N121-08.43E; 38-25.48N121-03.60E; 38-32.55N120-29.98E,"发布时间：2026-07-27 15:23 [字体： 大 中 小 ] 分享到： LN279/26 BOHAI STRAIT AND YELLOW SEA MILITARY MISSION IN AREA BOUNDED BY THE LINES JOINING 38-38.38N121-18.45E,38-37.08N121-32.33E,38-34.30N121-31.98E,38-35.70N121-18.02E AND IN AREA BOUNDED BY THE LINES JOINING 38-46.73N120-34.82E,38-39.67N121-08.43E,38-25.48N121-03.60E,38-32.55N120-29.98E FROM 281900UTC TO 290700UTC JUL.ENTERING PROHIBITED. LIAONING MSA CHINA.",https://www.msa.gov.cn/html/cnmsa/hxaq/article/2026/e13384d61a5affe7.html?hav=1jWj6r2hy2JdKA8ejEFdirfVrN,2026-07-28T05:24:10.791430,2026-07-28,2026-07-29
2026-07-27,军事任务—冀航警481/26,河北海事局,07/28 0000 至 07/30 2400,4,"39.4097,119.2289; 39.4097,119.2922; 39.3225,119.4964; 39.1878,119.1983",N 39°24′35″、E 119°13′44″; N39°24′35″、E 119°17′32″; N39°19′21″、E 119°29′47″; N39°11′16″、E 119°11′54″,冀航警481/26，渤海，7月28日0000时至7月30日2400时， 以N 39°24′35″、E 119°13′44″为顶点，正东方向至N39°24′35″、E 119°17′32″，再至N39°19′21″、E 119°29′47″端点，顶点正南偏西6°方向至N39°11′16″、E 119°11′54″端点，以顶点为中心半径25公里的部分圆弧将两个端点连接，形成不规则的闭合范围。该区域内进行实弹射击活动。禁止驶入。,https://www.msa.gov.cn/html/cnmsa/hxaq/article/2026/90de7334335745b8a7abea12e8a480b2.html?hav=1jWj6r2hy2JdKA8edzNpcbxNix,2026-07-27T05:59:42.780025,2026-07-28,2026-07-30
2026-07-27,实弹射击—辽航警324/26,辽宁海事局,07/28 1200 至 07/30 1700,4,"38.7333,122.0667; 38.7333,122.1333; 38.6667,122.1333; 38.6667,122.0667",38-44N122-04E; 38-44N122-08E; 38-40N122-08E; 38-40N122-04E,辽航警324/26，黄海北部，自7月28日1200时至30日1700时在38-44N122-04E、38-44N122-08E、38-40N122-08E、38-40N122-04E诸点连线范围内执行实弹射击。禁止驶入。,https://www.msa.gov.cn/html/cnmsa/hxaq/article/2026/ab1b7353e1c4419082b639fff55b8639.html?hav=1jWj6r2hy2JdKA8ejEFdirfVrS,2026-07-28T05:24:05.209563,2026-07-28,2026-07-30
2026-07-27,ZHOUSHAN ZHONGKUAI ISLAND MILITARY ACTIVITY—ZJ288/26,浙江海事局,07/27-07/29 每日 2300-1400,4,"30.4633,122.9075; 30.4633,122.9712; 30.4092,122.97; 30.4092,122.9075",30-27.80N 122-54.45E; 30-27.80N 122-58.27E; 30-24.55N 122-58.20E; 30-24.55N 122-54.45E,发布时间：2026-07-27 17:38 [字体： 大 中 小 ] 分享到： ZJ288/26 EAST CHINA SEA GUN FIRING IN AREA BOUNDED BY THE LINES JOINING 30-27.80N 122-54.45E，30-27.80N 122-58.27E，30-24.55N 122-58.20E AND 30-24.55N 122-54.45E （CGCS2000）2300UTC TO 1400UTC DAILY FROM 27 TO 29 JUL. ENTERING PROHIBITED. ZHEJIANG MSA CHINA.,https://www.msa.gov.cn/html/cnmsa/hxaq/article/2026/ad8efcd70bd06273.html?hav=1jWj6r2hy2JdKA8ejGpUqil4p4,2026-07-28T05:24:54.610134,2026-07-27,2026-07-29
2026-07-27,舟山中块岛水域军事活动—浙航警674/26,浙江海事局,07/28-07/29 每日 0700-2200,4,"30.4633,122.9075; 30.4633,122.9712; 30.4092,122.97; 30.4092,122.9075",30-27.80N 122-54.45E; 30-27.80N 122-58.27E; 30-24.55N 122-58.20E; 30-24.55N 122-54.45E,浙航警674/26，东海，7月28日至29日每日0700时至2200时在30-27.80N 122-54.45E，30-27.80N 122-58.27E，30-24.55N 122-58.20E和30-24.55N 122-54.45E诸点连线范围内水域，进行军事射击训练，禁止驶入。,https://www.msa.gov.cn/html/cnmsa/hxaq/article/2026/99fffeafe30d4b7d90a6d34d09e7c740.html?hav=1jWj6r2hy2JdKA8ejGpUqil4p4,2026-07-28T05:24:51.670557,2026-07-28,2026-07-29
2026-07-27,军事活动-渤海海峡—鲁航警602/26,山东海事局,07/28 至 07/31,20,"37.781,120.6245; 37.7823,120.6273; 37.7828,120.6337; 37.7828,120.6363; 37.7913,120.6397; 37.7922,120.6382; 37.8028,120.6282; 37.8073,120.5782; 37.867,120.525; 37.8905,120.431; 37.899,120.3768; 37.901,120.3632; 37.9152,120.3488; 37.943,120.3368; 37.9565,120.3362; 38.0005,120.3722; 38.0283,120.398; 38.0507,120.3972; 38.1135,120.4687; 38.1188,120.479",37-46.86N 120-37.47E; 37-46.94N 120-37.64E; 37-46.97N 120-38.02E; 37-46.97N 120-38.18E; 37-47.48N 120-38.38E; 37-47.53N 120-38.29E; 37-48.17N 120-37.69E; 37-48.44N 120-34.69E; 37-52.02N 120-31.5E; 37-53.43N 120-25.86E; 37-53.94N 120-22.61E; 37-54.06N 120-21.79E; 37-54.91N 120-20.93E; 37-56.58N 120-20.21E; 37-57.39N 120-20.17E; 38-00.03N 120-22.33E; 38-01.70N 120-23.88E; 38-03.04N 120-23.83E; 38-06.81N 120-28.12E; 38-07.13N 120-28.74E,鲁航警602/26，渤海海峡，7月28日至31日，在37-46.86N 120-37.47E、37-46.94N 120-37.64E、37-46.97N 120-38.02E、37-46.97N 120-38.18E、37-47.48N 120-38.38E、37-47.53N 120-38.29E、37-48.17N 120-37.69E、37-48.44N 120-34.69E、37-52.02N 120-31.5E、37-53.43N 120-25.86E、37-53.94N 120-22.61E、37-54.06N 120-21.79E、37-54.91N 120-20.93E、37-56.58N 120-20.21E、37-57.39N 120-20.17E、38-00.03N 120-22.33E、38-01.70N 120-23.88E、38-03.04N 120-23.83E、38-06.81N 120-28.12E、38-07.13N 120-28.74E各点连线附近进行军事活动。希各航船注意。,https://www.msa.gov.cn/html/cnmsa/hxaq/article/2026/54c4baa0a11248bca1f3183dc296ac2e.html?hav=1jWj6r2hy2JdKA8ejEFdx0CpWe,2026-07-28T05:24:47.262201,2026-07-28,2026-07-31
2026-07-27,军事任务—辽航警323/26,辽宁海事局,07/29,8,"38.6397,121.3075; 38.618,121.5388; 38.5717,121.533; 38.595,121.3003; 38.7788,120.5803; 38.6612,121.1405; 38.4247,121.06; 38.5425,120.4997",38-38.38N121-18.45E; 38-37.08N121-32.33E; 38-34.30N121-31.98E; 38-35.70N121-18.02E; 38-46.73N120-34.82E; 38-39.67N121-08.43E; 38-25.48N121-03.60E; 38-32.55N120-29.98E,辽航警323/26，渤海海峡及黄海，自7月29日0300时至1500在38-38.38N121-18.45E、38-37.08N121-32.33E、38-34.30N121-31.98E、38-35.70N121-18.02E诸点连线范围内和在38-46.73N120-34.82E、38-39.67N121-08.43E、38-25.48N121-03.60E、38-32.55N120-29.98E诸点连线范围内执行军事任务。禁止驶入。,https://www.msa.gov.cn/html/cnmsa/hxaq/article/2026/b0b28f80d62b4f1286de9df0432c3145.html?hav=1jWj6r2hy2JdKA8ejEFdirfVrN,2026-07-28T05:24:07.164824,2026-07-29,2026-07-29
2026-07-27,MILITARY ACTIVITY-BOHAI STRAIT—SD555/26,山东海事局,07/28 至 07/31,20,"37.781,120.6245; 37.7823,120.6273; 37.7828,120.6337; 37.7828,120.6363; 37.7913,120.6397; 37.7922,120.6382; 37.8028,120.6282; 37.8073,120.5782; 37.867,120.525; 37.8905,120.431; 37.899,120.3768; 37.901,120.3632; 37.9152,120.3488; 37.943,120.3368; 37.9565,120.3362; 38.0005,120.3722; 38.0283,120.398; 38.0507,120.3972; 38.1135,120.4687; 38.1188,120.479",37-46.86N 120-37.47E; 37-46.94N 120-37.64E; 37-46.97N 120-38.02E; 37-46.97N 120-38.18E; 37-47.48N 120-38.38E; 37-47.53N 120-38.29E; 37-48.17N 120-37.69E; 37-48.44N 120-34.69E; 37-52.02N 120-31.5E; 37-53.43N 120-25.86E; 37-53.94N 120-22.61E; 37-54.06N 120-21.79E; 37-54.91N 120-20.93E; 37-56.58N 120-20.21E; 37-57.39N 120-20.17E; 38-00.03N 120-22.33E; 38-01.70N 120-23.88E; 38-03.04N 120-23.83E; 38-06.81N 120-28.12E; 38-07.13N 120-28.74E,"发布时间：2026-07-27 15:57 [字体： 大 中 小 ] 分享到： SD555/26 BOHAI STRAIT MILITARY ACTIVITY IN AREA NEAR BY THE LINES JOINING 37-46.86N 120-37.47E,37-46.94N 120-37.64E,37-46.97N 120-38.02E,37-46.97N 120-38.18E,37-47.48N 120-38.38E,37-47.53N 120-38.29E,37-48.17N 120-37.69E,37-48.44N 120-34.69E,37-52.02N 120-31.5E,37-53.43N 120-25.86E,37-53.94N 120-22.61E,37-54.06N 120-21.79E,37-54.91N 120-20.93E,37-56.58N 120-20.21E,37-57.39N 120-20.17E,38-00.03N 120-22.33E,38-01.70N 120-23.88E,38-03.04N 120-23.83E,38-06.81N 120-28.12E,38-07.13N 120-28.74E FROM 28 TO 31 JUL.CAUTION ADVISED.SHANDONG MSA CHINA.",https://www.msa.gov.cn/html/cnmsa/hxaq/article/2026/3ca5768888522112.html?hav=1jWj6r2hy2JdKA8ejEFdx0CpWe,2026-07-28T05:24:45.392688,2026-07-28,2026-07-31
2026-07-28,火箭发射—琼航警138/26,海南海事局,07/29-07/31 每日 1930-2200,1,"19.6187,110.9553",19-37.12N 110-57.32E,琼航警138/26，南海，自7月29日至7月31日，每日1930时至2200时，在以19-37.12N 110-57.32E为中心，5.4海里为半径的圆形区域内进行火箭发射，禁止驶入。,https://www.msa.gov.cn/html/cnmsa/hxaq/article/2026/4118c13d0ce447e5b14e4a931f481684.html?hav=1jWj6r2hy2JdKBbPHsi8zKiO2P,2026-07-29T05:32:03.532277,2026-07-29,2026-07-31
2026-07-28,军事活动—鲁航警607/26,山东海事局,07/29 0400-0800,4,"35.6937,120.288; 35.6937,122.0963; 35.5137,122.0963; 35.5137,120.2838",35-41.62N 120-17.28E; 35-41.62N 122-05.78E; 35-30.82N 122-05.78E; 35-30.82N 120-17.03E,鲁航警607/26，黄海，7月29日0400时至0800时，在35-41.62N 120-17.28E、35-41.62N 122-05.78E、35-30.82N 122-05.78E、35-30.82N 120-17.03E四点连线范围进行军事活动。禁止驶入。,https://www.msa.gov.cn/html/cnmsa/hxaq/article/2026/c712830a946c491e85978ad73c4b88be.html?hav=1jWj6r2hy2JdKBbPHiOidk4VSC,2026-07-28T05:24:42.751582,2026-07-29,2026-07-29
2026-07-28,MILITARY ACTIVITY—SD560/26,山东海事局,07/28 2000-2400,4,"35.6937,120.288; 35.6937,122.0963; 35.5137,122.0963; 35.5137,120.2838",35-41.62N 120-17.28E; 35-41.62N 122-05.78E; 35-30.82N 122-05.78E; 35-30.82N 120-17.03E,"SD560/26 YELLOW SEA,MILITARY ACTIVITY IN AREA BOUNDED BY THE LINES JOINING 35-41.62N 120-17.28E,35-41.62N 122-05.78E,35-30.82N 122-05.78E,35-30.82N 120-17.03E FROM 282000UTC TO 282400UTC JULY.ENTERING PROHIBITED.SHANDONG MSA CHINA",https://www.msa.gov.cn/html/cnmsa/hxaq/article/2026/38f7d84da513dbd1.html?hav=1jWj6r2hy2JdKBbPHiOidk4VSC,2026-07-28T05:24:40.905593,2026-07-28,2026-07-28
2026-07-28,军事训练—琼航警136/26,海南海事局,07/24 0600 至 07/29 1800,4,"19.8267,110.9933; 19.9267,110.9617; 19.855,111.0933; 19.96,111.0617",19-49.6N/110-59.6E; 19-55.6N/110-57.7E; 19-51.3N/111-05.6E; 19-57.6N/111-03.7E,琼航警136/26，南海，南海，自7月24日0600时至7月29日1800时，在19-49.6N/110-59.6E、19-55.6N/110-57.7E、19-51.3N/111-05.6E和19-57.6N/111-03.7E四点连线水域范围内进行军事训练，禁止驶入。,https://www.msa.gov.cn/html/cnmsa/hxaq/article/2026/a1aa2d6fa2604a618f037fdcb4598e50.html?hav=1jWj6r2hy2JdKBbPHsi8zKiNu5,2026-07-29T05:32:08.510116,2026-07-24,2026-07-29
2026-07-28,MILITARY TRAINING—GX68/26,广西海事局,07/29-07/30 每日 0400-1000,4,"21.3833,108.79; 21.3833,108.9667; 21.2067,108.9667; 21.2067,108.79",21-23.00N 108-47.40E; 21-23.00N 108-58.00E; 21-12.40N 108-58.00E; 21-12.40N 108-47.40E,GX68/26 发布时间：2026-07-28 17:52 [字体： 大 中 小 ] 分享到： GX68/26 ，BEIBU BAY，MILITARY TRAINING IN AREA BOUNDED BY THE LINES JOINING 21-23.00N 108-47.40E；21-23.00N 108-58.00E；21-12.40N 108-58.00E；21-12.40N 108-47.40E 0400UTC TO 1000UTC DAILY FROM 29 TO 30 JUL. ENTERING PROHIBITED．GUANGXI MSA CHINA.,https://www.msa.gov.cn/html/cnmsa/hxaq/article/2026/74b4dc49995e317e.html?hav=1jWj6r2hy2JdKBbPHrQDXRjfbm,2026-07-29T05:31:47.180274,2026-07-29,2026-07-30
2026-07-28,军事训练—桂航警171/26,广西海事局,07/29-07/30 每日 1200-1800,4,"21.3833,108.79; 21.3833,108.9667; 21.2067,108.9667; 21.2067,108.79",21-23.00N 108-47.40E; 21-23.00N 108-58.00E; 21-12.40N 108-58.00E; 21-12.40N 108-47.40E,桂航警171/26，北部湾，7月29日至7月30日每日1200时至1800时，在21-23.00N 108-47.40E；21-23.00N 108-58.00E；21-12.40N 108-58.00E；21-12.40N 108-47.40E连线海域范围内进行军事训练，禁止船舶驶入。,https://www.msa.gov.cn/html/cnmsa/hxaq/article/2026/dc18780440494586a069d5d27266fb91.html?hav=1jWj6r2hy2JdKBbPHrQDXRjfbm,2026-07-29T05:31:49.679491,2026-07-29,2026-07-30
2026-07-28,实弹射击—粤航警501/26,广东海事局,07/30-08/03 每日 0430-0730,4,"20.4878,110.8973; 20.5392,111.4218; 20.4223,111.4372; 20.3708,110.9103",20-29.27N，110-53.84E; 20-32.35N，111-25.31E; 20-25.34N，111-26.23E; 20-22.25N，110-54.62E,粤航警501/26，南海，7月30日至8月3日，每天0430时至0730时，在以下四点连线海域内进行实弹射击： （1）20-29.27N，110-53.84E； （2）20-32.35N，111-25.31E； （3）20-25.34N，111-26.23E； （4）20-22.25N，110-54.62E。禁止驶入。,https://www.msa.gov.cn/html/cnmsa/hxaq/article/2026/53fbd834436f421fa6a02565a6076465.html?hav=1jWj6r2hy2JdKBbPCZyYA4Pr6n,2026-07-28T05:25:05.985852,2026-07-30,2026-08-03
2026-07-28,MILITARY EXERCISES—HN131/26,海南海事局,07/23 2200 至 07/29 1000,4,"19.8267,110.9933; 19.9267,110.9617; 19.855,111.0933; 19.96,111.0617",19-49.6N/110-59.6E; 19-55.6N/110-57.7E; 19-51.3N/111-05.6E; 19-57.6N/111-03.7E,发布时间：2026-07-28 18:44 [字体： 大 中 小 ] 分享到： HN131/26 SOUTH CHINA SEA . MILITARY EXERCISES IN AREA BOUNDED BY THE LINES JOINING 19-49.6N/110-59.6E、19-55.6N/110-57.7E、19-51.3N/111-05.6E AND 19-57.6N/111-03.7E FROM 232200 UTC TO 291000 UTC JUL. ENTERING PROHIBITED. HAINAN MSA CHINA.,https://www.msa.gov.cn/html/cnmsa/hxaq/article/2026/055595c1b77b01ee.html?hav=1jWj6r2hy2JdKBbPHsi8zKiNu5,2026-07-29T05:32:06.525277,2026-07-23,2026-07-29
2026-07-29,渤海军事演习—辽航警329/26,辽宁海事局,07/30 1200-1900,4,"40.47,120.9788; 40.4098,121.0663; 40.3093,120.9482; 40.3695,120.8607",40-28.2N 120-58.73E; 40-24.59N 121-03.98E; 40-18.56N 120-56.89E; 40-22.17N 120-51.64E,辽航警329/26，渤海，自7月30日1200时至1900时在40-28.2N 120-58.73E、40-24.59N 121-03.98E、40-18.56N 120-56.89E和40-22.17N 120-51.64E诸点连线范围内进行军事演习。禁止驶入。,https://www.msa.gov.cn/html/cnmsa/hxaq/article/2026/e03a56f7875a44e9b426680f44cd2653.html?hav=1jWj6r2hy2JdKD49vfaoejLTTJ,2026-07-30T05:17:14.396413,2026-07-30,2026-07-30
2026-07-29,BOHAI SEA MILITARY EXERCISES—LN285/26,辽宁海事局,07/30 0400-1100,4,"40.47,120.9788; 40.4098,121.0663; 40.3093,120.9482; 40.3695,120.8607",40-28.2N 120-58.73E; 40-24.59N 121-03.98E; 40-18.56N 120-56.89E; 40-22.17N 120-51.64E,"发布时间：2026-07-29 22:37 [字体： 大 中 小 ] 分享到： LN285/26 BOHAI SEA MILITARY EXERCISES IN AREA BOUNDED BY THE LINES JOINING 40-28.2N 120-58.73E,40-24.59N 121-03.98E,40-18.56N 120-56.89E AND 40-22.17N 120-51.64E FROM 300400UTC TO 301100UTC JUL. ENTERING PROHIBITED.LIAONING MSA CHINA.",https://www.msa.gov.cn/html/cnmsa/hxaq/article/2026/856149254caa05b7.html?hav=1jWj6r2hy2JdKD49vfaoejLTTJ,2026-07-30T05:17:12.399289,2026-07-30,2026-07-30
2026-07-30,BOHAI SEA MILITARY EXERCISES—LN287/26,辽宁海事局,07/31 0000-0900,4,"40.6548,120.9955; 40.6548,121.0565; 40.6283,121.0565; 40.6282,120.9962",40-39.29N 120-59.73E; 40-39.29N 121-03.39E; 40-37.70N 121-03.39E; 40-37.69N 120-59.77E,"发布时间：2026-07-30 17:53 [字体： 大 中 小 ] 分享到： LN287/26 BOHAI SEA MILITARY EXERCISES IN AREA BOUNDED BY THE LINES JOINING 40-39.29N 120-59.73E,40-39.29N 121-03.39E,40-37.70N 121-03.39E AND 40-37.69N 120-59.77E FROM 310000UTC TO 310900UTC JUL. ENTERING PROHIBITED.LIAONING MSA CHINA.",https://www.msa.gov.cn/html/cnmsa/hxaq/article/2026/f13aa7b051146be6.html?hav=1jWj6r2hy2JdQ2bdeEINNIlsO7,2026-07-31T05:44:45.711985,2026-07-31,2026-07-31
2026-07-30,实弹射击—粤航警512/26,广东海事局,08/04-08/05 每日 0600-2000,5,"22.7028,115.3638; 22.6683,115.5572; 22.655,115.55; 22.5917,115.4862; 22.6422,115.372",22-42.17N 115-21.83E; 22-40.10N 115-33.43E; 22-39.30N 115-33.00E; 22-35.50N 115-29.17E; 22-38.53N 115-22.32E,粤航警512/26，南海，8月4日至5日，每天0600时至2000时，以下五点连线海域内进行实弹射击： （1）22-42.17N 115-21.83E; （2）22-40.10N 115-33.43E; （3）22-39.30N 115-33.00E; （4）22-35.50N 115-29.17E； （5）22-38.53N 115-22.32E。禁止驶入。,https://www.msa.gov.cn/html/cnmsa/hxaq/article/2026/21f62c8a94e8423383f089cc109eac97.html?hav=1jWj6r2hy2JdQ2bdeBiVwrEt89,2026-07-31T05:45:26.716235,2026-08-04,2026-08-05
2026-07-30,渤海军事演习—辽航警331/26,辽宁海事局,07/31 0800-1700,4,"40.6548,120.9955; 40.6548,121.0565; 40.6283,121.0565; 40.6282,120.9962",40-39.29N 120-59.73E; 40-39.29N 121-03.39E; 40-37.70N 121-03.39E; 40-37.69N 120-59.77E,辽航警331/26，渤海，自7月31日0800时至1700时在40-39.29N 120-59.73E、40-39.29N 121-03.39E、40-37.70N 121-03.39E和40-37.69N 120-59.77E诸点连线范围内进行军事演习。禁止驶入。,https://www.msa.gov.cn/html/cnmsa/hxaq/article/2026/5fa6cb4d54d144e88bd3427350124819.html?hav=1jWj6r2hy2JdQ2bdeEINNIlsO7,2026-07-31T05:44:42.844569,2026-07-31,2026-07-31
2026-07-31,MILITARY MISSION—LN289/26,辽宁海事局,07/02 0800 至 07/16 0800,4,"38.8617,121.6367; 38.57,121.6367; 38.565,121.1317; 38.8033,121.235",38-51.7N121-38.2E; 38-34.2N121-38.2E; 38-33.9N121-07.9E; 38-48.2N121-14.1E,"发布时间：2026-07-31 14:27 [字体： 大 中 小 ] 分享到： LN289/26 BOHAI STRAIT AND NORTH YELLOW SEA MILITARY MISSION IN AREA BOUNDED BY THE LINES JOINING 38-51.7N121-38.2E,38-34.2N121-38.2E,38-33.9N121-07.9E,38-48.2N121-14.1E FROM 020800UTC TO 160800UTC AUG.ENTERING PROHIBITED. LIAONING MSA CHINA.",https://www.msa.gov.cn/html/cnmsa/hxaq/article/2026/f561b8a6f4cdb764.html?hav=1jWj6r2hy2JdQ44OCl1J79egG0,2026-08-01T05:35:11.018832,2026-07-02,2026-07-16
2026-07-31,军事任务—辽航警334/26,辽宁海事局,08/02 1600 至 08/16 1600,4,"38.8617,121.6367; 38.57,121.6367; 38.565,121.1317; 38.8033,121.235",38-51.7N121-38.2E; 38-34.2N121-38.2E; 38-33.9N121-07.9E; 38-48.2N121-14.1E,辽航警334/26，渤海海峡黄海北部，自8月2日1600时至16日1600时在38-51.7N121-38.2E、38-34.2N121-38.2E、38-33.9N121-07.9E、38-48.2N121-14.1E诸点连线范围内执行军事任务。禁止驶入。,https://www.msa.gov.cn/html/cnmsa/hxaq/article/2026/0b82a023af8a422a943aa55c61bb2bac.html?hav=1jWj6r2hy2JdQ44OCl1J79egG0,2026-08-01T05:35:07.846496,2026-08-02,2026-08-16
2026-07-31,实弹射击—粤航警514/26,广东海事局,08/04 0700-1500；08/05 1100-1400,4,"21.7833,113.6333; 21.7833,113.6833; 21.7333,113.6833; 21.7333,113.6333",21-47.00N 113-38.00E; 21-47.00N 113-41.00E; 21-44.00N 113-41.00E; 21-44.00N 113-38.00E,粤航警514/26，南海，8月4日0700时至1500时和8月5日1100时至1400时，在以下四点连线海域内进行实弹射击： （1）21-47.00N 113-38.00E； （2）21-47.00N 113-41.00E； （3）21-44.00N 113-41.00E; （4）21-44.00N 113-38.00E。禁止驶入。,https://www.msa.gov.cn/html/cnmsa/hxaq/article/2026/ee0e90df5ada4878a0fc51d8a5e1a6b3.html?hav=1jWj6r2hy2JdQ44O7W9V5abna1,2026-07-31T05:45:24.740954,2026-08-04,2026-08-05
2026-08-01,MILITARY EXERCISES—HN136/26,海南海事局,,4,"17.8667,109.0; 17.8667,109.8333; 17.35,109.8333; 17.35,109.0",17-52.00N 109-00.00E; 17-52.00N 109-50.00E; 17-21.00N 109-50.00E; 17-21.00N 109-00.00E,"发布时间：2026-08-01 08:19 [字体： 大 中 小 ] 分享到： HN136/26 SOUTH CHINA SEA MILITARY EXERCISES IN AREA BOUNDED BY THE LINES JOINING 17-52.00N 109-00.00E、17-52.00N 109-50.00E、17-21.00N 109-50.00E、17-21.00N 109-00.00E, DAILY FROM 0500 TO 2400 ON 3 AUG 2026 TO 7 AUG 2026 AND FROM 0700 TO 1800 ON 8 AUG 2026 , ENTERING PROHIBITED. HAINAN MSA.",https://www.msa.gov.cn/html/cnmsa/hxaq/article/2026/7bd8d215fe741dc1.html?hav=1jWj6r2hy3yfaE59xerhvSI0zU,2026-08-01T05:36:00.132289,,
2026-08-01,军事训练—琼航警141/26,海南海事局,08/03 至 08/07；08/08,4,"17.8667,109.0; 17.8667,109.8333; 17.35,109.8333; 17.35,109.0",17-52.00N 109-00.00E; 17-52.00N 109-50.00E; 17-21.00N 109-50.00E; 17-21.00N 109-00.00E,琼航警141/26，南海，2026年8月3日至2026年8月7日每日0500至2400时，8月8日0700-1800时，在17-52.00N 109-00.00E、17-52.00N 109-50.00E、17-21.00N 109-50.00E、17-21.00N 109-00.00E四点连线水域范围内进行军事训练，禁止驶入。,https://www.msa.gov.cn/html/cnmsa/hxaq/article/2026/d6cada1eaa1b4f1091fe8912af222264.html?hav=1jWj6r2hy3yfaE59xerhvSI0zU,2026-08-01T05:36:02.093849,2026-08-03,2026-08-08
2026-08-03,火箭发射—鲁航警629/26,山东海事局,08/03 1400 至 08/05 1200；08/05,7,"36.631,121.198; 36.6003,121.239; 36.5868,121.2087; 36.0158,121.278; 36.0975,121.5955; 35.6678,121.7613; 35.5863,121.4458",36-37.86N 121-11.88E; 36-36.02N 121-14.34E; 36-35.21N 121-12.52E; 36-00.95N 121-16.68E; 36-05.85N 121-35.73E; 35-40.07N 121-45.68E; 35-35.18N 121-26.75E,鲁航警629/26，黄海，自8月3日1400时至5日1200时，东方航天港、北海救118在以36-37.86N 121-11.88E为中心，2千米为半径的圆形水域内和由36-37.86N 121-11.88E、36-36.02N 121-14.34E、36-35.21N 121-12.52E三点连线围成的区域内进行火箭发射。禁止船舶驶入。自8月5日0910时至11100时，火箭残骸落于由36-00.95N 121-16.68E、36-05.85N 121-35.73E、35-40.07N 121-45.68E、35-35.18N 121-26.75E四点连线围成的区域内。禁止船舶驶入。,https://www.msa.gov.cn/html/cnmsa/hxaq/article/2026/4785aa4a2396415faa4e16c39fcc9802.html?hav=1jWj6r2hy3yfaH0fA3d224SEOD,2026-08-04T05:24:26.199128,2026-08-03,2026-08-05
2026-08-03,渤海军事演习—辽航警336/26,辽宁海事局,08/04 0800-1400,4,"40.7097,121.058; 40.595,121.058; 40.595,121.2233; 40.7097,121.2233",40-42.58N 121-03.48E; 40-35.70N 121-03.48E; 40-35.70N 121-13.40E; 40-42.58N 121-13.40E,辽航警336/26，渤海，自8月4日0800时至1400时在40-42.58N 121-03.48E、40-35.70N 121-03.48E、40-35.70N 121-13.40E和40-42.58N 121-13.40E诸点连线范围内进行军事演习。禁止驶入。,https://www.msa.gov.cn/html/cnmsa/hxaq/article/2026/7e18d131ce1b499c80778be94712bff4.html?hav=1jWj6r2hy3yfaH0f9zlF9jwWlq,2026-08-03T05:51:49.627190,2026-08-04,2026-08-04
2026-08-03,实弹射击-芝罘湾港区—鲁航警628/26,山东海事局,08/05 0800-1800,5,"37.5783,121.5102; 37.5898,121.5492; 37.5722,121.5608; 37.5595,121.5557; 37.5668,121.5105",37-34.70N 121-30.61E; 37-35.39N 121-32.95E; 37-34.33N 121-33.65E; 37-33.57N 121-33.34E; 37-34.01N 121-30.63E,鲁航警628/26，渤海海峡，芝罘湾港区，8月5日0800时至1800时在37-34.70N 121-30.61E、37-35.39N 121-32.95E、37-34.33N 121-33.65E、37-33.57N 121-33.34E、37-34.01N 121-30.63E各点连线水域内进行实弹射击。禁止驶入。,https://www.msa.gov.cn/html/cnmsa/hxaq/article/2026/58b767f5292a421a9844fdef3195e25c.html?hav=1jWj6r2hy3yfaH0fA4uxBJaL1q,2026-08-04T05:24:28.102212,2026-08-05,2026-08-05
2026-08-03,BOHAI SEA MILITARY EXERCISES—LN290/26,辽宁海事局,08/04 0000-0600,4,"40.7097,121.058; 40.595,121.058; 40.595,121.2233; 40.7097,121.2233",40-42.58N 121-03.48E; 40-35.70N 121-03.48E; 40-35.70N 121-13.40E; 40-42.58N 121-13.40E,"发布时间：2026-08-03 10:12 [字体： 大 中 小 ] 分享到： LN290/26 BOHAI SEA MILITARY EXERCISES IN AREA BOUNDED BY THE LINES JOINING 40-42.58N 121-03.48E,40-35.70N 121-03.48E,40-35.70N 121-13.40E AND 40-42.58N 121-13.40E FROM 040000UTC TO 040600UTC AUG. ENTERING PROHIBITED.LIAONING MSA CHINA.",https://www.msa.gov.cn/html/cnmsa/hxaq/article/2026/ebbbc6bd63496a2a.html?hav=1jWj6r2hy3yfaH0f9zlF9jwWlq,2026-08-03T05:51:52.317934,2026-08-04,2026-08-04
2026-08-03,实弹射击—粤航警531/26,广东海事局,08/05,4,"21.3467,111.7783; 21.3467,111.8583; 21.2583,111.8583; 21.2583,111.7783",21-20.80N 111-46.70E; 21-20.80N 111-51.50E; 21-15.50N 111-51.50E; 21-15.50N 111-46.70E,"粤航警531/26，南海，8月5日1300至1500时，在以下4点连线水域范围内进行实弹射击： （1）21-20.80N 111-46.70E， （2）21-20.80N 111-51.50E, （3）21-15.50N 111-51.50E, （4）21-15.50N 111-46.70E,禁止驶入。",https://www.msa.gov.cn/html/cnmsa/hxaq/article/2026/e87615213a934ecc8048267320987b4b.html?hav=1jWj6r2hy3yfaH0fA6Ct5Dk9dS,2026-08-04T05:24:44.963728,2026-08-05,2026-08-05
2026-08-04,MILITARY EXERCISES—HN138/26,海南海事局,,4,"18.1845,109.7668; 17.834,109.9845; 18.0672,110.4175; 18.4178,110.201",18-11.07N 109-46.01E; 17-50.04N 109-59.07E; 18-04.03N 110-25.05E; 18-25.07N 110-12.06E,"发布时间：2026-08-04 10:56 [字体： 大 中 小 ] 分享到： HN138/26 SOUTH CHINA SEA SHOOTING EXERCISES IN AREA BOUNDED BY THE LINES JOINING 18-11.07N 109-46.01E、17-50.04N 109-59.07E、18-04.03N 110-25.05E、18-25.07N 110-12.06E FROM 0800 ON 10 AUG 2026 TO 1800 ON 14 AUG 2026, ENTERING PROHIBITED. HAINAN MSA.",https://www.msa.gov.cn/html/cnmsa/hxaq/article/2026/ed31eca7e86a3798.html?hav=1jWj6r2hy3yfaITPiaLy01bZ56,2026-08-04T05:25:09.451121,,
2026-08-04,军事训练—琼航警143/26,海南海事局,08/10 0800 至 08/14 1800,4,"18.1845,109.7668; 17.834,109.9845; 18.0672,110.4175; 18.4178,110.201",18-11.07N 109-46.01E; 17-50.04N 109-59.07E; 18-04.03N 110-25.05E; 18-25.07N 110-12.06E,琼航警143/26，南海，2026年8月10日0800时至2026年8月14日1800时，在18-11.07N 109-46.01E、17-50.04N 109-59.07E、18-04.03N 110-25.05E、18-25.07N 110-12.06E四点连线水域范围内进行射击训练，禁止驶入。,https://www.msa.gov.cn/html/cnmsa/hxaq/article/2026/6f2abe56be7f4d28ac5dd08de5bacbc9.html?hav=1jWj6r2hy3yfaITPiaLy01bZ56,2026-08-04T05:25:06.388646,2026-08-10,2026-08-14
2026-08-05,军事训练—琼航警146/26,海南海事局,08/06 1700 至 08/07 1400,8,"20.0,111.2117; 19.9333,111.295; 19.8167,111.1833; 19.8833,111.1033; 19.8617,110.9833; 19.9067,110.97; 19.925,111.045; 19.88,111.0583",20-00.0N/111-12.7E; 19-56.0N/111-17.7E; 19-49.0N/111-11.0E; 19-53.0N/111-06.2E; 19-51.7N/110-59.0E; 19-54.4N/110-58.2E; 19-55.5N/111-02.7E; 19-52.8N/111-03.5E,琼航警146/26，南海，自8月6日1700时至8月7日1400时，在20-00.0N/111-12.7E、19-56.0N/111-17.7E、19-49.0N/111-11.0E、19-53.0N/111-06.2E以及19-51.7N/110-59.0E、19-54.4N/110-58.2E、19-55.5N/111-02.7E、19-52.8N/111-03.5E四点连线水域范围内进行军事训练，禁止驶入。,https://www.msa.gov.cn/html/cnmsa/hxaq/article/2026/4c8d9f99c1b746ce9b6b299c772149fe.html?hav=1jWj6r2hy3yfaJwAHMY2BhAW51,2026-08-06T05:27:03.011504,2026-08-06,2026-08-07
2026-08-05,军事活动—云航警125/26,连云港海事局,08/06 0800-2000,8,"34.9315,119.4463; 34.9315,119.4683; 34.9135,119.4683; 34.9135,119.4463; 34.9175,119.4598; 34.9175,119.4818; 34.8993,119.4818; 34.8993,119.4598",34-55.89N 119-26.78E; 34-55.89N 119-28.10E; 34-54.81N 119-28.10E; 34-54.81N 119-26.78E; 34-55.05N 119-27.59E; 34-55.05N 119-28.91E; 34-53.96N 119-28.91E; 34-53.96N 119-27.59E,发布时间：2026-08-05 20:38 [字体： 大 中 小 ] 分享到： 云航警125/26，黄海南部，8月6日0800时至2000时，在34-55.89N 119-26.78E、34-55.89N 119-28.10E、34-54.81N 119-28.10E和34-54.81N 119-26.78E四点连线范围内以及34-55.05N 119-27.59E、34-55.05N 119-28.91E、34-53.96N 119-28.91E和34-53.96N 119-27.59E四点连线范围内进行军事活动，禁止驶入。,https://www.msa.gov.cn/html/cnmsa/hxaq/article/2026/cf6f61a68f8743dfba489b84093249e5.html?hav=1jWj6r2hy3yfaJwAMUyCjwg2Uz,2026-08-06T05:27:31.222785,2026-08-06,2026-08-06
2026-08-05,MILITARY EXERCISES—HN140/26,海南海事局,08/06 0000 至 08/08 1000,4,"19.5095,110.8928; 19.5203,110.8883; 19.5203,110.9007; 19.5095,110.9007",19-30.57N/110-53.57E; 19-31.22N/110-53.30E; 19-31.22N/110-54.04E; 19-30.57N/110-54.04E,发布时间：2026-08-05 19:48 [字体： 大 中 小 ] 分享到： HN140/26 SOUTH CHINA SEA .MILITARY EXERCISES IN AREA BOUNDED BY THE LINES JOINING 19-30.57N/110-53.57E、19-31.22N/110-53.30E、19-31.22N/110-54.04E AND 19-30.57N/110-54.04E FROM 060000 UTC TO 081000 UTC AUG. ENTERING PROHIBITED. HAINAN MSA CHINA.,https://www.msa.gov.cn/html/cnmsa/hxaq/article/2026/de1019979ed9e990.html?hav=1jWj6r2hy3yfaJwAHMY2GLYyUz,2026-08-06T05:27:07.935627,2026-08-06,2026-08-08
2026-08-05,MILITARY ACTIVITIES—LYG109/26,连云港海事局,08/06 0000-1200,8,"34.9315,119.4463; 34.9315,119.4683; 34.9135,119.4683; 34.9135,119.4463; 34.9175,119.4598; 34.9175,119.4818; 34.8993,119.4818; 34.8993,119.4598",34-55.89N 119-26.78E; 34-55.89N 119-28.10E; 34-54.81N 119-28.10E; 34-54.81N 119-26.78E; 34-55.05N 119-27.59E; 34-55.05N 119-28.91E; 34-53.96N 119-28.91E; 34-53.96N 119-27.59E,"发布时间：2026-08-05 20:38 [字体： 大 中 小 ] 分享到： LYG109/26 SOUTH YELLOW SEA MILITARY ACTIVITIES IN AREA A BOUNDED BY THE LINES JOINING 34-55.89N 119-26.78E, 34-55.89N 119-28.10E, 34-54.81N 119-28.10E AND 34-54.81N 119-26.78E AND AREA B BOUNDED BY THE LINES JOINING 34-55.05N 119-27.59E, 34-55.05N 119-28.91E, 34-53.96N 119-28.91E AND 34-53.96N 119-27.59E FROM 060000UTC TO 061200UTC AUG. ENTERING PROHIBITED. LIANYUNGANG MSA CHINA.",https://www.msa.gov.cn/html/cnmsa/hxaq/article/2026/9056cb56c8c20184.html?hav=1jWj6r2hy3yfaJwAMUyCjwg2Uz,2026-08-06T05:27:29.282819,2026-08-06,2026-08-06
2026-08-05,MILITARY TRAINING—GD470/26,广东海事局,08/06 1900-2300,4,"21.1695,110.5355; 21.135,110.6453; 20.8483,110.5508; 20.8853,110.4297",21-10.17N 110-32.13E; 21-08.10N 110-38.72E; 20-50.90N 110-33.05E; 20-53.12N 110-25.78E,发布时间：2026-08-05 19:58 [字体： 大 中 小 ] 分享到： GD470/26 SOUTH CHINA SEA MILITARY TRAINING IN AREA BOUNDED BY 21-10.17N 110-32.13E，21-08.10N 110-38.72E，20-50.90N 110-33.05E AND 20-53.12N 110-25.78E FROM 061900 UTC TO 062300 UTC AUG. ADVISED TO AVOID. GUANGDONG MSA CHINA,https://www.msa.gov.cn/html/cnmsa/hxaq/article/2026/ac1e863bae888a48.html?hav=1jWj6r2hy3yfaJwAHMY2GMhMsy,2026-08-06T05:26:39.961214,2026-08-06,2026-08-06
2026-08-05,军事训练—琼航警145/26,海南海事局,08/06-08/08 每日 0800-1800,4,"19.5095,110.8928; 19.5203,110.8883; 19.5203,110.9007; 19.5095,110.9007",19-30.57N/110-53.57E; 19-31.22N/110-53.30E; 19-31.22N/110-54.04E; 19-30.57N/110-54.04E,琼航警145/26，南海，自8月6日至8月8日，每日0800时至1800时，在19-30.57N/110-53.57E、19-31.22N/110-53.30E、19-31.22N/110-54.04E和19-30.57N/110-54.04E四点连线水域范围内进行军事训练，禁止驶入。,https://www.msa.gov.cn/html/cnmsa/hxaq/article/2026/6721553d80bb407d960067352c2400e4.html?hav=1jWj6r2hy3yfaJwAHMY2GLYyUz,2026-08-06T05:27:04.937196,2026-08-06,2026-08-08
2026-08-05,MILITARY EXERCISES—HN141/26,海南海事局,08/06 0900 至 08/07 0600,8,"20.0,111.2117; 19.9333,111.295; 19.8167,111.1833; 19.8833,111.1033; 19.8617,110.9833; 19.9067,110.97; 19.925,111.045; 19.88,111.0583",20-00.0N/111-12.7E; 19-56.0N/111-17.7E; 19-49.0N/111-11.0E; 19-53.0N/111-06.2E; 19-51.7N/110-59.0E; 19-54.4N/110-58.2E; 19-55.5N/111-02.7E; 19-52.8N/111-03.5E,发布时间：2026-08-05 19:49 [字体： 大 中 小 ] 分享到： HN141/26 SOUTH CHINA SEA .MILITARY EXERCISES IN AREA BOUNDED BY THE LINES JOINING 20-00.0N/111-12.7E、19-56.0N/111-17.7E、19-49.0N/111-11.0E、19-53.0N/111-06.2E AND 19-51.7N/110-59.0E、19-54.4N/110-58.2E、19-55.5N/111-02.7E、19-52.8N/111-03.5E FROM 060900 UTC TO 070600 UTC AUG. ENTERING PROHIBITED. HAINAN MSA CHINA.,https://www.msa.gov.cn/html/cnmsa/hxaq/article/2026/089b8fe03d03b2d7.html?hav=1jWj6r2hy3yfaJwAHMY2BhAW51,2026-08-06T05:27:01.101477,2026-08-06,2026-08-07
2026-08-05,军事训练—粤航警539/26,广东海事局,08/07 0300-0700,4,"21.1695,110.5355; 21.135,110.6453; 20.8483,110.5508; 20.8853,110.4297",21-10.17N，110-32.13E; 21-08.10N，110-38.72E; 20-50.90N，110-33.05E; 20-53.12N，110-25.78E,粤航警539/26，南海，8月7日0300时至0700时，在以下四点连线海域内进行军事训练： （1）21-10.17N，110-32.13E; （2）21-08.10N，110-38.72E; （3）20-50.90N，110-33.05E; （4）20-53.12N，110-25.78E。希各航船避开。,https://www.msa.gov.cn/html/cnmsa/hxaq/article/2026/798d3825913948cfbd2520e35920954d.html?hav=1jWj6r2hy3yfaJwAHMY2GMhMsy,2026-08-06T05:26:36.222637,2026-08-07,2026-08-07
2026-08-06,军事训练—桂航警177/26,广西海事局,08/07 0700-1900；08/08 0700-1300,4,"21.4737,109.0712; 21.5,109.0333; 21.45,108.9833; 21.425,109.0417",21-28.42N 109-04.27E; 21-30.00N 109-02.00E; 21-27.00N 108-59.00E; 21-25.50N 109-02.50E,桂航警177/26，北部湾，8月7日0700时至1900时，8月8日0700时至1300时，在21-28.42N 109-04.27E；21-30.00N 109-02.00E；21-27.00N 108-59.00E；21-25.50N 109-02.50E连线海域范围内进行军事训练，禁止船舶驶入。,https://www.msa.gov.cn/html/cnmsa/hxaq/article/2026/88875cf1126746afb7af5ceb344fa503.html?hav=1jWj6r2hy3yfaLOupqh6sFgF4Y,2026-08-07T04:32:47.488648,2026-08-07,2026-08-08
2026-08-07,实弹射击—粤航警543/26,广东海事局,08/08,4,"21.405,110.965; 21.405,110.9917; 21.3783,110.9917; 21.3783,110.965",21-24.3N 110-57.9E; 21-24.3N 110-59.5E; 21-22.7N 110-59.5E; 21-22.7N 110-57.9E,粤航警543/26，南海，8月8日，以下四点连线海域内进行射击训练： （1）21-24.3N 110-57.9E； （2）21-24.3N 110-59.5E； （3）21-22.7N 110-59.5E； （4）21-22.7N 110-57.9E。禁止驶入。,https://www.msa.gov.cn/html/cnmsa/hxaq/article/2026/1f41dfde286a4cd291b853c547034df0.html?hav=1jWj6r2hy3yfaMrfOV9c46bRrw,2026-08-08T03:42:44.384467,2026-08-08,2026-08-08
2026-08-07,火箭发射—琼航警148/26,海南海事局,08/16-08/17 每日 1100-1300,1,"19.5975,110.9363",19-35.85N 110-56.18E,琼航警148/26，南海，自8月16日至8月17日，每日1100时至1300时，在以19-35.85N 110-56.18E为中心，5.4海里为半径的圆形区域内进行火箭发射，禁止驶入。,https://www.msa.gov.cn/html/cnmsa/hxaq/article/2026/8405257ddda84ef485f577cd561fbc2c.html?hav=1jWj6r2hy3yfaMrfOV9cDV4L6x,2026-08-08T03:43:12.615776,2026-08-16,2026-08-17
2026-08-07,MILITARY EXERCISES—HN144/26,海南海事局,08/07 1000 至 08/08 0600,8,"20.0,111.2117; 19.9333,111.295; 19.8167,111.1833; 19.8833,111.1033; 19.8617,110.9833; 19.9067,110.97; 19.925,111.045; 19.88,111.0583",20-00.0N/111-12.7E; 19-56.0N/111-17.7E; 19-49.0N/111-11.0E; 19-53.0N/111-06.2E; 19-51.7N/110-59.0E; 19-54.4N/110-58.2E; 19-55.5N/111-02.7E; 19-52.8N/111-03.5E,发布时间：2026-08-07 17:48 [字体： 大 中 小 ] 分享到： HN144/26 SOUTH CHINA SEA .MILITARY EXERCISES IN AREA BOUNDED BY THE LINES JOINING 20-00.0N/111-12.7E、19-56.0N/111-17.7E、19-49.0N/111-11.0E、19-53.0N/111-06.2E AND 19-51.7N/110-59.0E、19-54.4N/110-58.2E、19-55.5N/111-02.7E、19-52.8N/111-03.5E FROM 071000 UTC TO 080600 UTC AUG. ENTERING PROHIBITED. HAINAN MSA CHINA.,https://www.msa.gov.cn/html/cnmsa/hxaq/article/2026/c14306eb56bb636c.html?hav=1jWj6r2hy3yfaMrfOV9cDWCjIX,2026-08-08T03:43:10.741730,2026-08-07,2026-08-08
2026-08-07,军事训练—琼航警149/26,海南海事局,08/07 1800 至 08/08 1400,8,"20.0,111.2117; 19.9333,111.295; 19.8167,111.1833; 19.8833,111.1033; 19.8617,110.9833; 19.9067,110.97; 19.925,111.045; 19.88,111.0583",20-00.0N/111-12.7E; 19-56.0N/111-17.7E; 19-49.0N/111-11.0E; 19-53.0N/111-06.2E; 19-51.7N/110-59.0E; 19-54.4N/110-58.2E; 19-55.5N/111-02.7E; 19-52.8N/111-03.5E,琼航警149/26，南海，自8月7日1800时至8月8日1400时，在20-00.0N/111-12.7E、19-56.0N/111-17.7E、19-49.0N/111-11.0E、19-53.0N/111-06.2E以及19-51.7N/110-59.0E、19-54.4N/110-58.2E、19-55.5N/111-02.7E、19-52.8N/111-03.5E四点连线水域范围内进行军事训练，禁止驶入。,https://www.msa.gov.cn/html/cnmsa/hxaq/article/2026/51999844f12a4285a010777eebe791f2.html?hav=1jWj6r2hy3yfaMrfOV9cDWCjIX,2026-08-08T03:43:08.059635,2026-08-07,2026-08-08
2026-08-08,MILITARY EXERCISES—HN145/26,海南海事局,08/08 2100 至 08/09 0400,8,"17.1333,111.1; 16.7333,110.4667; 16.2167,110.8333; 16.6167,111.4667; 17.1833,113.4333; 17.475,113.0; 16.9583,112.6167; 16.6667,113.0667",17-08.00N 111-06.00E; 16-44.00N 110-28.00E; 16-13.00N 110-50.00E; 16-37.00N 111-28.00E; 17-11.00N 113-26.00E; 17-28.50N 113-00.00E; 16-57.50N 112-37.00E; 16-40.00N 113-04.00E,"发布时间：2026-08-08 05:00 [字体： 大 中 小 ] 分享到： HN145/26 SOUTH CHINA SEA MILITARY EXERCISES IN AREA BOUNDED BY THE LINES JOINING 17-08.00N 111-06.00E,16-44.00N 110-28.00E,16-13.00N 110-50.00E,16-37.00N 111-28.00E AND IN AREA BOUNDED BY THE LINES JOINING 17-11.00N 113-26.00E,17-28.50N 113-00.00E,16-57.50N 112-37.00E,16-40.00N 113-04.00E FROM 082100 UTC TO 090400 UTC AUG. ENTERING PROHIBITED. HAINAN MSA CHINA.",https://www.msa.gov.cn/html/cnmsa/hxaq/article/2026/faded631f33aec5e.html?hav=1jWj6r2hy3yfaOKPrj8x3CV1Sy,2026-08-08T03:43:06.093144,2026-08-08,2026-08-09
2026-08-08,军事训练—琼航警150/26,海南海事局,08/09 0500-1200,8,"17.1333,111.1; 16.7333,110.4667; 16.2167,110.8333; 16.6167,111.4667; 17.1833,113.4333; 17.475,113.0; 16.9583,112.6167; 16.6667,113.0667",17-08.00N 111-06.00E; 16-44.00N 110-28.00E; 16-13.00N 110-50.00E; 16-37.00N 111-28.00E; 17-11.00N 113-26.00E; 17-28.50N 113-00.00E; 16-57.50N 112-37.00E; 16-40.00N 113-04.00E,琼航警150/26，南海，2026年8月9日0500时至2026年8月9日1200时，在17-08.00N 111-06.00E、16-44.00N 110-28.00E、16-13.00N 110-50.00E、16-37.00N 111-28.00E诸点连线范围内和17-11.00N 113-26.00E、17-28.50N 113-00.00E、16-57.50N 112-37.00E、16-40.00N 113-04.00E诸点连线范围内进行军事训练，禁止驶入。,https://www.msa.gov.cn/html/cnmsa/hxaq/article/2026/222a39653bbb416cb913f8884c342a52.html?hav=1jWj6r2hy3yfaOKPrj8x3CV1Sy,2026-08-08T03:43:03.105237,2026-08-09,2026-08-09
2026-08-09,渤海军事演习—辽航警341/26,辽宁海事局,08/10 0430 至 08/12 1800,4,"40.5765,120.8455; 40.5765,120.8712; 40.5568,120.8712; 40.5568,120.8455",40-34.59N 120-50.73E; 40-34.59N 120-52.27E; 40-33.41N 120-52.27E; 40-33.41N 120-50.73E,辽航警341/26，渤海，自8月10日0430时至12日1800时在40-34.59N 120-50.73E、40-34.59N 120-52.27E、40-33.41N 120-52.27E和40-33.41N 120-50.73E诸点连线范围内进行军事演习。禁止驶入。,https://www.msa.gov.cn/html/cnmsa/hxaq/article/2026/0587a5a5e9e44966a9b13b4770de9226.html?hav=1jWj6r2hy3yfaPnAVf37qY8y6r,2026-08-10T04:05:39.714073,2026-08-10,2026-08-12
2026-08-09,BOHAI SEA MILITARY EXERCISES—LN294/26,辽宁海事局,08/09 2030 至 08/12 1000,4,"40.5765,120.8455; 40.5765,120.8712; 40.5568,120.8712; 40.5568,120.8455",40-34.59N 120-50.73E; 40-34.59N 120-52.27E; 40-33.41N 120-52.27E; 40-33.41N 120-50.73E,"发布时间：2026-08-09 16:56 [字体： 大 中 小 ] 分享到： LN294/26 BOHAI SEA MILITARY EXERCISES IN AREA BOUNDED BY THE LINES JOINING 40-34.59N 120-50.73E,40-34.59N 120-52.27E,40-33.41N 120-52.27E AND 40-33.41N 120-50.73E FROM 092030UTC TO 121000UTC AUG. ENTERING PROHIBITED.LIAONING MSA CHINA.",https://www.msa.gov.cn/html/cnmsa/hxaq/article/2026/a1848666873614a5.html?hav=1jWj6r2hy3yfaPnAVf37qY8y6r,2026-08-10T04:05:42.834447,2026-08-09,2026-08-12
2026-08-09,MILITARY ACTIVITIES—HN148/26,海南海事局,08/10 至 08/12,1,"19.6187,110.9553",19-37.12N /110-57.32E,发布时间：2026-08-09 17:20 [字体： 大 中 小 ] 分享到： HN148/26 SOUTH CHINA SEA MILITARY ACTIVITIES IN THE AREA WITHIN 5.4 MILES RADIUS OF 19-37.12N /110-57.32E FROM 10 TO 12 AUG，DAILY 1130 UTC TO 1330 UTC .ENTERING PROHIBITED. HAINAN MSA CHINA.,https://www.msa.gov.cn/html/cnmsa/hxaq/article/2026/3f436b21590cd114.html?hav=1jWj6r2hy3yfaPnAVgL38ui1qw,2026-08-10T04:06:44.697919,2026-08-10,2026-08-12
2026-08-09,军事训练—琼航警153/26,海南海事局,08/11 0600-1500,4,"18.5833,110.4833; 18.9167,110.4833; 18.9167,110.7; 18.5833,110.7",18-35.00N/110-29.00E; 18-55.00N/110-29.00E; 18-55.00N/110-42.00E; 18-35.00N/110-42.00E,琼航警153/26，南海，自8月11日0600时至1500时，在18-35.00N/110-29.00E、18-55.00N/110-29.00E、18-55.00N/110-42.00E和18-35.00N/110-42.00E四点连线水域范围内进行军事训练，禁止驶入。,https://www.msa.gov.cn/html/cnmsa/hxaq/article/2026/c24e16f02e7842098d7ffa1f44de9676.html?hav=1jWj6r2hy3yfaPnAQDI1xy5e0O,2026-08-09T03:52:44.504666,2026-08-11,2026-08-11
2026-08-09,MILITARY EXERCISES—HN147/26,海南海事局,08/10 2200 至 08/11 0700,4,"18.5833,110.4833; 18.9167,110.4833; 18.9167,110.7; 18.5833,110.7",18-35.00N/110-29.00E; 18-55.00N/110-29.00E; 18-55.00N/110-42.00E; 18-35.00N/110-42.00E,发布时间：2026-08-09 00:00 [字体： 大 中 小 ] 分享到： HN147/26 SOUTH CHINA SEA .MILITARY EXERCISES IN AREA BOUNDED BY THE LINES JOINING 18-35.00N/110-29.00E、18-55.00N/110-29.00E、18-55.00N/110-42.00E AND 18-35.00N/110-42.00E FROM 102200 UTC TO 110700 UTC AUG. ENTERING PROHIBITED. HAINAN MSA CHINA.,https://www.msa.gov.cn/html/cnmsa/hxaq/article/2026/3d3e91fcb8c8391d.html?hav=1jWj6r2hy3yfaPnAQDI1xy5e0O,2026-08-09T03:52:42.637190,2026-08-10,2026-08-11
2026-08-09,军事训练—琼航警154/26,海南海事局,08/10-08/12 每日 1930-2130,1,"19.6187,110.9553",19-37.12N /110-57.32E,琼航警154/26，南海，自8月10日至8月12日，每日1930时至2130时，在以19-37.12N /110-57.32E为中心，5.4海里为半径的圆形区域内进行军事训练，禁止驶入。,https://www.msa.gov.cn/html/cnmsa/hxaq/article/2026/bf10bf9557384ff196b5221dcaeafb0e.html?hav=1jWj6r2hy3yfaPnAVgL38ui1qw,2026-08-10T04:06:46.657950,2026-08-10,2026-08-12
2026-08-10,MILITARY EXERCISES—HN149/26,海南海事局,08/11 2200 至 08/14 1030,4,"18.8645,110.5108; 18.8645,110.6058; 18.7745,110.6058; 18.7745,110.5108",18-51.87N/110-30.65E; 18-51.87N/110-36.35E; 18-46.47N/110-36.35E; 18-46.47N/110-30.65E,发布时间：2026-08-10 00:00 [字体： 大 中 小 ] 分享到： HN149/26 SOUTH CHINA SEA .MILITARY EXERCISES IN AREA BOUNDED BY THE LINES JOINING 18-51.87N/110-30.65E、18-51.87N/110-36.35E、18-46.47N/110-36.35E AND 18-46.47N/110-30.65E FROM 112200 UTC TO 141030 UTC AUG. ENTERING PROHIBITED. HAINAN MSA CHINA.,https://www.msa.gov.cn/html/cnmsa/hxaq/article/2026/93a036ff318258e7.html?hav=1jWj6r2hy3yfgFKeDzZTGLWyoK,2026-08-10T04:06:41.922416,2026-08-11,2026-08-14
2026-08-10,实弹射击—粤航警547/26,广东海事局,08/10 0900-2200,4,"21.405,110.965; 21.405,110.9917; 21.3783,110.9917; 21.3783,110.965",21-24.3N 110-57.9E; 21-24.3N 110-59.5E; 21-22.7N 110-59.5E; 21-22.7N 110-57.9E,粤航警547/26，南海，8月10日，0900时至2200时，以下四点连线海域内进行射击训练： （1）21-24.3N 110-57.9E； （2）21-24.3N 110-59.5E； （3）21-22.7N 110-59.5E； （4）21-22.7N 110-57.9E。禁止驶入。,https://www.msa.gov.cn/html/cnmsa/hxaq/article/2026/695aa19416fb44b0b2d0ef7fb9da3333.html?hav=1jWj6r2hy3yfgFKeE9stglvGgZ,2026-08-10T04:06:20.531074,2026-08-10,2026-08-10
2026-08-10,MILITARY EXERCISES—HN150/26,海南海事局,08/10 2200 至 08/15 1000,4,"17.1167,111.2; 17.1167,112.4333; 17.95,112.4333; 17.95,111.2",17-07.00N 111-12.00E; 17-07.00N 112-26.00E; 17-57.00N 112-26.00E; 17-57.00N 111-12.00E,"发布时间：2026-08-10 17:06 [字体： 大 中 小 ] 分享到： HN150/26 SOUTH CHINA SEA MILITARY EXERCISES IN AREA BOUNDED BY THE LINES JOINING 17-07.00N 111-12.00E,17-07.00N 112-26.00E,17-57.00N 112-26.00E,17-57.00N 111-12.00E FROM 102200 UTC TO 151000 UTC AUG. ENTERING PROHIBITED. HAINAN MSA CHINA.",https://www.msa.gov.cn/html/cnmsa/hxaq/article/2026/5af1b9eeeb88dce3.html?hav=1jWj6r2hy3yfgFKeJScUI1dFOH,2026-08-11T03:54:50.492759,2026-08-10,2026-08-15
2026-08-10,军事训练—琼航警156/26,海南海事局,08/11 0600 至 08/15 1800,4,"17.1167,111.2; 17.1167,112.4333; 17.95,112.4333; 17.95,111.2",17-07.00N 111-12.00E; 17-07.00N 112-26.00E; 17-57.00N 112-26.00E; 17-57.00N 111-12.00E,琼航警156/26，南海，2026年8月11日0600时至2026年8月15日1800时，在17-07.00N 111-12.00E、17-07.00N 112-26.00E、17-57.00N 112-26.00E、17-57.00N 111-12.00E诸点连线范围内进行军事训练。禁止驶入。,https://www.msa.gov.cn/html/cnmsa/hxaq/article/2026/78537fbe16804377ab13e260e7a4dabc.html?hav=1jWj6r2hy3yfgFKeJScUI1dFOH,2026-08-11T03:54:52.379761,2026-08-11,2026-08-15
2026-08-10,军事训练—琼航警155/26,海南海事局,08/12 0600 至 08/14 1830,4,"18.8645,110.5108; 18.8645,110.6058; 18.7745,110.6058; 18.7745,110.5108",18-51.87N/110-30.65E; 18-51.87N/110-36.35E; 18-46.47N/110-36.35E; 18-46.47N/110-30.65E,琼航警155/26，南海，自8月12日0600时至8月14日1830时，在18-51.87N/110-30.65E、18-51.87N/110-36.35E、18-46.47N/110-36.35E和18-46.47N/110-30.65E四点连线水域范围内进行军事训练，禁止驶入。,https://www.msa.gov.cn/html/cnmsa/hxaq/article/2026/8e504b7444be4bf4a6e22debafd44570.html?hav=1jWj6r2hy3yfgFKeDzZTGLWyoK,2026-08-10T04:06:38.244119,2026-08-12,2026-08-14
2026-08-11,实弹射击—粤航警551/26,广东海事局,08/12 每日 0800-1800,0,,,粤航警551/26，南海，8月12日和14日，每天0800时至1800时，以下四点连线海域内进行实弹射击： （1）23-14-12N117-20-42E； （2）23-14-12N117-40-00E； （3）23-01-00N117-40-00E; （4）23-01-00N117-20-42E。禁止驶入。,https://www.msa.gov.cn/html/cnmsa/hxaq/article/2026/3d37d1c7647d472bb80f631fb2c3cce3.html?hav=1jWj6r2hy3yfgGnOmkTcEAyYi0,2026-08-11T03:54:31.423626,2026-08-12,2026-08-12
2026-08-11,实弹射击—粤航警552/26,广东海事局,08/12 每日 0800-1700,4,"21.7833,113.6333; 21.7833,113.6833; 21.7333,113.6833; 21.7333,113.6333",21-47.00N 113-38.00E; 21-47.00N 113-41.00E; 21-44.00N 113-41.00E; 21-44.00N 113-38.00E,粤航警552/26，南海，8月12日和14日每天0800时至1700时，在以下四点连线海域内进行实弹射击： （1）21-47.00N 113-38.00E； （2）21-47.00N 113-41.00E； （3）21-44.00N 113-41.00E; （4）21-44.00N 113-38.00E。禁止驶入。,https://www.msa.gov.cn/html/cnmsa/hxaq/article/2026/347e0cf88ae74b2c94376c684059c7cd.html?hav=1jWj6r2hy3yfgGnOmllXuADnd6,2026-08-11T03:54:29.509889,2026-08-12,2026-08-12
2026-08-11,实弹射击—粤航警556/26,广东海事局,08/12 0500-1800,4,"22.8055,115.923; 22.8497,116.0603; 22.7488,116.0595; 22.7308,115.9173",22-48.33N 115-55.38E; 22-50.98N 116-03.62E; 22-44.93N 116-03.57E; 22-43.85N 115-55.04E,粤航警556/26，南海，8月12日0500时至1800时，以下四点连线海域内进行实弹射击： （1）22-48.33N 115-55.38E; （2）22-50.98N 116-03.62E; （3）22-44.93N 116-03.57E; （4）22-43.85N 115-55.04E。禁止驶入。,https://www.msa.gov.cn/html/cnmsa/hxaq/article/2026/cc2d6488306041ebac932e9398225252.html?hav=1jWj6r2hy3yfgGnOxEDEjZ0YwG,2026-08-12T04:16:45.394580,2026-08-12,2026-08-12
2026-08-11,军事演练—浙航警718/26,浙江海事局,08/13 0700-1000,5,"29.652,122.0087; 29.6675,122.0392; 29.4472,122.2428; 29.4142,122.2447; 29.3878,122.1758",29-39.12N 122-00.52E; 29-40.05N 122-02.35E; 29-26.83N 122-14.57E; 29-24.85N 122-14.68E; 29-23.27N 122-10.55E,浙航警718/26，东海，8月13日0700时至1000时在1）29-39.12N 122-00.52E，2）29-40.05N 122-02.35E，3）29-26.83N 122-14.57E，4）29-24.85N 122-14.68E，5）29-23.27N 122-10.55E五点连线水域范围内进行军事演练活动。禁止驶入。,https://www.msa.gov.cn/html/cnmsa/hxaq/article/2026/bae7d75fef224272a3fe5d89011427d9.html?hav=1jWj6r2hy3yfgGnOs4V8VOnNgM,2026-08-12T04:16:38.053592,2026-08-13,2026-08-13
2026-08-12,温州瓯飞滩以东水域军事训练—浙航警724/26,浙江海事局,08/18 1330-1530；08/19 1430-1630；08/20 0900-1630,4,"27.8,120.85; 27.8,120.9667; 27.7333,120.9; 27.7333,120.7833",27-48.00N 120-51.00E; 27-48.00N 120-58.00E; 27-44.00N 120-54.00E; 27-44.00N 120-47.00E,浙航警724/26，东海，8月18日1330时至1530时、8月19日1430时至1630时、8月20日0900时至1630时，在27-48.00N 120-51.00E、27-48.00N 120-58.00E、27-44.00N 120-54.00E、27-44.00N 120-47.00E诸点连线范围内水域开展军事训练，禁止驶入。,https://www.msa.gov.cn/html/cnmsa/hxaq/article/2026/9908f97c33d549ed8f7ac87fef687ae5.html?hav=1jWj6r2hy3yfgIG9QbE4T8JySr,2026-08-13T04:19:48.620934,2026-08-18,2026-08-20
2026-08-13,军事训练—琼航警160/26,海南海事局,08/12-08/18 每日 0900-1800,4,"20.1108,111.123; 20.0442,110.925; 19.4858,111.083; 19.5525,111.2963",20-06.65N/111-07.38E; 20-02.65N/110-55.50E; 19-29.15N/111-04.98E; 19-33.15N/111-17.78E,琼航警160/26，南海，自8月12日至8月18日，每日0900时至1800时，在20-06.65N/111-07.38E、20-02.65N/110-55.50E、19-29.15N/111-04.98E和19-33.15N/111-17.78E四点连线水域范围内进行军事训练，禁止驶入。,https://www.msa.gov.cn/html/cnmsa/hxaq/article/2026/85c214609eea440ebe11ddb03b1e1d07.html?hav=1jWj6r2hy3yfgJitzFgZQzn21h,2026-08-14T04:18:07.243249,2026-08-12,2026-08-18
2026-08-13,MILITARY EXERCISES—HN154/26,海南海事局,08/12 0100 至 08/18 1000,4,"20.1108,111.123; 20.0442,110.925; 19.4858,111.083; 19.5525,111.2963",20-06.65N/111-07.38E; 20-02.65N/110-55.50E; 19-29.15N/111-04.98E; 19-33.15N/111-17.78E,发布时间：2026-08-13 18:09 [字体： 大 中 小 ] 分享到： HN154/26 SOUTH CHINA SEA .MILITARY EXERCISES IN AREA BOUNDED BY THE LINES JOINING 20-06.65N/111-07.38E、20-02.65N/110-55.50E、19-29.15N/111-04.98E AND 19-33.15N/111-17.78E FROM 120100 UTC TO 181000 UTC AUG. ENTERING PROHIBITED. HAINAN MSA CHINA.,https://www.msa.gov.cn/html/cnmsa/hxaq/article/2026/7063e21f96eb02da.html?hav=1jWj6r2hy3yfgJitzFgZQzn21h,2026-08-14T04:18:05.312490,2026-08-12,2026-08-18
2026-08-13,军事训练—琼航警159/26,海南海事局,08/13 0900-1200,4,"19.7852,111.136; 20.0317,111.0417; 20.0128,110.9355; 19.66,111.0622",19-47.11N 111-08.16E; 20-01.90N 111-02.50E; 20-00.77N 110-56.13E; 19-39.60N 111-03.73E,琼航警159/26，南海，8月13日0900时至1200时、14日1000时至1130时、15日0900时至1200时，在19-47.11N 111-08.16E、20-01.90N 111-02.50E、20-00.77N 110-56.13E和19-39.60N 111-03.73E四点连线水域范围内进行军事训练，禁止驶入。,https://www.msa.gov.cn/html/cnmsa/hxaq/article/2026/a40f297b22134e1b9ea7527f2ff8708d.html?hav=1jWj6r2hy3yfgJittvf3EXB240,2026-08-13T04:20:19.416646,2026-08-13,2026-08-13
2026-08-13,MILITARY EXERCISES—HN153/26,海南海事局,08/13 0100-0400,4,"19.7852,111.136; 20.0317,111.0417; 20.0128,110.9355; 19.66,111.0622",19-47.11N 111-08.16E; 20-01.90N 111-02.50E; 20-00.77N 110-56.13E; 19-39.60N 111-03.73E,"HN153/26 SOUTH CHINA SEA ,MILITARY EXERCISES IN AREA BOUNDED BY THE LINES JOINING 19-47.11N 111-08.16E、20-01.90N 111-02.50E、20-00.77N 110-56.13E AND 19-39.60N 111-03.73E FROM 130100UTC TO 130400UTC、 140200UTC TO 140330UTC AND 150100UTC TO 150400UTC AUG. ENTERING PROHIBITED. HAINAN MSA CHINA.",https://www.msa.gov.cn/html/cnmsa/hxaq/article/2026/9e9859d06e12da6b.html?hav=1jWj6r2hy3yfgJittvf3EXB240,2026-08-13T04:20:16.880363,2026-08-13,2026-08-13
2026-08-14,MILITARY MISSION—LN296/26,辽宁海事局,08/16 0800 至 08/30 0800,4,"38.8617,121.6367; 38.57,121.6367; 38.565,121.1317; 38.8033,121.235",38-51.7N121-38.2E; 38-34.2N121-38.2E; 38-33.9N121-07.9E; 38-48.2N121-14.1E,"发布时间：2026-08-14 14:47 [字体： 大 中 小 ] 分享到： LN296/26 BOHAI STRAIT AND NORTH YELLOW SEA MILITARY MISSION IN AREA BOUNDED BY THE LINES JOINING 38-51.7N121-38.2E,38-34.2N121-38.2E,38-33.9N121-07.9E,38-48.2N121-14.1E FROM 160800UTC TO 300800UTC AUG.ENTERING PROHIBITED. LIAONING MSA CHINA.",https://www.msa.gov.cn/html/cnmsa/hxaq/article/2026/1fff0c80da66c22e.html?hav=1jWj6r2hy3yfgLBeXl7aB190oo,2026-08-15T03:02:54.422679,2026-08-16,2026-08-30
2026-08-14,MILITARY TRAINING—TJ105/26,天津海事局,,4,"38.7133,118.0917; 38.7133,118.1917; 38.68,118.1917; 38.68,118.0917",38-42.80N 118-05.50E; 38-42.80N 118-11.50E; 38-40.80N 118-11.50E; 38-40.80N 118-05.50E,"发布时间：2026-08-14 14:17 [字体： 大 中 小 ] 分享到： TJ105/26 BOHAI SEA MILITARY TRAINING IN AREA BOUNDED BY THE LINES JOINING 38-42.80N 118-05.50E,38-42.80N 118-11.50E,38-40.80N 118-11.50E AND 38-40.80N 118-05.50E FROM 170000 TO 190900 AUG.ENTERING PROHIBITED.TIANJIN MSA CHINA.",https://www.msa.gov.cn/html/cnmsa/hxaq/article/2026/c62c13362994a657.html?hav=1jWj6r2hy3yfgLBeXl7Zwx9HAV,2026-08-15T03:02:46.713298,,
2026-08-14,MILITARY ACTIVITY—SD600/26,山东海事局,08/17 0000 至 08/20 0400；08/18 0000 至 08/20 0400,9,"35.9583,122.1667; 35.9583,123.9667; 34.5333,123.9667; 34.25,122.9667; 34.25,122.1667; 35.6,121.0333; 35.6,121.5542; 35.1667,121.5542; 35.1667,121.0333",35-57.50N 122-10.00E; 35-57.50N 123-58.00E; 34-32.00N 123-58.00E; 34-15.00N 122-58.00E; 34-15.00N 122-10.00E; 35-36.00N 121-02.00E; 35-36.00N 121-33.25E; 35-10.00N 121-33.25E; 35-10.00N 121-02.00E,"SD600/26 YELLOW SEA,MILITARY ACTIVITY IN AREA BOUNDED BY THE LINES JOINING 35-57.50N 122-10.00E,35-57.50N 123-58.00E,34-32.00N 123-58.00E,34-15.00N 122-58.00E,34-15.00N 122-10.00E FROM 170000UTC TO 200400UTC AUG.IN AREA BOUNDED BY THE LINES JOINING 35-36.00N 121-02.00E,35-36.00N 121-33.25E,35-10.00N 121-33.25E,35-10.00N 121-02.00E FROM 180000UTC TO 200400UTC AUG.ENTERING PROHIBITED.SHANDONG MSA CHINA",https://www.msa.gov.cn/html/cnmsa/hxaq/article/2026/18d3abeb502edbf7.html?hav=1jWj6r2hy3yfgLBeXnhQvNVA70,2026-08-15T03:03:23.230379,2026-08-17,2026-08-20
2026-08-14,MILITARY ACTIVITY-DAZHUSHAN ISLAND—SD598/26,山东海事局,08/17 2200 至 08/18 1000,4,"38.05,120.8833; 38.05,121.0167; 37.9667,121.0167; 37.9667,120.8833",38-03.0N 120-53.0E; 38-03.0N 121-01.0E; 37-58.0N 121-01.0E; 37-58.0N 120-53.0E,"SD598/26 BOHAI STRAIT DAZHUSHAN ISLAND,MILITARY ACTIVITY IN AREA BOUNDED BY THE LINES JOINING 38-03.0N 120-53.0E,38-03.0N 121-01.0E,37-58.0N 121-01.0E,37-58.0N 120-53.0E FROM 172200UTC TO 181000UTC AUG.ENTER PROHIBITED.SHANDONG MSA CHINA.",https://www.msa.gov.cn/html/cnmsa/hxaq/article/2026/5fdf98c12777cf89.html?hav=1jWj6r2hy3yfgLBeXmPVhQZPYi,2026-08-15T03:03:27.934602,2026-08-17,2026-08-18
2026-08-14,军事活动-大竹山岛—鲁航警649/26,山东海事局,08/18 0600-1800,4,"38.05,120.8833; 38.05,121.0167; 37.9667,121.0167; 37.9667,120.8833",38-03.0N 120-53.0E; 38-03.0N 121-01.0E; 37-58.0N 121-01.0E; 37-58.0N 120-53.0E,鲁航警649/26，渤海海峡，大竹山岛，8月18日0600时至1800时，在38-03.0N 120-53.0E、38-03.0N 121-01.0E、37-58.0N 121-01.0E、37-58.0N 120-53.0E各点连线水域内进行军事活动。禁止驶入。,https://www.msa.gov.cn/html/cnmsa/hxaq/article/2026/03e83d70b34d4ad783b35ec8431ccaea.html?hav=1jWj6r2hy3yfgLBeXmPVhQZPYi,2026-08-15T03:03:25.135228,2026-08-18,2026-08-18
2026-08-14,军事活动—鲁航警651/26,山东海事局,08/17 0800 至 08/20 1200；08/18 0800 至 08/20 1200,9,"35.9583,122.1667; 35.9583,123.9667; 34.5333,123.9667; 34.25,122.9667; 34.25,122.1667; 35.6,121.0333; 35.6,121.5542; 35.1667,121.5542; 35.1667,121.0333",35-57.50N 122-10.00E; 35-57.50N 123-58.00E; 34-32.00N 123-58.00E; 34-15.00N 122-58.00E; 34-15.00N 122-10.00E; 35-36.00N 121-02.00E; 35-36.00N 121-33.25E; 35-10.00N 121-33.25E; 35-10.00N 121-02.00E,鲁航警651/26，黄海，8月17日0800时至20日1200时，在35-57.50N 122-10.00E、35-57.50N 123-58.00E、34-32.00N 123-58.00E、34-15.00N 122-58.00E、34-15.00N 122-10.00E五点连线范围内进行军事活动。8月18日0800时至20日1200时，在35-36.00N 121-02.00E、35-36.00N 121-33.25E、35-10.00N 121-33.25E、35-10.00N 121-02.00E四点连线范围内进行军事活动。禁止驶入。,https://www.msa.gov.cn/html/cnmsa/hxaq/article/2026/07ab47ff47b843e3939eb90f11f25867.html?hav=1jWj6r2hy3yfgLBeXnhQvNVA70,2026-08-15T03:03:18.689673,2026-08-17,2026-08-20
2026-08-14,军事任务—辽航警343/26,辽宁海事局,08/16 1600 至 08/30 1600,4,"38.8617,121.6367; 38.57,121.6367; 38.565,121.1317; 38.8033,121.235",38-51.7N121-38.2E; 38-34.2N121-38.2E; 38-33.9N121-07.9E; 38-48.2N121-14.1E,辽航警343/26，渤海海峡黄海北部，自8月16日1600时至30日1600时在38-51.7N121-38.2E、38-34.2N121-38.2E、38-33.9N121-07.9E、38-48.2N121-14.1E诸点连线范围内执行军事任务。禁止驶入。,https://www.msa.gov.cn/html/cnmsa/hxaq/article/2026/4801048620f546d89c6b875b3e0de955.html?hav=1jWj6r2hy3yfgLBeXl7aB190oo,2026-08-15T03:02:56.416728,2026-08-16,2026-08-30
2026-08-14,军事训练—津航警261/26,天津海事局,08/17 0800 至 08/19 1700,4,"38.7133,118.0917; 38.7133,118.1917; 38.68,118.1917; 38.68,118.0917",38-42.80N 118-05.50E; 38-42.80N 118-11.50E; 38-40.80N 118-11.50E; 38-40.80N 118-05.50E,"津航警261/26，渤海，8月17日0800时至19日1700时，在38-42.80N 118-05.50E,38-42.80N 118-11.50E,38-40.80N 118-11.50E,38-40.80N 118-05.50E四点连线范围内进行军事训练。禁止驶入。",https://www.msa.gov.cn/html/cnmsa/hxaq/article/2026/d2ce42243b484b74ad5fe822c36f7536.html?hav=1jWj6r2hy3yfgLBeXl7Zwx9HAV,2026-08-15T03:02:48.714420,2026-08-17,2026-08-19
2026-08-15,军事任务—冀航警535/26,河北海事局,08/17 0000 至 08/19 2400,4,"39.4097,119.2289; 39.4097,119.2922; 39.3225,119.4964; 39.1878,119.1983",N 39°24′35″、E 119°13′44″; N39°24′35″、E 119°17′32″; N39°19′21″、E 119°29′47″; N39°11′16″、E 119°11′54″,冀航警535/26，渤海，8月17日0000时至8月19日2400时， 以N 39°24′35″、E 119°13′44″为顶点，正东方向至N39°24′35″、E 119°17′32″，再至N39°19′21″、E 119°29′47″端点，顶点正南偏西6°方向至N39°11′16″、E 119°11′54″端点，以顶点为中心半径25公里的部分圆弧将两个端点连接，形成不规则的闭合范围。该区域内进行实弹射击活动。禁止驶入。,https://www.msa.gov.cn/html/cnmsa/hxaq/article/2026/5af13d627d6d48e7ba5981ac65e2b42b.html?hav=1jWj6r2hy3yfgMePBaa6y7mUv2,2026-08-16T03:11:47.750916,2026-08-17,2026-08-19
2026-08-15,军事训练—粤航警573/26,广东海事局,08/16-08/17 每日 0000-1200,4,"20.3,112.8833; 20.3,113.0967; 20.1,113.0967; 20.1,112.8833",20-18.0N，112-53.0E; 20-18.0N，113-05.8E; 20-06.0N，113-05.8E; 20-06.0N，112-53.0E,粤航警573/26，南海，8月16日至17日，每日0000时至1200时，在以下四点连线海域内进行军事训练： （1）20-18.0N，112-53.0E； （2）20-18.0N，113-05.8E; （3）20-06.0N，113-05.8E； （4）20-06.0N，112-53.0E。 禁止驶入。,https://www.msa.gov.cn/html/cnmsa/hxaq/article/2026/64eee861cd4f4bdaab528f36b23fbb19.html?hav=1jWj6r2hy3yfgMeP6GYaJRV3Fg,2026-08-15T03:03:37.656219,2026-08-16,2026-08-17
2026-08-15,MILITARY TRAINING—GD495/26,广东海事局,08/15 1600 至 08/16 0400,4,"20.3,112.8833; 20.3,113.0967; 20.1,113.0967; 20.1,112.8833",20-18.0N 112-53.0E; 20-18.0N 113-05.8E; 20-06.0N 113-05.8E; 20-06.0N 112-53.0E,发布时间：2026-08-15 10:00 [字体： 大 中 小 ] 分享到： GD495/26 SOUTH CHINA SEA MILITARY TRAINING IN AREA BOUNDED BY 20-18.0N 112-53.0E，20-18.0N 113-05.8E，20-06.0N 113-05.8E AND 20-06.0N 112-53.0E FROM 151600UTC TO 160400 UTC AND 161600UTC TO 170400 UTC AUG. ENTERING PROHIBITED.GUANGDONG MSA CHINA,https://www.msa.gov.cn/html/cnmsa/hxaq/article/2026/9be71ec40bdfb60a.html?hav=1jWj6r2hy3yfgMeP6GYaJRV3Fg,2026-08-15T03:03:40.566841,2026-08-15,2026-08-16
2026-08-17,实弹射击—粤航警577/26,广东海事局,08/17-08/18 每日 1300-1800,4,"21.42,110.9717; 21.355,110.985; 21.37,111.0133; 21.4233,110.9783",21-25.2N 110-58.3E; 21-21.3N 110-59.1E; 21-22.2N 111-00.8E; 21-25.4N 110-58.7E,粤航警577/26，南海，8月17日至18日，每日1300时至1800时，以下四点连线海域内进行射击训练： （1）21-25.2N 110-58.3E； （2）21-21.3N 110-59.1E； （3）21-22.2N 111-00.8E； （4）21-25.4N 110-58.7E。禁止驶入。,https://www.msa.gov.cn/html/cnmsa/hxaq/article/2026/0191e9c019cc45d1b1fafef17955f39f.html?hav=1jWj6r2hy3yfgPZuDT1x4QCpUY,2026-08-18T03:08:01.940803,2026-08-17,2026-08-18
2026-08-17,MILITARY ACTIVITY—SD606/26,山东海事局,08/20 0800 至 08/23 0800,10,"35.6867,123.19; 35.15,121.2538; 35.8792,120.8842; 36.2762,121.3862; 36.4,120.9; 36.5458,120.97; 36.8417,122.275; 36.7667,122.3525; 37.4422,123.4117; 37.2958,123.592",35-41.20N 123-11.40E; 35-09.00N 121-15.23E; 35-52.75N 120-53.05E; 36-16.57N 121-23.17E; 36-24.00N 120-54.00E; 36-32.75N 120-58.20E; 36-50.50N 122-16.50E; 36-46.00N 122-21.15E; 37-26.53N 123-24.70E; 37-17.75N 123-35.52E,"SD606/26 YELLOW SEA,MILITARY ACTIVITY IN AREA BOUNDED BY THE LINES JOINING 35-41.20N 123-11.40E,35-09.00N 121-15.23E,35-52.75N 120-53.05E,36-16.57N 121-23.17E,36-24.00N 120-54.00E,36-32.75N 120-58.20E,36-50.50N 122-16.50E,36-46.00N 122-21.15E,37-26.53N 123-24.70E,37-17.75N 123-35.52E FROM 200800UTC TO 230800UTC AUG.ENTERING PROHIBITED.SHANDONG MSA CHINA",https://www.msa.gov.cn/html/cnmsa/hxaq/article/2026/0e627a4e5d716034.html?hav=1jWj6r2hy3yfgPZu87iV2YkIym,2026-08-17T03:11:56.447864,2026-08-20,2026-08-23
2026-08-17,军事任务—辽航警345/26,辽宁海事局,08/19 0800 至 08/21 1800,4,"40.4917,121.95; 40.4917,122.05; 40.4167,121.95; 40.4167,122.05",40-29.50N 121-57.00E; 40-29.50N 122-03.00E; 40-25.00N 121-57.00E; 40-25.00N 122-03.00E,"辽航警345/26，渤海北部，自8月19日0800时至8月21日1800时,在 40-29.50N 121-57.00E、40-29.50N 122-03.00E、40-25.00N 121-57.00E和40-25.00N 122-03.00E 诸点连线范围内进行军事演习。禁止驶入。",https://www.msa.gov.cn/html/cnmsa/hxaq/article/2026/a5cf58bba0004d1380b920251befd368.html?hav=1jWj6r2hy3yfgPZuDZTaXibnZ2,2026-08-18T03:07:23.182938,2026-08-19,2026-08-21
2026-08-17,NORTH BOHAI SEA MILITARY EXERCISES—LN298/26,辽宁海事局,08/19 0000 至 08/21 1000,4,"40.4917,121.95; 40.4917,122.05; 40.4167,121.95; 40.4167,122.05",40-29.50N 121-57.00E; 40-29.50N 122-03.00E; 40-25.00N 121-57.00E; 40-25.00N 122-03.00E,LN298/26 ，NORTH BOHAI SEA MILITARY MISSION IN AREA BOUNDED BY THE LINES JOINING 40-29.50N 121-57.00E、40-29.50N 122-03.00E、40-25.00N 121-57.00E AND 40-25.00N 122-03.00E FROM 190000UTC TO 211000UTC AUG. ENTERING PROHIBITED.LIAONING MSA CHINA.,https://www.msa.gov.cn/html/cnmsa/hxaq/article/2026/bc58018fb9cb1a38.html?hav=1jWj6r2hy3yfgPZuDZTaXibnZ2,2026-08-18T03:07:25.999264,2026-08-19,2026-08-21
2026-08-17,实弹射击—云航警129/26,连云港海事局,08/17 1000-1300；08/18 1200-1500；08/19 1400-1700…等 4 段,4,"35.0667,120.0; 35.0667,120.2167; 34.7333,120.2167; 34.7333,120.0",35-04.00N 120-00.00E; 35-04.00N 120-13.00E; 34-44.00N 120-13.00E; 34-44.00N 120-00.00E,发布时间：2026-08-17 10:33 [字体： 大 中 小 ] 分享到： 云航警129/26，黄海南部，8月17日1000时至1300时，8月18日1200时至1500时，8月19日1400时至1700时，8月20日1500时至1800时，在35-04.00N 120-00.00E、35-04.00N 120-13.00E、34-44.00N 120-13.00E和34-44.00N 120-00.00E四点连线范围内进行实弹射击。禁止驶入。,https://www.msa.gov.cn/html/cnmsa/hxaq/article/2026/e61788e7bab948d296f44a5c702c5dc8.html?hav=1jWj6r2hy3yfgPZuDRk1cTovZP,2026-08-17T03:13:07.265540,2026-08-17,2026-08-20
2026-08-17,军事活动—鲁航警657/26,山东海事局,08/20 1600 至 08/23 1600,10,"35.6867,123.19; 35.15,121.2538; 35.8792,120.8842; 36.2762,121.3862; 36.4,120.9; 36.5458,120.97; 36.8417,122.275; 36.7667,122.3525; 37.4422,123.4117; 37.2958,123.592",35-41.20N 123-11.40E; 35-09.00N 121-15.23E; 35-52.75N 120-53.05E; 36-16.57N 121-23.17E; 36-24.00N 120-54.00E; 36-32.75N 120-58.20E; 36-50.50N 122-16.50E; 36-46.00N 122-21.15E; 37-26.53N 123-24.70E; 37-17.75N 123-35.52E,鲁航警657/26，黄海，8月20日1600时至23日1600时，在35-41.20N 123-11.40E、35-09.00N 121-15.23E、35-52.75N 120-53.05E、36-16.57N 121-23.17E、36-24.00N 120-54.00E、36-32.75N 120-58.20E、36-50.50N 122-16.50E、36-46.00N 122-21.15E、37-26.53N 123-24.70E、37-17.75N 123-35.52E十点连线范围内进行军事活动。禁止驶入。,https://www.msa.gov.cn/html/cnmsa/hxaq/article/2026/50a938b04e7e43499a5505ebe8554a49.html?hav=1jWj6r2hy3yfgPZu87iV2YkIym,2026-08-17T03:11:58.372591,2026-08-20,2026-08-23
2026-08-18,实弹射击—粤航警579/26,广东海事局,08/21 0700-1500,4,"21.7833,113.6333; 21.7833,113.6833; 21.7333,113.6833; 21.7333,113.6333",21-47.00N 113-38.00E; 21-47.00N 113-41.00E; 21-44.00N 113-41.00E; 21-44.00N 113-38.00E,粤航警579/26，南海，8月21日0700时至1500时，在以下四点连线海域内进行实弹射击： （1）21-47.00N 113-38.00E； （2）21-47.00N 113-41.00E； （3）21-44.00N 113-41.00E； （4）21-44.00N 113-38.00E。禁止驶入。,https://www.msa.gov.cn/html/cnmsa/hxaq/article/2026/c67266ef4d0340da8bdc1c73dd44d753.html?hav=1jWj6r2hy3yfgR2egrKiFmoyVk,2026-08-18T03:08:00.001193,2026-08-21,2026-08-21
2026-08-18,实弹射击—粤航警582/26,广东海事局,08/19-08/21 每日 0630-1830,0,,,粤航警582/26，南海，8月19日至8月21日，每天0630时至1830时，以下四点连线海域内进行实弹射击： （1）23-04-33N 116-33-14E; （2）23-06-43N 116-37-11E; （3）23-01-10N 116-36-00E; （4）23-04-00N 116-33-05E。禁止驶入。,https://www.msa.gov.cn/html/cnmsa/hxaq/article/2026/b35e6cadff814e81b13f7d50dca92dac.html?hav=1jWj6r2hy3yfgR2emCeACt4fsj,2026-08-19T03:10:02.589343,2026-08-19,2026-08-21
2026-08-18,实弹射击—粤航警580/26,广东海事局,08/19 0700-2100；08/20 0600-1800,4,"22.8055,115.923; 22.8497,116.0603; 22.7488,116.0595; 22.7308,115.9233",22-48.33N 115-55.38E; 22-50.98N 116-03.62E; 22-44.93N 116-03.57E; 22-43.85N 115-55.40E,粤航警580/26，南海，8月19日0700时至2100时，8月20日0600时至1800时，以下四点连线海域内进行实弹射击： （1）22-48.33N 115-55.38E; （2）22-50.98N 116-03.62E; （3）22-44.93N 116-03.57E; （4）22-43.85N 115-55.40E。禁止驶入。,https://www.msa.gov.cn/html/cnmsa/hxaq/article/2026/4760920a3d5b45be87ade08927fd8981.html?hav=1jWj6r2hy3yfgR2emBMEz2xIFW,2026-08-19T03:10:04.506486,2026-08-19,2026-08-20
2026-08-19,MILITARY ACTIVITY—SD625/26,山东海事局,08/20 0000 至 08/23 0800,10,"35.6867,123.19; 35.15,121.2538; 35.8792,120.8842; 36.2762,121.3862; 36.4,120.9; 36.5458,120.97; 36.8417,122.275; 36.7667,122.3525; 37.4422,123.4117; 37.2958,123.592",35-41.20N 123-11.40E; 35-09.00N 121-15.23E; 35-52.75N 120-53.05E; 36-16.57N 121-23.17E; 36-24.00N 120-54.00E; 36-32.75N 120-58.20E; 36-50.50N 122-16.50E; 36-46.00N 122-21.15E; 37-26.53N 123-24.70E; 37-17.75N 123-35.52E,"SD625/26 YELLOW SEA,MILITARY ACTIVITY IN AREA BOUNDED BY THE LINES JOINING 35-41.20N 123-11.40E,35-09.00N 121-15.23E,35-52.75N 120-53.05E,36-16.57N 121-23.17E,36-24.00N 120-54.00E,36-32.75N 120-58.20E,36-50.50N 122-16.50E,36-46.00N 122-21.15E,37-26.53N 123-24.70E,37-17.75N 123-35.52E FROM 200000UTC TO 230800UTC AUG.ENTERING PROHIBITED.SHANDONG MSA CHINA.CANCEL SD606/26.",https://www.msa.gov.cn/html/cnmsa/hxaq/article/2026/bf13d01a54571635.html?hav=1jWj6r2hy3yfgSVPKnEsyPWsqo,2026-08-20T03:09:04.851882,2026-08-20,2026-08-23
2026-08-19,MILITARY ACTIVITIES—LYG116/26,连云港海事局,08/21-08/25 每日 0000-1200,8,"34.9315,119.4463; 34.9315,119.4683; 34.9135,119.4683; 34.9135,119.4463; 34.9175,119.4598; 34.9175,119.4818; 34.8993,119.4818; 34.8993,119.4598",34-55.89N 119-26.78E; 34-55.89N 119-28.10E; 34-54.81N 119-28.10E; 34-54.81N 119-26.78E; 34-55.05N 119-27.59E; 34-55.05N 119-28.91E; 34-53.96N 119-28.91E; 34-53.96N 119-27.59E,"发布时间：2026-08-19 18:55 [字体： 大 中 小 ] 分享到： LYG116/26 SOUTH YELLOW SEA MILITARY ACTIVITIES IN AREA A BOUNDED BY THE LINES JOINING 34-55.89N 119-26.78E, 34-55.89N 119-28.10E, 34-54.81N 119-28.10E AND 34-54.81N 119-26.78E AND AREA B BOUNDED BY THE LINES JOINING 34-55.05N 119-27.59E, 34-55.05N 119-28.91E, 34-53.96N 119-28.91E AND 34-53.96N 119-27.59E 0000UTC TO 1200UTC DAILY FROM 21 TO 25 AUG. ENTERING PROHIBITED. LIANYUNGANG MSA CHINA.",https://www.msa.gov.cn/html/cnmsa/hxaq/article/2026/fc49911e65adb3dd.html?hav=1jWj6r2hy3yfgSVPKnEt37KWIh,2026-08-20T03:10:18.355827,2026-08-21,2026-08-25
2026-08-19,军事活动—鲁航警676/26,山东海事局,08/20 0800 至 08/23 1600,10,"35.6867,123.19; 35.15,121.2538; 35.8792,120.8842; 36.2762,121.3862; 36.4,120.9; 36.5458,120.97; 36.8417,122.275; 36.7667,122.3525; 37.4422,123.4117; 37.2958,123.592",35-41.20N 123-11.40E; 35-09.00N 121-15.23E; 35-52.75N 120-53.05E; 36-16.57N 121-23.17E; 36-24.00N 120-54.00E; 36-32.75N 120-58.20E; 36-50.50N 122-16.50E; 36-46.00N 122-21.15E; 37-26.53N 123-24.70E; 37-17.75N 123-35.52E,鲁航警676/26，黄海，8月20日0800时至23日1600时，在35-41.20N 123-11.40E、35-09.00N 121-15.23E、35-52.75N 120-53.05E、36-16.57N 121-23.17E、36-24.00N 120-54.00E、36-32.75N 120-58.20E、36-50.50N 122-16.50E、36-46.00N 122-21.15E、37-26.53N 123-24.70E、37-17.75N 123-35.52E十点连线范围内进行军事活动。禁止驶入。撤销鲁航警657/26。,https://www.msa.gov.cn/html/cnmsa/hxaq/article/2026/1c11d95a982e43018c0ca31af941ce02.html?hav=1jWj6r2hy3yfgSVPKnEsyPWsqo,2026-08-20T03:09:01.202511,2026-08-20,2026-08-23
2026-08-19,实弹射击—云航警131/26,连云港海事局,08/21 至 08/24,6,"34.0212,120.3772; 34.0592,120.358; 34.1588,120.4; 34.1483,120.4717; 34.0953,120.5197; 34.0233,120.4208",34-01.27N120-22.63E; 34-03.55N120-21.48E; 34-09.53N120-24.00E; 34-08.90N120-28.30E; 34-05.72N120-31.18E; 34-01.40N120-25.25E,发布时间：2026-08-19 15:52 [字体： 大 中 小 ] 分享到： 云航警131/26，黄海南部，自8月21日至24日每日0730时至次日0100时在34-01.27N120-22.63E，34-03.55N120-21.48E，34-09.53N120-24.00E ，34-08.90N120-28.30E ，34-05.72N120-31.18E ，34-01.40N120-25.25E诸点连线范围内进行实弹射击。禁止驶入。,https://www.msa.gov.cn/html/cnmsa/hxaq/article/2026/e2d788a7e0c64ba8b789054bcb81b7f2.html?hav=1jWj6r2hy3yfgSVPKjN6TRnp7p,2026-08-20T03:10:20.328785,2026-08-21,2026-08-24
2026-08-19,军事活动—云航警132/26,连云港海事局,08/21-08/25 每日 0800-2000,8,"34.9315,119.4463; 34.9315,119.4683; 34.9135,119.4683; 34.9135,119.4463; 34.9175,119.4598; 34.9175,119.4818; 34.8993,119.4818; 34.8993,119.4598",34-55.89N 119-26.78E; 34-55.89N 119-28.10E; 34-54.81N 119-28.10E; 34-54.81N 119-26.78E; 34-55.05N 119-27.59E; 34-55.05N 119-28.91E; 34-53.96N 119-28.91E; 34-53.96N 119-27.59E,发布时间：2026-08-19 18:55 [字体： 大 中 小 ] 分享到： 云航警132/26，黄海南部，8月21日至25日每日0800时至2000时，在34-55.89N 119-26.78E、34-55.89N 119-28.10E、34-54.81N 119-28.10E和34-54.81N 119-26.78E四点连线范围内以及34-55.05N 119-27.59E、34-55.05N 119-28.91E、34-53.96N 119-28.91E和34-53.96N 119-27.59E四点连线范围内进行军事活动，禁止驶入。,https://www.msa.gov.cn/html/cnmsa/hxaq/article/2026/d27ecbcebf6d45879d3ab87b986ee8d3.html?hav=1jWj6r2hy3yfgSVPKnEt37KWIh,2026-08-20T03:10:14.823597,2026-08-21,2026-08-25
2026-08-21,实弹射击—云航警135/26,连云港海事局,08/28-08/30 每日 0700-1100,6,"34.0355,120.3683; 34.0925,120.3242; 34.1363,120.4233; 34.0685,120.4692; 34.0043,120.5022; 33.9692,120.4042",34-02.13N120-22.10E; 34-05.55N120-19.45E; 34-08.18N120-25.40E; 34-04.11N120-28.15E; 34-00.26N120-30.13E; 33-58.15N120-24.25E,发布时间：2026-08-21 10:41 [字体： 大 中 小 ] 分享到： 云航警135/26，黄海南部，自8月28日至8月30日，每日7时至11时、15时至19时在34-02.13N120-22.10E，34-05.55N120-19.45E，34-08.18N120-25.40E，34-04.11N120-28.15E，34-00.26N120-30.13E，33-58.15N120-24.25E诸点连线范围内进行实弹射击。禁止驶入。,https://www.msa.gov.cn/html/cnmsa/hxaq/article/2026/2966806488d649e7a7d047b22ce01942.html?hav=1jWj6r2hy3yfmJVdgzncbt28kr,2026-08-21T03:15:44.940779,2026-08-28,2026-08-30
2026-08-21,军事活动结束—鲁航警696/26,山东海事局,,0,,,鲁航警696/26，黄海，军事活动结束，撤销鲁航警676/26。,https://www.msa.gov.cn/html/cnmsa/hxaq/article/2026/3c968a07486843ed8d7010f5791d0f2c.html?hav=1jWj6r2hy3yfmJVdmNgvEg78bv,2026-08-22T03:06:24.138794,,
2026-08-21,实弹射击—粤航警592/26,广东海事局,08/24-08/27 每日 0630-1830,4,"23.0758,116.5538; 23.112,116.6197; 23.0195,116.6; 23.0667,116.5513",23-04.55N 116-33.23E; 23-06.72N 116-37.18E; 23-01.17N 116-36.00E; 23-04.00N 116-33.08E,粤航警592/26，南海，8月24日至8月27日，每天0630时至1830时，以下四点连线海域内进行实弹射击： （1）23-04.55N 116-33.23E; （2）23-06.72N 116-37.18E; （3）23-01.17N 116-36.00E; （4）23-04.00N 116-33.08E。禁止驶入。,https://www.msa.gov.cn/html/cnmsa/hxaq/article/2026/749327080c8049e18b302a601805d7d7.html?hav=1jWj6r2hy3yfmJVdh8p7HdVwJT,2026-08-22T03:06:39.453117,2026-08-24,2026-08-27
2026-08-21,MILITARY ACTIVITY COMPLETED—SD645/26,山东海事局,,0,,,"SD645/26 YELLOW SEA, MILITARY ACTIVITY COMPLETED. CANCEL SD625/26. SHANDONG MSA CHINA.",https://www.msa.gov.cn/html/cnmsa/hxaq/article/2026/7feaed1822e09740.html?hav=1jWj6r2hy3yfmJVdmNgvEg78bv,2026-08-22T03:06:27.060324,,
2026-08-21,实弹射击—粤航警593/26,广东海事局,08/24-08/28 每日 0800-1800,4,"20.8833,110.9; 20.8833,110.9833; 20.8,110.9833; 20.8,110.9",20-53.0N，110-54.0E; 20-53.0N，110-59.0E; 20-48.0N，110-59.0E; 20-48.0N，110-54.0E,粤航警593/26，南海，8月24日至28日，每天0800时至1800时，在以下四点连线海域内进行实弹射击： （1）20-53.0N，110-54.0E； （2）20-53.0N，110-59.0E； （3）20-48.0N，110-59.0E； （4）20-48.0N，110-54.0E。禁止驶入。,https://www.msa.gov.cn/html/cnmsa/hxaq/article/2026/94d116f85bb6435a8b0b86dae77c960c.html?hav=1jWj6r2hy3yfmJVdhA72a9AALr,2026-08-22T03:06:37.375718,2026-08-24,2026-08-28
2026-08-21,实弹射击—粤航警590/26,广东海事局,08/24 每日 1100-1730,4,"21.42,110.9733; 21.33,110.9917; 21.3417,111.0283; 21.4233,110.9817",21-25.2N 110-58.4E; 21-19.8N 110-59.5E; 21-20.5N 111-01.7E; 21-25.4N 110-58.9E,粤航警590/26，南海，8月24日、25日、27日、28日，每日1100时至1730时，以下四点连线海域内进行射击训练： （1）21-25.2N 110-58.4E； （2）21-19.8N 110-59.5E； （3）21-20.5N 111-01.7E； （4）21-25.4N 110-58.9E。禁止驶入。,https://www.msa.gov.cn/html/cnmsa/hxaq/article/2026/c2e157de12554ce7b9f2d3f3aa5b7881.html?hav=1jWj6r2hy3yfmJVdh7XBSSI9wM,2026-08-22T03:06:41.303734,2026-08-24,2026-08-24
2026-08-22,MILITARY ACTIVITIES—GD511/26,广东海事局,08/23 0400-1200,8,"21.2833,111.3133; 21.13,111.3567; 21.1,111.23; 21.2,111.2267; 21.21,111.0633; 21.1333,111.09; 21.2133,111.09; 21.1333,111.0633",21-17.0N 111-18.8E; 21-07.8N 111-21.4E; 21-06.0N 111-13.8E; 21-12.0N 111-13.6E; 21-12.6N 111-03.8E; 21-08.0N 111-05.4E; 21-12.8N 111-05.4E; 21-08.0N 111-03.8E,发布时间：2026-08-22 20:00 [字体： 大 中 小 ] 分享到： GD511/26 MILITARY ACTIVITIES IN AREA BOUNDED BY 21-17.0N 111-18.8E，21-07.8N 111-21.4E，21-06.0N 111-13.8E，21-12.0N 111-13.6E. AND IN AREA BOUNDED BY 21-12.6N 111-03.8E，21-08.0N 111-05.4E，21-12.8N 111-05.4E，21-08.0N 111-03.8E.FROM 230400 UTC TO 231200 UTC AUG. ENTERING PROHIBITED. GUANGDONG MSA CHINA.,https://www.msa.gov.cn/html/cnmsa/hxaq/article/2026/1b7876ec58c67297.html?hav=1jWj6r2hy3yfmKyOKuPrCNMwDZ,2026-08-23T03:14:08.194585,2026-08-23,2026-08-23
2026-08-22,军事活动—粤航警595/26,广东海事局,08/23 1200-2000,8,"21.2833,111.3133; 21.13,111.3567; 21.1,111.23; 21.2,111.2267; 21.21,111.0633; 21.1333,111.09; 21.2133,111.09; 21.1333,111.0633",21-17.0N 111-18.8E; 21-07.8N 111-21.4E; 21-06.0N 111-13.8E; 21-12.0N 111-13.6E; 21-12.6N 111-03.8E; 21-08.0N 111-05.4E; 21-12.8N 111-05.4E; 21-08.0N 111-03.8E,粤航警595/26，8月23日1200时至2000时，在21-17.0N 111-18.8E，21-07.8N 111-21.4E，21-06.0N 111-13.8E，21-12.0N 111-13.6E连线海域，及21-12.6N 111-03.8E，21-08.0N 111-05.4E，21-12.8N 111-05.4E，21-08.0N 111-03.8E进行军事活动。禁止驶入。,https://www.msa.gov.cn/html/cnmsa/hxaq/article/2026/bd9d8122c64c48b4a89f1311dabb7a84.html?hav=1jWj6r2hy3yfmKyOKuPrCNMwDZ,2026-08-23T03:14:10.039649,2026-08-23,2026-08-23
2026-08-23,MILITARY EXERCISES—HN157/26,海南海事局,08/24 0400 至 08/26 1000,8,"19.951,110.9587; 19.8255,110.9987; 19.8488,111.107; 19.9802,111.0613; 20.103,110.6342; 20.103,110.6438; 20.113,110.6432; 20.1127,110.6342",19-57.06N/110-57.52E; 19-49.53N/110-59.92E; 19-50.93N/111-06.42E; 19-58.81N/111-03.68E; 20-06.18N/110-38.05E; 20-06.18N/110-38.63E; 20-06.78N/110-38.59E; 20-06.76N/110-38.05E,发布时间：2026-08-23 20:52 [字体： 大 中 小 ] 分享到： HN157/26 SOUTH CHINA SEA .MILITARY EXERCISES IN AREA BOUNDED BY THE LINES JOINING 19-57.06N/110-57.52E、19-49.53N/110-59.92E、19-50.93N/111-06.42E AND 19-58.81N/111-03.68E AND IN AREA BOUNDED BY THE LINES JOINING 20-06.18N/110-38.05E、20-06.18N/110-38.63E、20-06.78N/110-38.59E AND 20-06.76N/110-38.05E FROM 240400 UTC TO 261000 UTC AUG. ENTERING PROHIBITED. HAINAN MSA CHINA.,https://www.msa.gov.cn/html/cnmsa/hxaq/article/2026/a2d4b75dc482327b.html?hav=1jWj6r2hy3yfmMR8tV0a7JQQkb,2026-08-24T03:16:05.042848,2026-08-24,2026-08-26
2026-08-23,军事训练—琼航警165/26,海南海事局,08/24 1200 至 08/26 1800,8,"19.951,110.9587; 19.8255,110.9987; 19.8488,111.107; 19.9802,111.0613; 20.103,110.6342; 20.103,110.6438; 20.113,110.6432; 20.1127,110.6342",19-57.06N/110-57.52E; 19-49.53N/110-59.92E; 19-50.93N/111-06.42E; 19-58.81N/111-03.68E; 20-06.18N/110-38.05E; 20-06.18N/110-38.63E; 20-06.78N/110-38.59E; 20-06.76N/110-38.05E,琼航警165/26，南海，自8月24日1200时至8月26日1800时，在19-57.06N/110-57.52E、19-49.53N/110-59.92E、19-50.93N/111-06.42E和19-58.81N/111-03.68E四点连线水域范围内以及20-06.18N/110-38.05E、20-06.18N/110-38.63E、20-06.78N/110-38.59E和20-06.76N/110-38.05E四点连线水域范围内进行军事训练，禁止驶入。,https://www.msa.gov.cn/html/cnmsa/hxaq/article/2026/ca2d6c068a60443caad2c775302c8466.html?hav=1jWj6r2hy3yfmMR8tV0a7JQQkb,2026-08-24T03:16:06.908133,2026-08-24,2026-08-26
2026-08-24,军事活动-大竹山岛—鲁航警699/26,山东海事局,08/25-08/26 每日 0600-1800,4,"38.05,120.8833; 38.05,121.0167; 37.9667,121.0167; 37.9667,120.8833",38-03.0N 120-53.0E; 38-03.0N 121-01.0E; 37-58.0N 121-01.0E; 37-58.0N 120-53.0E,鲁航警699/26，渤海海峡，大竹山岛，8月25日至26日每天0600时至1800时，在38-03.0N 120-53.0E、38-03.0N 121-01.0E、37-58.0N 121-01.0E、37-58.0N 120-53.0E各点连线水域内进行军事活动。禁止驶入。,https://www.msa.gov.cn/html/cnmsa/hxaq/article/2026/35acc9b44eb247de8a1e9d731178e47f.html?hav=1jWj6r2hy3yfmNttMqjUB9O82j,2026-08-25T03:11:34.431694,2026-08-25,2026-08-26
2026-08-24,MILITARY ACTIVITY-DAZHUSHAN ISLAND—SD647/26,山东海事局,08/25-08/26 每日 2200-1000,4,"38.05,120.8833; 38.05,121.0167; 37.9667,121.0167; 37.9667,120.8833",38-03.0N 120-53.0E; 38-03.0N 121-01.0E; 37-58.0N 121-01.0E; 37-58.0N 120-53.0E,"SD647/26 BOHAI STRAIT DAZHUSHAN ISLAND,MILITARY ACTIVITY IN AREA BOUNDED BY THE LINES JOINING 38-03.0N 120-53.0E,38-03.0N 121-01.0E,37-58.0N 121-01.0E,37-58.0N 120-53.0E FROM 2200UTC TO 1000UTC DAILY FROM 25 TO 26 AUG.ENTER PROHIBITED.SHANDONG MSA CHINA.",https://www.msa.gov.cn/html/cnmsa/hxaq/article/2026/6faad00b3d0c3e84.html?hav=1jWj6r2hy3yfmNttMqjUB9O82j,2026-08-25T03:11:37.221611,2026-08-25,2026-08-26
2026-08-24,军事任务—冀航警560/26,河北海事局,08/25 0000 至 08/28 2400,4,"39.4097,119.2289; 39.4097,119.2922; 39.3225,119.4964; 39.1878,119.1983",N 39°24′35″、E 119°13′44″; N39°24′35″、E 119°17′32″; N39°19′21″、E 119°29′47″; N39°11′16″、E 119°11′54″,冀航警560/26，渤海，8月25日0000时至8月28日2400时， 以N 39°24′35″、E 119°13′44″为顶点，正东方向至N39°24′35″、E 119°17′32″，再至N39°19′21″、E 119°29′47″端点，顶点正南偏西6°方向至N39°11′16″、E 119°11′54″端点，以顶点为中心半径25公里的部分圆弧将两个端点连接，形成不规则的闭合范围。该区域内进行实弹射击活动。禁止驶入。,https://www.msa.gov.cn/html/cnmsa/hxaq/article/2026/556e31be20434cfdace819160961a7ff.html?hav=1jWj6r2hy3yfmNttMmrhWkvOlV,2026-08-25T03:11:30.104512,2026-08-25,2026-08-28
2026-08-24,实弹射击—闽航警147/26,福建海事局,08/26 0100-1800,0,,,闽航警147/26，兴化湾江阴港海域，自8月26日0100时至1800时，在以下七点连线范围内进行实弹射击： (1)25°26′9″N ， 119°20′43″E (2)25°24′55″N ， 119°26′12″E (3)25°21′59″N ， 119°29′25″E (4)25°16′25″N ， 119°31′11″E (5)25°15′20″N ， 119°28′3″E (6)25°19′56″N ， 119°21′42″E (7)25°24′49″N ， 119°18′54″E 禁止进入。,https://www.msa.gov.cn/html/cnmsa/hxaq/article/2026/f4d0b58ea36b447c963a4f6ca7eb3188.html?hav=1jWj6r2hy3yfmNttMubGbN2l51,2026-08-25T03:11:48.644686,2026-08-26,2026-08-26
2026-08-25,实弹射击—辽航警354/26,辽宁海事局,08/26 1100 至 08/28 1700,4,"38.7333,122.0667; 38.7333,122.1333; 38.6667,122.1333; 38.6667,122.0667",38-44N122-04E; 38-44N122-08E; 38-40N122-08E; 38-40N122-04E,辽航警354/26，黄海北部，自8月26日1100时至28日1700时在38-44N122-04E、38-44N122-08E、38-40N122-08E、38-40N122-04E诸点连线范围内执行实弹射击。禁止驶入。,https://www.msa.gov.cn/html/cnmsa/hxaq/article/2026/b37964b9d611440bb4669c4aaf446b93.html?hav=1jWj6r2hy3yfmPMdvMAUh6kNW8,2026-08-25T03:11:20.686849,2026-08-26,2026-08-28
2026-08-26,实弹射击—云航警139/26,连云港海事局,08/28-09/01 每日 0800-2000,8,"34.9315,119.4463; 34.9315,119.4683; 34.9135,119.4683; 34.9135,119.4463; 34.9175,119.4598; 34.9175,119.4818; 34.8993,119.4818; 34.8993,119.4598",34-55.89N 119-26.78E; 34-55.89N 119-28.10E; 34-54.81N 119-28.10E; 34-54.81N 119-26.78E; 34-55.05N 119-27.59E; 34-55.05N 119-28.91E; 34-53.96N 119-28.91E; 34-53.96N 119-27.59E,发布时间：2026-08-26 19:14 [字体： 大 中 小 ] 分享到： 云航警139/26，黄海南部，8月28日至9月1日每日0800时至2000时，在34-55.89N 119-26.78E、34-55.89N 119-28.10E、34-54.81N 119-28.10E和34-54.81N 119-26.78E四点连线范围内，以及34-55.05N 119-27.59E、34-55.05N 119-28.91E、34-53.96N 119-28.91E和34-53.96N 119-27.59E四点连线范围内进行实弹射击，禁止驶入。,https://www.msa.gov.cn/html/cnmsa/hxaq/article/2026/7e27a539d891482a838db53035940d89.html?hav=1jWj6r2hy3yfmQpOU8MYo16VEp,2026-08-27T12:46:46.752994,2026-08-28,2026-09-01
2026-08-26,实弹射击—粤航警602/26,广东海事局,08/27 1200-1700,4,"22.4833,114.8583; 22.4833,114.9167; 22.4417,114.9167; 22.4417,114.8583",22-29.0N 114-51.5E; 22-29.0N 114-55.0E; 22-26.5N 114-55.0E; 22-26.5N 114-51.5E,粤航警602/26，南海，8月27日1200时至1700时，以下四点连线的海域内进行实弹射击： （1）22-29.0N 114-51.5E （2）22-29.0N 114-55.0E （3）22-26.5N 114-55.0E （4）22-26.5N 114-51.5E。禁止驶入。,https://www.msa.gov.cn/html/cnmsa/hxaq/article/2026/614cf2fcbb794c8ba8d829d90ed32eb3.html?hav=1jWj6r2hy3yfmQpOTwlDEaLFYd,2026-08-26T03:16:28.512187,2026-08-27,2026-08-27
2026-08-26,MILITARY EXERCISES—HN158/26,海南海事局,08/26 2200 至 08/29 1400,4,"19.9583,110.9537; 19.9583,111.2333; 19.825,111.2333; 19.825,110.9965",19-57.50N/110-57.22E; 19-57.50N/111-14.00E; 19-49.50N/111-14.00E; 19-49.50N/110-59.79E,发布时间：2026-08-26 17:01 [字体： 大 中 小 ] 分享到： HN158/26 SOUTH CHINA SEA MILITARY EXERCISES IN AREA BOUNDED BY THE LINES JOINING 19-57.50N/110-57.22E，19-57.50N/111-14.00E，19-49.50N/111-14.00E，19-49.50N/110-59.79E FROM 262200UTC TO 291400UTC AUG. ENTERING PROHIBITED. HAINAN MSA CHINA.,https://www.msa.gov.cn/html/cnmsa/hxaq/article/2026/dea72d490b15b760.html?hav=1jWj6r2hy3yfmQpOU5mhgCHjBU,2026-08-27T12:46:15.457984,2026-08-26,2026-08-29
2026-08-26,军事训练—琼航警166/26,海南海事局,08/27 0600 至 08/29 2200,4,"19.9583,110.9537; 19.9583,111.2333; 19.825,111.2333; 19.825,110.9965",19-57.50N/110-57.22E; 19-57.50N/111-14.00E; 19-49.50N/111-14.00E; 19-49.50N/110-59.79E,琼航警166/26，南海，8月27日0600时至29日2200时，在19-57.50N/110-57.22E、19-57.50N/111-14.00E、19-49.50N/111-14.00E和19-49.50N/110-59.79E四点连线水域范围内进行军事训练，禁止驶入。,https://www.msa.gov.cn/html/cnmsa/hxaq/article/2026/6829459f33e34505af91bdf258352f95.html?hav=1jWj6r2hy3yfmQpOU5mhgCHjBU,2026-08-27T12:46:12.455219,2026-08-27,2026-08-29
2026-08-27,MILITARY TRAINING—GD519/26,广东海事局,08/28 0200 至 08/29 1200,1,"21.2547,109.5447",21-15.28N 109-32.68E,发布时间：2026-08-27 15:30 [字体： 大 中 小 ] 分享到： GD519/26 BEIBU BAY MILITARY TRAINING IN AREA WITHIN 6KM RADIUS OF 21-15.28N 109-32.68E FROM 280200UTC TO 291200UTC AUG.ENTERING PROHIBITED. GUANGDONG MSA CHINA,https://www.msa.gov.cn/html/cnmsa/hxaq/article/2026/b510173f9a5d5838.html?hav=1jWj6r2hy3yfmSI92dnZOcrCnl,2026-08-27T12:45:54.601330,2026-08-28,2026-08-29
2026-08-27,军事训练—粤航警603/26,广东海事局,08/28 1000 至 08/29 2000,1,"21.2547,109.5447",21-15.28N，109-32.68E,粤航警603/26，北部湾，8月28日1000时至29日2000时，在以21-15.28N，109-32.68E为圆心，半径6千米的圆形水域进行军事训练。禁止驶入。,https://www.msa.gov.cn/html/cnmsa/hxaq/article/2026/0bd2bb263ad347a489f4a92a213c982d.html?hav=1jWj6r2hy3yfmSI92dnZOcrCnl,2026-08-27T12:45:50.946006,2026-08-28,2026-08-29
2026-08-28,军事任务—冀航警573/26,河北海事局,08/30 0000 至 08/31 2400,4,"39.4097,119.2289; 39.4097,119.2922; 39.3225,119.4964; 39.1878,119.1983",N 39°24′35″、E 119°13′44″; N39°24′35″、E 119°17′32″; N39°19′21″、E 119°29′47″; N39°11′16″、E 119°11′54″,冀航警573/26，渤海，8月30日0000时至8月31日2400时， 以N 39°24′35″、E 119°13′44″为顶点，正东方向至N39°24′35″、E 119°17′32″，再至N39°19′21″、E 119°29′47″端点，顶点正南偏西6°方向至N39°11′16″、E 119°11′54″端点，以顶点为中心半径25公里的部分圆弧将两个端点连接，形成不规则的闭合范围。该区域内进行实弹射击活动。禁止驶入。,https://www.msa.gov.cn/html/cnmsa/hxaq/article/2026/a5ab55728f2e4f8ebb0cd591867540c3.html?hav=1jWj6r2hy3yfmTktVzWTSPPivh,2026-08-28T14:19:17.517570,2026-08-30,2026-08-31
2026-08-28,实弹射击—粤航警621/26,广东海事局,08/31-09/04 每日 0630-1830,4,"23.0758,116.5538; 23.112,116.6197; 23.0195,116.6; 23.0667,116.5513",23-04.55N 116-33.23E; 23-06.72N 116-37.18E; 23-01.17N 116-36.00E; 23-04.00N 116-33.08E,粤航警621/26，南海，8月31日至9月4日，每天0630时至1830时，以下四点连线海域内进行实弹射击： （1）23-04.55N 116-33.23E; （2）23-06.72N 116-37.18E; （3）23-01.17N 116-36.00E; （4）23-04.00N 116-33.08E。禁止驶入。,https://www.msa.gov.cn/html/cnmsa/hxaq/article/2026/5b9da2f62c6a48e3b370efba6fa8eb2d.html?hav=1jWj6r2hy3yfmTktbFgDc01L9x,2026-08-28T14:19:35.708797,2026-08-31,2026-09-04
2026-08-28,军事任务—辽航警362/26,辽宁海事局,08/30 1600 至 09/13 1600,4,"38.8617,121.6367; 38.57,121.6367; 38.565,121.1317; 38.8033,121.235",38-51.7N121-38.2E; 38-34.2N121-38.2E; 38-33.9N121-07.9E; 38-48.2N121-14.1E,辽航警362/26，渤海海峡黄海北部，自8月30日1600时至9月13日1600时在38-51.7N121-38.2E、38-34.2N121-38.2E、38-33.9N121-07.9E、38-48.2N121-14.1E诸点连线范围内执行军事任务。禁止驶入。,https://www.msa.gov.cn/html/cnmsa/hxaq/article/2026/1d00726765954805871b691bbae2d3dc.html?hav=1jWj6r2hy3yfmTktbEOI0pO6oD,2026-08-28T14:19:07.872321,2026-08-30,2026-09-13
2026-08-28,MILITARY MISSION—LN312/26,辽宁海事局,,0,,,English 首页 机构职能 机构职责 领导介绍 内设机构 直属单位 政府信息公开 法定主动公开内容 政府信息公开指南 政府信息公开制度 政府信息公开年报 依申请公开 互联网+政务 我要办事 在线查询 航行安全 安全知识 事故教训 第15次中新海事局长会谈在山东青岛举行 2026年“我们一起去看海”全媒体宣传活动大连启动 2026年全国海事工作会议召开 中国-东盟干线集装箱船舶交通组织一体化交流研讨会在宁波召开 中国海事代表团出席第二十一届亚洲海岸警备机构首脑会议高级别会议 海事要闻 “中国洋浦港”籍船舶突破100艘 08-19 部海事局召开2026年8月份月度工作例会 08-06 2026年全国内河交通安全工作视频会议召开 07-30 部海事局传达贯彻交通运输部2026年半年工作会议精神 07-20 部海事局召开机关处室上半年工作集体汇报会 07-17 APEC海员卓越网第八届指导理事会达成《广州共识》 07-14 中国沿海航行安全治理对话会议在泰州召开 07-10 通知公告 船舶检验 船舶技术法规 人事信息 统计数据 财务•规划 招标信息 交通运输部 应急管理部关于加强内河交通安全工作的意见 2026-07-03 中华人民共和国海事局关于《游艇技术与检验规则》公开征求意见的通知 2026-07-27 中华人民共和国海事局关于同意大连星海湾游艇驾驶培训中心有限公司等单位船员培训业务申请的通知 2026-08-28 中华人民共和国海事局关于发布《上海洋山深水港区及其附近水域通航安全管理规定》的公告 2026-08-27 中华人民共和国海事局关于发布《平陆运河通航安全管理规定》的公告 2026-08-26 中华人民共和国海事局关于《中国籍国际航行海船使用替代燃料技术要求实施指南（征求意见稿）》公开征求意见的通知 2026-08-21 交通运输部海事局关于发布《船舶进出港报告管理办法》的公告 2026-08-20 交通运输部海事局关于核定新疆维吾尔自治区船舶检验整体业务范围的函 2026-07-03 交通运输部海事局关于核定福建省渔业船舶检验整体业务范围的批复 2026-07-03 交通运输部海事局关于重庆市船舶检验业务范围的批复 2026-07-01 交通运输部海事局关于云南省地方海事局船舶检验机构资质的批复 2026-07-01 交通运输部海事局关于核定江苏省渔业船舶检验整体业务范围的批复 2026-02-28 外国在华验船公司业务范围 2025-07-25 外国在华验船公司业务范围 2024-09-11 中国籍国际航行船舶等效免除清单（持续更新） 2024-01-01 中华人民共和国海事局关于发布《液化石油气燃料动力船舶技术与检验暂行规则（2026）》的公告 2026-08-10 中华人民共和国海事局关于发布《国内航行海船法定检验技术规则（2026年修改通报）》的公告 2026-07-13 中华人民共和国海事局关于发布《内河小型船舶技术规则（2026年修改通报）》的公告 2026-06-17 交通运输部海事局关于发布《新能源清洁能源动力船舶适用内河船舶技术规范条款实施指南》的通知 2026-03-27 中华人民共和国海事局关于发布《氨燃料动力船舶技术与检验暂行规则（2026）》的公告 2026-01-04 中华人民共和国海事局关于发布《内河船舶法定检验技术规则（2025年修改通报）》的公告 2025-12-04 交通运输部所属事业单位2026年度第四批统一公开招聘拟聘用人员公示（第三次） 2026-07-07 交通运输部所属事业单位2026年,https://www.msa.gov.cn/html/cnmsa/hxaq/article/2026/4061908c07d4a426.html?hav=1jWj6r2hy3yfmTktbEOI0pO6oD,2026-08-28T14:19:10.079176,,
2026-08-31,实弹射击—粤航警626/26,广东海事局,09/05 每日 1300-1800,4,"21.4167,110.9667; 21.4217,110.9767; 21.3717,111.0617; 21.3233,110.9817",21-25.0N 110-58.0E; 21-25.3N 110-58.6E; 21-22.3N 111-03.7E; 21-19.4N 110-58.9E,粤航警626/26，南海，8月31至9月5日，每日1300时至1800时，以下四点连线海域内进行射击训练： （1）21-25.0N 110-58.0E； （2）21-25.3N 110-58.6E； （3）21-22.3N 111-03.7E； （4）21-19.4N 110-58.9E。禁止驶入。,https://www.msa.gov.cn/html/cnmsa/hxaq/article/2026/12c55cf12e0648869912f199d074a7be.html?hav=1jWj6r2hy3yfsMDsQwzMD7xppK,2026-08-31T08:37:17.482477,2026-09-05,2026-09-05
2026-09-01,军事训练—琼航警170/26,海南海事局,09/04,0,,,琼航警170/26，南海，2026年9月4日0800至1800时，在17-54-03N 109-31-00E、17-54-03N 109-35-00E、17-50-03N 109-35-00E、17-50-03N 109-31-00E四点连线水域范围内进行军事训练，禁止驶入。,https://www.msa.gov.cn/html/cnmsa/hxaq/article/2026/9b90cbda709d4a6391adbc432b12bd97.html?hav=1jWj6r2hy5di2WEeH5hZ30mRtN,2026-09-01T07:47:26.714687,2026-09-04,2026-09-04
2026-09-01,军事任务—辽航警367/26,辽宁海事局,09/02-09/04 每日 0830-1630,4,"40.3743,121.9397; 40.4452,122.0025; 40.3575,122.1637; 40.3472,122.1637",40-22.46N 121-56.38E; 40-26.71N 122-00.15E; 40-21.45N 122-09.82E; 40-20.83N 122-09.82E,辽航警367/26，渤海北部，自9月2日至4日每天0830时至1630时，在 40-22.46N 121-56.38E、40-26.71N 122-00.15E、40-21.45N 122-09.82E和40-20.83N 122-09.82E 诸点连线范围内进行军事演习。禁止驶入。,https://www.msa.gov.cn/html/cnmsa/hxaq/article/2026/270bfce5dd364923bb94b963d2eb5e07.html?hav=1jWj6r2hy5di2WEeME7jym9m21,2026-09-01T07:46:49.366439,2026-09-02,2026-09-04
2026-09-01,MILITARY EXERCISES—HN162/26,海南海事局,,0,,,"发布时间：2026-09-01 09:13 [字体： 大 中 小 ] 分享到： HN162/26 SOUTH CHINA SEA SHOOTING EXERCISES IN AREA BOUNDED BY THE LINES JOINING 17-54-03N 109-31-00E、17-54-03N 109-35-00E、17-50-03N 109-35-00E、17-50-03N 109-31-00E FROM 0800 TO 1800 ON 4 SEP 2026 , ENTERING PROHIBITED. HAINAN MSA.",https://www.msa.gov.cn/html/cnmsa/hxaq/article/2026/bcf38cf5fba1ddc6.html?hav=1jWj6r2hy5di2WEeH5hZ30mRtN,2026-09-01T07:47:30.410569,,
2026-09-01,NORTH BOHAI SEA MILITARY EXERCISES—LN316/26,辽宁海事局,09/02-09/04 每日 0030-0830,4,"40.3743,121.9397; 40.4452,122.0025; 40.3575,122.1637; 40.3472,122.1637",40-22.46N 121-56.38E; 40-26.71N 122-00.15E; 40-21.45N 122-09.82E; 40-20.83N 122-09.82E,"LN316/26 , NORTH BOHAI SEA MILITARY MISSION IN AREA BOUNDED BY THE LINES JOINING 40-22.46N 121-56.38E, 40-26.71N 122-00.15E, 40-21.45N 122-09.82E AND 40-20.83N 122-09.82E FROM 0030UTC TO 0830UTC DAILY FROM 02 TO 04 SEP. ENTERING PROHIBITED.LIAONING MSA CHINA.",https://www.msa.gov.cn/html/cnmsa/hxaq/article/2026/2f78c1603a21101e.html?hav=1jWj6r2hy5di2WEeME7jym9m21,2026-09-01T07:46:52.455248,2026-09-02,2026-09-04
2026-09-01,实弹射击—桂航警196/26,广西海事局,09/02 1100-1700,4,"21.25,108.7333; 21.25,108.5833; 21.3667,108.5833; 21.3667,108.7333",21-15.00N 108-44.00E; 21-15.00N 108-35.00E; 21-22.00N 108-35.00E; 21-22.00N 108-44.00E,桂航警196/26，北部湾，自9月2日1100时至1700时、3日1200时至1600时在21-15.00N 108-44.00E、21-15.00N 108-35.00E、21-22.00N 108-35.00E和21-22.00N 108-44.00E诸点连线范围内进行实弹射击。禁止驶入。,https://www.msa.gov.cn/html/cnmsa/hxaq/article/2026/6dd5ee337c144159ae727564723d58a2.html?hav=1jWj6r2hy5di2WEeMLrIkSGCUy,2026-09-02T07:05:07.808981,2026-09-02,2026-09-02
2026-09-03,军事演练—鲁航警746/26,山东海事局,09/05 0800 至 09/08 0800,5,"35.75,120.0333; 35.475,120.525; 35.3333,120.475; 35.3333,119.8167; 35.4583,119.5917",35-45.00N 120-02.00E; 35-28.50N 120-31.50E; 35-20.00N 120-28.50E; 35-20.00N 119-49.00E; 35-27.50N 119-35.50E,鲁航警746/26，黄海，自9月5日0800时至8日0800时，在35-45.00N 120-02.00E、35-28.50N 120-31.50E、35-20.00N 120-28.50E、35-20.00N 119-49.00E、35-27.50N 119-35.50E五点连线范围内进行军事演练。禁止驶入。撤销鲁航警744/26。,https://www.msa.gov.cn/html/cnmsa/hxaq/article/2026/7a8c6985891541738aa78138394b8b94.html?hav=1jWj6r2hy5di2ZA9TUSsmKhbLW,2026-09-03T07:10:51.983154,2026-09-05,2026-09-08
2026-09-03,MILITARY EXCERCISES—SD688/26,山东海事局,09/05 0000 至 09/08 0000,5,"35.75,120.0333; 35.475,120.525; 35.3333,120.475; 35.3333,119.8167; 35.4583,119.5917",35-45.00N 120-02.00E; 35-28.50N 120-31.50E; 35-20.00N 120-28.50E; 35-20.00N 119-49.00E; 35-27.50N 119-35.50E,"SD688/26 ,YELLOW SEA,MILITARY EXCERCISES IN AREA BOUNDED BY THE LINES JOINING 35-45.00N 120-02.00E，35-28.50N 120-31.50E，35-20.00N 120-28.50E，35-20.00N 119-49.00E，35-27.50N 119-35.50E FROM 050000UTC TO 080000UTC SEP. ENTERING PROHIBITED.SHANDONG MSA CHINA.CANCEL SD686/26.",https://www.msa.gov.cn/html/cnmsa/hxaq/article/2026/0dc66e69adf45fe9.html?hav=1jWj6r2hy5di2ZA9TUSsmKhbLW,2026-09-03T07:10:50.113185,2026-09-05,2026-09-08
2026-09-03,军事演练—鲁航警744/26,山东海事局,09/05 0800 至 09/08 0800,5,"35.75,120.0333; 35.475,121.525; 35.3333,120.475; 35.3333,119.8167; 35.4583,119.5917",35-45.00N 120-02.00E; 35-28.50N 121-31.50E; 35-20.00N 120-28.50E; 35-20.00N 119-49.00E; 35-27.50N 119-35.50E,鲁航警744/26，黄海，自9月5日0800时至8日0800时，在35-45.00N 120-02.00E、35-28.50N 121-31.50E、35-20.00N 120-28.50E、35-20.00N 119-49.00E、35-27.50N 119-35.50E五点连线范围内进行军事演练。禁止驶入。,https://www.msa.gov.cn/html/cnmsa/hxaq/article/2026/ec5d125198c24fb9874de199ec9df15f.html?hav=1jWj6r2hy5di2ZA9TQb6VYv373,2026-09-03T07:10:53.967617,2026-09-05,2026-09-08
2026-09-03,军事任务—辽航警369/26,辽宁海事局,09/04 0700-1700,4,"40.5,121.9667; 40.5,122.0833; 40.4167,121.9667; 40.4167,122.0833",40-30.00N 121-58.00E; 40-30.00N 122-05.00E; 40-25.00N 121-58.00E; 40-25.00N 122-05.00E,辽航警369/26，渤海北部，9月4日0700时至1700时，在 40-30.00N 121-58.00E、40-30.00N 122-05.00E、40-25.00N 121-58.00E和40-25.00N 122-05.00E 诸点连线范围内进行军事演习。禁止驶入。,https://www.msa.gov.cn/html/cnmsa/hxaq/article/2026/32ccb85ec03c42c3a7707e4977679e89.html?hav=1jWj6r2hy5di2ZA9TPJAkvHLhm,2026-09-03T07:10:29.000564,2026-09-04,2026-09-04
2026-09-03,NORTH BOHAI SEA MILITARY EXERCISES—LN318/26,辽宁海事局,09/03 2300 至 09/04 0900,4,"40.5,121.9667; 40.5,122.0833; 40.4167,121.9667; 40.4167,122.0833",40-30.00N 121-58.00E; 40-30.00N 122-05.00E; 40-25.00N 121-58.00E; 40-25.00N 122-05.00E,"LN318/26 , NORTH BOHAI SEA MILITARY MISSION IN AREA BOUNDED BY THE LINES JOINING 40-30.00N 121-58.00E, 40-30.00N 122-05.00E, 40-25.00N 121-58.00E AND 40-25.00N 122-05.00E FROM 032300UTC TO 040900UTC SEP. ENTERING PROHIBITED.LIAONING MSA CHINA.",https://www.msa.gov.cn/html/cnmsa/hxaq/article/2026/f15ec8732d7a553c.html?hav=1jWj6r2hy5di2ZA9TPJAkvHLhm,2026-09-03T07:10:32.046277,2026-09-03,2026-09-04
2026-09-03,MILITARY EXCERCISES—SD686/26,山东海事局,09/05 0000 至 09/08 0000,5,"35.75,120.0333; 35.475,121.525; 35.3333,120.475; 35.3333,119.8167; 35.4583,119.5917",35-45.00N 120-02.00E; 35-28.50N 121-31.50E; 35-20.00N 120-28.50E; 35-20.00N 119-49.00E; 35-27.50N 119-35.50E,"SD686/26 YELLOW SEA,MILITARY EXCERCISES IN AREA BOUNDED BY THE LINES JOINING 35-45.00N 120-02.00E，35-28.50N 121-31.50E，35-20.00N 120-28.50E，35-20.00N 119-49.00E，35-27.50N 119-35.50E FROM 050000UTC TO 080000UTC SEP. ENTERING PROHIBITED.SHANDONG MSA CHINA.",https://www.msa.gov.cn/html/cnmsa/hxaq/article/2026/fe78547c3e01721e.html?hav=1jWj6r2hy5di2ZA9TQb6VYv373,2026-09-03T07:10:57.352761,2026-09-05,2026-09-08
