as_of,target_date,wind_max,gust_max,precip_total,cloud_avg,temp_min,temp_max,flight_ok_ratio,horizon
2026-01-20,2026-01-20,19.0,25.2,0.0,59.23333333333333,2.3,19.1,33.3,0
2026-01-20,2026-01-21,17.7,21.8,0.0,76.2,1.0,20.1,62.5,1
2026-01-20,2026-01-22,21.3,22.2,0.0,67.43333333333334,1.3,24.6,75.0,2
2026-01-20,2026-01-23,17.6,21.3,0.0,64.16666666666667,2.0,22.5,50.0,3
2026-01-20,2026-01-24,20.9,25.0,0.0,59.76666666666667,3.1,22.8,75.0,4
2026-01-20,2026-01-25,19.4,25.9,0.0,72.13333333333334,2.7,23.0,87.5,5
2026-01-20,2026-01-26,18.9,24.0,0.0,75.26666666666667,0.9,22.2,75.0,6
2026-01-20,2026-01-27,18.4,20.3,0.0,74.56666666666666,1.0,26.2,75.0,7
2026-01-21,2026-01-21,20.4,25.1,0.0,62.15,2.8,21.8,62.5,0
2026-01-21,2026-01-22,19.8,23.8,0.0,67.64999999999999,0.8,24.3,75.0,1
2026-01-21,2026-01-23,22.9,21.3,0.0,75.91666666666667,1.3,22.9,50.0,2
2026-01-21,2026-01-24,21.6,23.4,0.0,61.6,0.7,24.4,50.0,3
2026-01-21,2026-01-25,21.6,24.7,0.0,74.64999999999999,1.8,22.8,75.0,4
2026-01-21,2026-01-26,20.6,24.7,0.0,75.0,0.4,26.9,62.5,5
2026-01-21,2026-01-27,22.0,25.6,0.0,69.16666666666667,0.9,24.7,75.0,6
2026-01-21,2026-01-28,17.5,23.3,0.0,76.43333333333334,2.3,22.5,75.0,7
2026-01-22,2026-01-22,18.7,20.6,0.0,67.64999999999999,2.4,21.1,60.0,0
2026-01-22,2026-01-23,19.0,22.9,0.0,67.0,4.0,23.4,75.0,1
2026-01-22,2026-01-24,18.8,20.6,0.01,61.03333333333333,-0.0,26.0,50.0,2
2026-01-22,2026-01-25,18.0,25.8,0.0,66.18333333333334,1.5,23.7,62.5,3
2026-01-22,2026-01-26,20.9,26.2,0.0,79.71666666666667,1.7,25.3,50.0,4
2026-01-22,2026-01-27,21.7,23.8,0.0,69.16666666666667,1.3,23.9,75.0,5
2026-01-22,2026-01-28,17.7,21.3,0.01,81.66666666666667,2.4,24.1,37.5,6
2026-01-22,2026-01-29,17.3,23.9,0.0,66.76666666666667,1.4,25.8,37.5,7
2026-01-23,2026-01-23,17.8,24.0,0.0,77.14999999999999,1.9,24.0,37.5,0
2026-01-23,2026-01-24,18.5,25.0,0.0,69.8,2.7,21.0,62.5,1
2026-01-23,2026-01-25,20.2,23.5,0.0,72.23333333333333,5.1,24.0,50.0,2
2026-01-23,2026-01-26,17.9,20.7,0.0,68.75,5.4,23.6,62.5,3
2026-01-23,2026-01-27,18.3,21.8,0.0,73.71666666666667,3.2,24.0,62.5,4
2026-01-23,2026-01-28,19.4,24.7,0.0,75.55,4.8,25.1,62.5,5
2026-01-23,2026-01-29,20.2,26.2,0.01,74.66666666666667,0.9,23.4,75.0,6
2026-01-23,2026-01-30,20.6,23.8,0.0,72.60000000000001,4.4,23.6,62.5,7
2026-01-24,2026-01-24,19.2,24.9,0.0,63.65,4.6,23.4,60.0,0
2026-01-24,2026-01-25,22.1,25.3,0.0,64.55,5.7,25.9,37.5,1
2026-01-24,2026-01-26,15.5,19.3,0.0,69.55,3.9,25.6,62.5,2
2026-01-24,2026-01-27,17.5,21.9,0.0,67.66666666666667,4.8,23.4,75.0,3
2026-01-24,2026-01-28,20.7,21.1,0.0,63.73333333333333,4.0,24.6,62.5,4
2026-01-24,2026-01-29,19.5,24.1,0.0,66.11666666666666,4.2,22.8,50.0,5
2026-01-24,2026-01-30,20.1,23.7,0.0,68.25,5.1,24.7,75.0,6
2026-01-24,2026-01-31,19.2,22.4,0.0,70.6,5.4,25.0,62.5,7
2026-01-25,2026-01-25,18.7,22.7,0.0,61.333333333333336,4.9,26.5,60.0,0
2026-01-25,2026-01-26,17.8,19.2,0.0,64.13333333333334,4.7,26.3,87.5,1
2026-01-25,2026-01-27,18.7,22.9,0.0,63.1,3.5,23.1,75.0,2
2026-01-25,2026-01-28,18.1,23.1,0.0,68.45,3.3,25.9,50.0,3
2026-01-25,2026-01-29,18.1,19.4,0.01,60.333333333333336,3.0,24.2,75.0,4
2026-01-25,2026-01-30,17.2,25.1,0.0,67.01666666666667,4.4,25.7,62.5,5
2026-01-25,2026-01-31,16.1,22.2,0.0,62.699999999999996,4.0,23.8,62.5,6
2026-01-25,2026-02-01,19.9,25.1,0.0,62.9,4.4,24.0,62.5,7
2026-01-26,2026-01-26,17.6,21.4,0.0,56.583333333333336,5.2,25.2,75.0,0
2026-01-26,2026-01-27,17.3,21.9,0.0,60.76666666666667,3.9,23.8,87.5,1
2026-01-26,2026-01-28,14.8,20.9,0.0,64.93333333333334,3.7,24.9,75.0,2
2026-01-26,2026-01-29,18.2,22.2,0.0,62.96666666666667,3.7,25.9,75.0,3
2026-01-26,2026-01-30,16.8,19.8,0.0,60.06666666666666,3.7,25.6,87.5,4
2026-01-26,2026-01-31,17.1,20.0,0.0,53.26666666666667,3.9,23.1,62.5,5
2026-01-26,2026-02-01,18.0,23.0,0.0,57.98333333333333,3.8,24.3,62.5,6
2026-01-26,2026-02-02,17.9,19.2,0.0,57.583333333333336,4.4,26.7,62.5,7
2026-01-27,2026-01-27,17.7,26.6,0.0,65.98333333333333,3.8,21.9,40.0,0
2026-01-27,2026-01-28,16.9,21.7,0.0,57.88333333333333,3.5,27.5,75.0,1
2026-01-27,2026-01-29,16.7,18.4,0.0,56.416666666666664,5.3,25.0,75.0,2
2026-01-27,2026-01-30,16.4,20.0,0.0,65.86666666666666,5.3,24.1,62.5,3
2026-01-27,2026-01-31,16.3,22.4,0.0,70.21666666666667,3.7,26.7,75.0,4
2026-01-27,2026-02-01,16.6,24.5,0.0,73.36666666666666,4.3,23.2,75.0,5
2026-01-27,2026-02-02,15.3,19.0,0.0,63.23333333333333,3.5,26.4,62.5,6
2026-01-27,2026-02-03,17.3,22.7,0.0,64.5,4.8,24.2,75.0,7
2026-01-28,2026-01-28,15.8,21.3,0.0,66.98333333333333,6.2,26.3,80.0,0
2026-01-28,2026-01-29,18.4,21.3,0.0,70.25,3.2,25.7,75.0,1
2026-01-28,2026-01-30,16.0,20.8,0.0,59.916666666666664,5.4,24.8,62.5,2
2026-01-28,2026-01-31,17.2,23.3,0.0,54.23333333333334,4.9,23.5,50.0,3
2026-01-28,2026-02-01,17.5,22.0,0.0,60.75,3.0,26.7,62.5,4
2026-01-28,2026-02-02,17.0,19.5,0.0,66.68333333333334,3.5,24.4,75.0,5
2026-01-28,2026-02-03,17.2,19.8,0.0,63.03333333333333,4.5,24.2,75.0,6
2026-01-28,2026-02-04,17.4,20.8,0.0,56.36666666666667,4.1,27.2,62.5,7
2026-01-29,2026-01-29,17.6,26.6,0.0,73.66666666666667,-2.7,26.1,71.4,0
2026-01-29,2026-01-30,17.8,28.4,0.0,74.33333333333333,-1.4,23.3,50.0,1
2026-01-29,2026-01-31,22.5,29.8,0.0,75.83333333333333,-2.9,24.0,75.0,2
2026-01-29,2026-02-01,22.7,28.2,0.0,75.58333333333333,0.4,23.7,62.5,3
2026-01-29,2026-02-02,18.0,28.0,0.0,83.2,3.4,26.2,62.5,4
2026-01-29,2026-02-03,19.4,21.9,0.0,73.86666666666666,-2.0,25.4,50.0,5
2026-01-29,2026-02-04,17.1,27.0,0.01,72.71666666666667,-3.1,25.4,62.5,6
2026-01-29,2026-02-05,21.4,23.6,0.0,70.81666666666666,4.2,23.6,75.0,7
2026-01-30,2026-01-30,20.7,20.4,0.0,59.81666666666666,3.6,22.9,60.0,0
2026-01-30,2026-01-31,19.8,27.0,0.0,67.16666666666667,3.1,25.1,62.5,1
2026-01-30,2026-02-01,19.8,30.1,0.0,66.8,-1.4,25.8,75.0,2
2026-01-30,2026-02-02,20.7,24.8,0.0,50.63333333333333,1.3,26.1,62.5,3
2026-01-30,2026-02-03,18.7,24.3,0.0,54.6,1.0,22.8,62.5,4
2026-01-30,2026-02-04,21.1,24.6,0.0,61.449999999999996,1.9,25.6,62.5,5
2026-01-30,2026-02-05,19.8,26.1,0.0,53.550000000000004,1.2,23.0,62.5,6
2026-01-30,2026-02-06,20.5,22.4,0.0,63.383333333333326,-1.0,25.9,62.5,7
2026-01-31,2026-01-31,19.4,24.5,0.0,66.08333333333333,2.7,23.5,80.0,0
2026-01-31,2026-02-01,20.6,26.0,0.0,50.88333333333333,2.7,24.7,87.5,1
2026-01-31,2026-02-02,18.5,22.3,0.0,57.75,3.1,26.4,62.5,2
2026-01-31,2026-02-03,22.0,24.1,0.0,64.43333333333334,3.9,26.0,62.5,3
2026-01-31,2026-02-04,19.8,23.9,0.0,56.43333333333334,3.8,22.1,75.0,4
2026-01-31,2026-02-05,16.7,27.2,0.0,57.03333333333333,4.6,25.8,62.5,5
2026-01-31,2026-02-06,17.2,22.9,0.0,47.083333333333336,4.0,23.1,75.0,6
2026-01-31,2026-02-07,18.1,25.2,0.0,61.23333333333333,2.7,25.8,62.5,7
2026-02-01,2026-02-01,20.4,23.0,0.0,61.166666666666664,2.7,23.0,60.0,0
2026-02-01,2026-02-02,19.9,23.7,0.0,56.68333333333334,0.9,27.1,62.5,1
2026-02-01,2026-02-03,19.8,22.6,0.0,54.51666666666667,2.0,27.2,75.0,2
2026-02-01,2026-02-04,19.3,24.5,0.0,65.43333333333334,1.8,22.9,75.0,3
2026-02-01,2026-02-05,21.2,27.2,0.0,57.73333333333333,1.0,25.9,87.5,4
2026-02-01,2026-02-06,19.0,24.7,0.0,68.21666666666667,1.9,24.1,62.5,5
2026-02-01,2026-02-07,18.6,29.0,0.0,56.26666666666667,2.4,26.4,62.5,6
2026-02-01,2026-02-08,20.7,24.0,0.0,69.43333333333334,0.6,26.4,62.5,7
2026-02-02,2026-02-02,20.4,28.9,0.01,56.300000000000004,3.2,27.9,75.0,0
2026-02-02,2026-02-03,19.2,25.9,0.0,59.5,1.1,21.4,62.5,1
2026-02-02,2026-02-04,18.7,27.0,0.0,61.949999999999996,1.1,25.1,75.0,2
2026-02-02,2026-02-05,19.7,26.2,0.0,46.28333333333333,2.0,27.8,75.0,3
2026-02-02,2026-02-06,17.6,28.1,0.0,66.08333333333333,3.0,25.6,87.5,4
2026-02-02,2026-02-07,18.9,25.8,0.0,53.333333333333336,2.1,22.9,75.0,5
2026-02-02,2026-02-08,18.5,23.1,0.0,52.65,2.5,23.7,87.5,6
2026-02-02,2026-02-09,17.4,25.9,0.0,68.16666666666667,2.2,27.8,62.5,7
2026-02-03,2026-02-03,20.4,23.8,0.0,72.18333333333334,1.6,23.0,80.0,0
2026-02-03,2026-02-04,20.3,25.8,0.0,58.63333333333333,1.1,28.1,75.0,1
2026-02-03,2026-02-05,21.4,28.5,0.0,58.0,2.0,23.9,62.5,2
2026-02-03,2026-02-06,22.3,25.0,0.0,46.15,1.8,24.7,75.0,3
2026-02-03,2026-02-07,17.8,24.2,0.0,69.64999999999999,1.0,26.3,75.0,4
2026-02-03,2026-02-08,20.1,23.3,0.0,57.26666666666667,0.8,23.6,75.0,5
2026-02-03,2026-02-09,19.8,25.9,0.0,54.88333333333333,1.5,28.2,75.0,6
2026-02-03,2026-02-10,22.6,27.2,0.0,64.46666666666667,0.9,28.0,62.5,7
2026-02-04,2026-02-04,20.6,25.8,0.0,55.550000000000004,1.2,23.4,75.0,0
2026-02-04,2026-02-05,19.5,25.7,0.0,68.13333333333334,1.1,23.0,37.5,1
2026-02-04,2026-02-06,21.6,24.2,0.0,65.21666666666667,1.4,22.7,75.0,2
2026-02-04,2026-02-07,19.0,24.7,0.0,63.833333333333336,2.9,27.2,75.0,3
2026-02-04,2026-02-08,18.8,26.9,0.0,69.31666666666666,1.2,26.1,50.0,4
2026-02-04,2026-02-09,17.0,24.7,0.0,54.949999999999996,1.5,27.5,75.0,5
2026-02-04,2026-02-10,18.8,25.3,0.0,65.11666666666666,3.7,24.7,75.0,6
2026-02-04,2026-02-11,17.4,23.5,0.0,62.75,1.5,27.7,62.5,7
2026-02-05,2026-02-05,19.4,24.8,0.0,51.86666666666667,0.9,27.3,40.0,0
2026-02-05,2026-02-06,22.9,29.6,0.0,66.86666666666666,1.4,27.3,62.5,1
2026-02-05,2026-02-07,17.5,26.1,0.0,55.333333333333336,1.3,24.8,62.5,2
2026-02-05,2026-02-08,20.4,27.7,0.0,53.48888888888889,1.8,27.1,62.5,3
2026-02-05,2026-02-09,20.4,24.8,0.0,59.92222222222222,1.1,23.9,75.0,4
2026-02-05,2026-02-10,21.4,27.7,0.0,57.28888888888889,1.8,24.9,75.0,5
2026-02-05,2026-02-11,19.1,23.8,0.0,56.388888888888886,1.0,27.6,62.5,6
2026-02-05,2026-02-12,19.6,29.6,0.0,57.766666666666666,1.8,27.4,50.0,7
2026-02-06,2026-02-06,18.3,24.5,0.0,44.56666666666666,1.0,25.4,50.0,0
2026-02-06,2026-02-07,17.1,23.9,0.0,57.13333333333333,0.6,26.9,62.5,1
2026-02-06,2026-02-08,20.5,24.9,0.0,47.199999999999996,0.9,27.2,75.0,2
2026-02-06,2026-02-09,17.9,26.2,0.0,45.9,1.1,28.0,62.5,3
2026-02-06,2026-02-10,17.5,24.4,0.0,51.06666666666666,0.8,27.3,75.0,4
2026-02-06,2026-02-11,19.9,24.2,0.0,53.23333333333333,0.9,24.1,62.5,5
2026-02-06,2026-02-12,18.6,24.2,0.0,63.18333333333334,0.9,27.7,75.0,6
2026-02-06,2026-02-13,19.8,26.1,0.0,59.78333333333334,1.1,28.5,62.5,7
2026-02-07,2026-02-07,17.3,24.6,0.0,45.71666666666667,1.0,28.3,75.0,0
2026-02-07,2026-02-08,17.5,26.9,0.0,43.46666666666667,0.7,25.9,50.0,1
2026-02-07,2026-02-09,17.3,23.9,0.02,46.93333333333334,0.9,25.4,37.5,2
2026-02-07,2026-02-10,16.2,23.6,0.0,49.71666666666667,2.6,29.8,62.5,3
2026-02-07,2026-02-11,16.3,24.6,0.01,55.01666666666667,0.9,28.4,62.5,4
2026-02-07,2026-02-12,18.8,29.7,0.0,48.78333333333333,0.5,28.7,62.5,5
2026-02-07,2026-02-13,18.7,23.3,0.02,46.53333333333333,0.9,24.8,37.5,6
2026-02-07,2026-02-14,16.5,24.5,0.01,39.65,0.8,25.8,62.5,7
2026-02-08,2026-02-08,16.4,21.4,0.0,49.96666666666667,0.7,26.9,62.5,0
2026-02-08,2026-02-09,17.6,22.5,0.0,48.083333333333336,4.3,27.7,50.0,1
2026-02-08,2026-02-10,13.2,26.5,0.0,45.833333333333336,0.8,28.4,37.5,2
2026-02-08,2026-02-11,17.4,25.0,0.0,43.083333333333336,1.0,27.8,62.5,3
2026-02-08,2026-02-12,18.4,22.3,0.01,39.583333333333336,0.7,25.5,50.0,4
2026-02-08,2026-02-13,17.3,28.2,0.0,51.15,0.9,27.5,87.5,5
2026-02-08,2026-02-14,14.4,26.2,0.0,54.38333333333333,0.9,29.5,50.0,6
2026-02-08,2026-02-15,16.5,23.9,0.0,42.083333333333336,6.2,28.3,50.0,7
2026-02-09,2026-02-09,15.9,25.2,0.0,60.949999999999996,6.4,27.2,75.0,0
2026-02-09,2026-02-10,15.6,25.6,0.0,54.46666666666667,1.0,26.9,62.5,1
2026-02-09,2026-02-11,15.1,22.7,0.0,39.333333333333336,6.2,25.6,62.5,2
2026-02-09,2026-02-12,14.9,25.5,0.0,51.56666666666666,4.8,27.9,75.0,3
2026-02-09,2026-02-13,16.0,23.4,0.01,54.20000000000001,5.9,28.8,62.5,4
2026-02-09,2026-02-14,17.3,27.9,0.0,50.583333333333336,6.0,28.0,50.0,5
2026-02-09,2026-02-15,16.3,20.8,0.0,53.6,2.4,28.6,62.5,6
2026-02-09,2026-02-16,15.9,28.2,0.0,52.333333333333336,6.4,28.1,75.0,7
2026-02-10,2026-02-10,17.5,23.8,0.0,50.13333333333333,2.5,25.3,40.0,0
2026-02-10,2026-02-11,13.8,28.1,0.0,54.166666666666664,4.4,29.0,87.5,1
2026-02-10,2026-02-12,21.5,24.0,0.0,49.73333333333333,5.1,27.0,75.0,2
2026-02-10,2026-02-13,17.6,24.0,0.0,53.68333333333334,4.1,25.5,62.5,3
2026-02-10,2026-02-14,18.8,23.6,0.0,52.96666666666667,3.3,29.0,75.0,4
2026-02-10,2026-02-15,20.0,32.5,0.0,50.35,5.3,26.4,62.5,5
2026-02-10,2026-02-16,21.3,24.7,0.0,47.51666666666666,5.9,28.2,50.0,6
2026-02-10,2026-02-17,17.2,22.4,0.01,50.083333333333336,4.7,26.8,50.0,7
2026-02-11,2026-02-11,15.5,24.2,0.0,62.48333333333333,4.2,27.3,75.0,0
2026-02-11,2026-02-12,17.4,24.2,0.01,57.699999999999996,3.8,28.2,62.5,1
2026-02-11,2026-02-13,16.2,27.0,0.0,55.51666666666667,4.4,26.1,37.5,2
2026-02-11,2026-02-14,17.6,24.1,0.0,65.10000000000001,4.3,27.8,50.0,3
2026-02-11,2026-02-15,15.6,18.9,0.0,49.71666666666667,5.3,26.1,50.0,4
2026-02-11,2026-02-16,14.7,25.7,0.01,69.64999999999999,5.4,26.5,62.5,5
2026-02-11,2026-02-17,15.3,18.0,0.01,50.78333333333333,4.8,28.6,62.5,6
2026-02-11,2026-02-18,14.1,23.3,0.0,55.21666666666667,5.5,28.4,50.0,7
2026-02-12,2026-02-12,13.8,22.4,0.0,61.61666666666667,5.9,27.9,80.0,0
2026-02-12,2026-02-13,18.8,33.2,0.0,56.916666666666664,5.5,27.6,50.0,1
2026-02-12,2026-02-14,14.5,27.0,0.0,56.03333333333333,6.0,25.5,50.0,2
2026-02-12,2026-02-15,18.7,34.0,0.01,63.53333333333333,5.3,26.7,50.0,3
2026-02-12,2026-02-16,15.8,29.8,0.0,63.15,4.2,28.4,62.5,4
2026-02-12,2026-02-17,18.3,27.9,0.0,55.54999999999999,5.4,28.7,62.5,5
2026-02-12,2026-02-18,17.9,26.8,0.0,56.56666666666667,5.5,29.1,75.0,6
2026-02-12,2026-02-19,17.2,19.5,0.01,59.01666666666667,5.8,28.4,62.5,7
2026-02-13,2026-02-13,19.8,24.0,0.0,47.73333333333333,6.8,29.1,40.0,0
2026-02-13,2026-02-14,17.1,30.5,0.0,59.68333333333334,5.1,26.2,62.5,1
2026-02-13,2026-02-15,16.4,29.5,0.0,57.53333333333333,5.3,29.6,75.0,2
2026-02-13,2026-02-16,18.4,29.9,0.0,43.050000000000004,5.2,28.8,62.5,3
2026-02-13,2026-02-17,18.6,28.3,0.0,50.01666666666667,5.2,27.7,62.5,4
2026-02-13,2026-02-18,17.6,16.5,0.01,52.150000000000006,4.9,28.8,62.5,5
2026-02-13,2026-02-19,20.9,27.0,0.0,56.71666666666667,5.5,27.7,50.0,6
2026-02-13,2026-02-20,19.6,31.6,0.0,53.26666666666667,5.4,25.4,37.5,7
2026-02-14,2026-02-14,20.2,26.4,0.01,73.16666666666667,4.7,29.0,80.0,0
2026-02-14,2026-02-15,21.6,29.6,0.0,61.083333333333336,5.3,30.1,87.5,1
2026-02-14,2026-02-16,24.2,25.6,0.0,60.5,4.6,25.7,62.5,2
2026-02-14,2026-02-17,18.6,26.9,0.01,65.13333333333334,4.6,28.9,62.5,3
2026-02-14,2026-02-18,20.2,32.3,0.0,59.43333333333333,5.0,28.8,62.5,4
2026-02-14,2026-02-19,22.3,30.5,0.01,54.199999999999996,4.3,30.1,62.5,5
2026-02-14,2026-02-20,21.6,26.2,0.01,56.51666666666667,4.0,25.9,62.5,6
2026-02-14,2026-02-21,19.2,31.0,0.01,52.63333333333333,5.9,28.1,62.5,7
2026-02-15,2026-02-15,22.8,33.1,0.01,65.83333333333333,3.4,28.9,33.3,0
2026-02-15,2026-02-16,22.6,30.4,0.0,68.5,2.3,27.3,62.5,1
2026-02-15,2026-02-17,21.9,27.9,0.0,55.011111111111106,2.5,29.6,37.5,2
2026-02-15,2026-02-18,21.4,32.9,0.0,66.30000000000001,3.9,29.8,62.5,3
2026-02-15,2026-02-19,23.6,28.5,0.0,68.1,4.3,27.4,62.5,4
2026-02-15,2026-02-20,21.0,30.1,0.0,69.64444444444445,3.2,29.8,62.5,5
2026-02-15,2026-02-21,21.8,26.3,0.0,64.86666666666666,3.0,26.3,62.5,6
2026-02-15,2026-02-22,22.4,29.1,0.0,66.82222222222222,3.6,29.6,50.0,7
2026-02-16,2026-02-16,20.8,26.8,0.0,55.6,4.2,25.7,75.0,0
2026-02-16,2026-02-17,19.2,22.9,0.0,50.06666666666666,3.3,29.5,62.5,1
2026-02-16,2026-02-18,22.0,25.6,0.0,62.800000000000004,3.9,25.2,75.0,2
2026-02-16,2026-02-19,23.9,29.2,0.0,64.0,4.7,28.8,75.0,3
2026-02-16,2026-02-20,21.2,27.5,0.01,63.333333333333336,4.2,28.6,62.5,4
2026-02-16,2026-02-21,17.8,31.7,0.0,61.48333333333333,2.7,27.4,50.0,5
2026-02-16,2026-02-22,18.3,27.0,0.0,63.13333333333333,4.5,26.3,75.0,6
2026-02-16,2026-02-23,23.0,25.7,0.0,64.26666666666667,3.6,29.5,62.5,7
2026-02-17,2026-02-17,15.0,21.3,0.0,61.333333333333336,6.1,27.1,60.0,0
2026-02-17,2026-02-18,18.1,26.7,0.01,66.75,4.9,28.5,62.5,1
2026-02-17,2026-02-19,16.2,26.4,0.0,68.86666666666666,5.7,23.9,62.5,2
2026-02-17,2026-02-20,17.6,22.0,0.0,66.63333333333334,4.2,28.0,50.0,3
2026-02-17,2026-02-21,19.1,22.0,0.01,59.53333333333333,5.2,28.7,62.5,4
2026-02-17,2026-02-22,20.2,28.8,0.0,70.3,4.6,27.7,62.5,5
2026-02-17,2026-02-23,22.6,26.8,0.0,65.56666666666668,6.0,27.6,62.5,6
2026-02-17,2026-02-24,21.5,20.7,0.01,67.68333333333334,5.1,27.5,62.5,7
2026-02-18,2026-02-18,14.0,27.6,0.0,59.21666666666667,7.7,26.7,37.5,0
2026-02-18,2026-02-19,17.5,28.2,0.01,83.43333333333334,6.7,27.3,50.0,1
2026-02-18,2026-02-20,16.2,24.6,0.0,79.35,6.9,26.2,75.0,2
2026-02-18,2026-02-21,18.8,26.1,0.0,75.75,6.8,25.1,50.0,3
2026-02-18,2026-02-22,17.3,28.3,0.0,64.8,7.0,27.0,62.5,4
2026-02-18,2026-02-23,16.1,28.8,0.0,77.45,7.7,25.8,50.0,5
2026-02-18,2026-02-24,17.7,24.8,0.0,73.5,6.6,27.4,37.5,6
2026-02-18,2026-02-25,16.5,33.2,0.0,69.0,7.3,26.1,62.5,7
2026-02-19,2026-02-19,17.9,24.7,0.0,73.3,6.7,24.5,40.0,0
2026-02-19,2026-02-20,18.4,28.2,0.0,76.48333333333333,8.0,28.3,62.5,1
2026-02-19,2026-02-21,17.7,24.2,0.01,83.86666666666666,6.6,25.9,75.0,2
2026-02-19,2026-02-22,18.2,26.8,0.0,78.96666666666667,8.1,28.5,75.0,3
2026-02-19,2026-02-23,18.8,28.5,0.0,89.38333333333333,7.8,27.3,62.5,4
2026-02-19,2026-02-24,19.9,24.9,0.01,68.75,6.8,29.1,37.5,5
2026-02-19,2026-02-25,19.5,27.8,0.0,80.25,7.0,27.0,50.0,6
2026-02-19,2026-02-26,14.5,26.6,0.0,77.28333333333333,7.8,27.0,75.0,7
2026-02-20,2026-02-20,16.0,29.0,0.01,81.38333333333334,7.9,25.4,40.0,0
2026-02-20,2026-02-21,16.2,27.9,0.0,83.18333333333334,7.7,28.3,62.5,1
2026-02-20,2026-02-22,19.1,29.2,0.01,71.06666666666666,7.1,27.5,75.0,2
2026-02-20,2026-02-23,15.3,27.7,0.01,81.58333333333333,7.3,29.0,50.0,3
2026-02-20,2026-02-24,15.7,29.1,0.0,73.63333333333334,8.2,26.8,50.0,4
2026-02-20,2026-02-25,17.6,27.0,0.01,82.60000000000001,7.2,28.3,62.5,5
2026-02-20,2026-02-26,19.7,25.7,0.0,88.91666666666667,7.1,27.2,50.0,6
2026-02-20,2026-02-27,19.1,26.3,0.01,82.51666666666667,7.0,28.9,62.5,7
2026-02-21,2026-02-21,18.5,22.5,0.01,86.96666666666665,7.3,25.2,40.0,0
2026-02-21,2026-02-22,15.9,25.0,0.0,81.0,5.4,28.9,62.5,1
2026-02-21,2026-02-23,15.9,25.0,0.02,92.11666666666667,7.5,26.7,62.5,2
2026-02-21,2026-02-24,17.7,25.0,0.0,93.71666666666665,6.2,28.0,37.5,3
2026-02-21,2026-02-25,18.9,27.9,0.02,93.31666666666666,7.2,28.4,62.5,4
2026-02-21,2026-02-26,16.2,26.2,0.02,80.73333333333333,7.3,26.4,50.0,5
2026-02-21,2026-02-27,21.3,29.4,0.0,90.78333333333335,6.8,27.5,50.0,6
2026-02-21,2026-02-28,16.2,28.1,0.0,88.33333333333333,6.7,25.1,50.0,7
2026-02-22,2026-02-22,18.2,29.8,0.01,93.81666666666666,6.7,27.5,60.0,0
2026-02-22,2026-02-23,23.9,26.2,0.02,88.66666666666667,5.0,24.7,37.5,1
2026-02-22,2026-02-24,20.0,26.5,0.01,88.08333333333333,5.2,27.0,37.5,2
2026-02-22,2026-02-25,22.1,25.8,0.0,82.73333333333333,6.3,28.0,25.0,3
2026-02-22,2026-02-26,20.8,30.8,0.0,93.26666666666667,5.5,26.6,50.0,4
2026-02-22,2026-02-27,21.9,26.8,0.01,91.85000000000001,6.8,28.6,37.5,5
2026-02-22,2026-02-28,24.0,28.4,0.02,89.39999999999999,7.1,27.4,62.5,6
2026-02-22,2026-03-01,20.1,26.8,0.0,87.10000000000001,5.4,27.9,37.5,7
2026-02-23,2026-02-23,19.7,23.3,0.0,95.11666666666667,3.5,29.1,37.5,0
2026-02-23,2026-02-24,19.2,28.4,0.0,91.21666666666665,5.4,26.4,62.5,1
2026-02-23,2026-02-25,21.7,26.5,0.0,90.78333333333335,6.1,27.0,50.0,2
2026-02-23,2026-02-26,21.5,26.5,0.01,89.89999999999999,7.4,26.3,50.0,3
2026-02-23,2026-02-27,16.4,26.7,0.0,89.76666666666667,5.2,28.5,37.5,4
2026-02-23,2026-02-28,21.5,27.2,0.0,76.78333333333333,3.6,27.1,50.0,5
2026-02-23,2026-03-01,19.5,25.1,0.01,88.7,4.0,29.6,25.0,6
2026-02-23,2026-03-02,21.8,28.8,0.01,85.53333333333335,7.8,25.3,50.0,7
2026-02-24,2026-02-24,18.4,26.4,0.01,92.36666666666667,4.3,23.4,37.5,0
2026-02-24,2026-02-25,18.9,25.6,0.01,91.95,4.9,25.7,50.0,1
2026-02-24,2026-02-26,19.7,25.0,0.0,96.14999999999999,6.5,26.2,37.5,2
2026-02-24,2026-02-27,18.8,25.8,0.01,87.56666666666666,6.7,26.0,50.0,3
2026-02-24,2026-02-28,17.6,26.8,0.01,91.91666666666667,3.7,26.7,25.0,4
2026-02-24,2026-03-01,25.2,24.5,0.0,94.06666666666666,5.0,25.9,62.5,5
2026-02-24,2026-03-02,16.5,23.8,0.0,88.96666666666665,4.0,25.5,37.5,6
2026-02-24,2026-03-03,20.9,25.7,0.0,83.83333333333333,5.8,27.8,12.5,7
2026-02-25,2026-02-25,18.9,25.0,0.01,90.05,6.4,23.1,40.0,0
2026-02-25,2026-02-26,20.4,31.2,0.01,86.05,5.8,26.1,37.5,1
2026-02-25,2026-02-27,22.5,21.3,0.01,84.33333333333333,7.0,25.6,50.0,2
2026-02-25,2026-02-28,21.0,23.9,0.0,87.98333333333333,6.4,22.0,37.5,3
2026-02-25,2026-03-01,19.4,28.6,0.01,83.10000000000001,6.1,28.7,12.5,4
2026-02-25,2026-03-02,20.4,25.7,0.0,94.83333333333333,5.2,24.0,37.5,5
2026-02-25,2026-03-03,17.5,23.4,0.0,73.75,5.0,27.5,50.0,6
2026-02-25,2026-03-04,17.7,28.8,0.0,91.11666666666667,4.2,28.4,37.5,7
2026-02-26,2026-02-26,15.7,21.6,0.01,85.41666666666667,7.2,21.9,62.5,0
2026-02-26,2026-02-27,19.4,29.5,0.0,88.51666666666667,7.1,25.7,37.5,1
2026-02-26,2026-02-28,17.0,28.3,0.0,83.05,7.1,24.1,50.0,2
2026-02-26,2026-03-01,19.2,29.3,0.01,90.3,7.8,25.3,50.0,3
2026-02-26,2026-03-02,19.4,23.3,0.02,91.48333333333333,6.9,26.2,62.5,4
2026-02-26,2026-03-03,20.8,29.1,0.02,88.68333333333334,6.0,25.9,50.0,5
2026-02-26,2026-03-04,18.4,23.4,0.0,87.35000000000001,7.4,22.8,50.0,6
2026-02-26,2026-03-05,18.2,30.8,0.01,85.35000000000001,7.7,26.8,50.0,7
2026-02-27,2026-02-27,17.3,24.5,0.01,79.01666666666667,7.2,25.0,60.0,0
2026-02-27,2026-02-28,19.2,26.9,0.02,85.88333333333334,7.0,27.3,62.5,1
2026-02-27,2026-03-01,21.5,23.6,0.0,88.95,4.2,25.6,62.5,2
2026-02-27,2026-03-02,19.3,24.1,0.01,81.43333333333334,4.7,25.9,62.5,3
2026-02-27,2026-03-03,17.2,26.3,0.01,84.63333333333334,6.0,27.1,62.5,4
2026-02-27,2026-03-04,18.8,26.9,0.0,72.2,6.4,24.1,75.0,5
2026-02-27,2026-03-05,16.3,26.9,0.01,83.14999999999999,6.7,28.2,50.0,6
2026-02-27,2026-03-06,17.8,22.0,0.0,81.73333333333333,4.5,25.7,37.5,7
2026-02-28,2026-02-28,18.6,24.4,0.0,79.61666666666666,4.0,26.4,62.5,0
2026-02-28,2026-03-01,21.9,26.8,0.01,75.78333333333333,5.6,25.6,50.0,1
2026-02-28,2026-03-02,21.6,26.5,0.01,82.43333333333334,5.2,25.0,75.0,2
2026-02-28,2026-03-03,17.3,27.2,0.01,87.46666666666665,5.6,24.0,75.0,3
2026-02-28,2026-03-04,19.6,25.9,0.0,83.89999999999999,4.3,24.8,50.0,4
2026-02-28,2026-03-05,18.7,27.9,0.0,80.14999999999999,4.9,25.3,37.5,5
2026-02-28,2026-03-06,18.9,24.7,0.0,76.06666666666666,4.9,23.7,62.5,6
2026-02-28,2026-03-07,18.6,22.3,0.02,85.63333333333333,4.4,25.7,25.0,7
2026-03-01,2026-03-01,18.2,22.1,0.0,73.18333333333334,4.4,26.1,60.0,0
2026-03-01,2026-03-02,19.3,34.6,0.01,72.71666666666667,4.9,25.7,62.5,1
2026-03-01,2026-03-03,19.1,23.2,0.0,80.73333333333333,4.7,22.0,37.5,2
2026-03-01,2026-03-04,19.6,29.2,0.0,84.75,4.4,24.2,62.5,3
2026-03-01,2026-03-05,19.2,36.1,0.01,75.51666666666667,4.0,25.3,50.0,4
2026-03-01,2026-03-06,17.9,33.7,0.0,78.05,5.0,24.7,62.5,5
2026-03-01,2026-03-07,18.2,23.2,0.0,81.96666666666667,5.5,25.3,75.0,6
2026-03-01,2026-03-08,24.6,32.4,0.0,85.7,4.2,22.1,62.5,7
2026-03-02,2026-03-02,17.5,25.5,0.0,62.68333333333334,6.8,25.6,75.0,0
2026-03-02,2026-03-03,20.4,34.7,0.0,70.68333333333334,6.7,26.0,75.0,1
2026-03-02,2026-03-04,25.0,29.7,0.0,72.05,4.4,26.4,75.0,2
2026-03-02,2026-03-05,20.6,22.9,0.01,75.0,4.6,26.0,75.0,3
2026-03-02,2026-03-06,21.6,22.2,0.0,78.8,5.4,23.7,75.0,4
2026-03-02,2026-03-07,19.8,32.8,0.0,70.10000000000001,5.0,25.1,62.5,5
2026-03-02,2026-03-08,18.8,32.9,0.0,69.76666666666667,5.7,26.4,75.0,6
2026-03-02,2026-03-09,18.1,24.2,0.0,79.60000000000001,5.2,26.0,75.0,7
2026-03-03,2026-03-03,18.0,26.3,0.0,56.65,6.4,26.8,62.5,0
2026-03-03,2026-03-04,19.0,24.9,0.0,68.60000000000001,5.9,25.2,62.5,1
2026-03-03,2026-03-05,18.3,22.1,0.0,77.68333333333334,5.2,24.6,87.5,2
2026-03-03,2026-03-06,19.9,27.3,0.0,69.16666666666667,4.7,25.7,87.5,3
2026-03-03,2026-03-07,19.0,25.9,0.0,60.833333333333336,4.8,25.8,75.0,4
2026-03-03,2026-03-08,19.4,25.4,0.0,65.88333333333334,5.5,24.2,75.0,5
2026-03-03,2026-03-09,19.8,25.7,0.0,59.23333333333333,5.2,26.4,62.5,6
2026-03-03,2026-03-10,20.6,27.2,0.0,66.23333333333333,5.5,24.8,75.0,7
2026-03-04,2026-03-04,18.4,26.5,0.0,63.43333333333334,5.5,25.0,80.0,0
2026-03-04,2026-03-05,19.9,28.0,0.0,62.81666666666666,5.2,26.3,62.5,1
2026-03-04,2026-03-06,21.5,24.3,0.0,63.666666666666664,4.8,27.3,62.5,2
2026-03-04,2026-03-07,17.8,23.6,0.0,54.150000000000006,5.2,25.5,62.5,3
2026-03-04,2026-03-08,20.8,26.7,0.0,64.86666666666666,5.0,24.2,75.0,4
2026-03-04,2026-03-09,18.7,23.8,0.0,62.63333333333333,5.8,25.0,75.0,5
2026-03-04,2026-03-10,18.0,23.6,0.0,63.21666666666667,5.2,26.7,62.5,6
2026-03-04,2026-03-11,20.2,23.2,0.0,55.583333333333336,4.9,24.2,62.5,7
2026-03-05,2026-03-05,19.3,27.9,0.0,61.96666666666667,4.8,25.4,87.5,0
2026-03-05,2026-03-06,20.9,25.7,0.0,59.916666666666664,5.7,25.0,87.5,1
2026-03-05,2026-03-07,20.3,25.9,0.0,58.23333333333333,5.7,26.1,75.0,2
2026-03-05,2026-03-08,20.0,27.2,0.0,52.96666666666667,5.5,25.7,50.0,3
2026-03-05,2026-03-09,20.1,24.7,0.0,66.39999999999999,5.0,25.7,75.0,4
2026-03-05,2026-03-10,18.9,26.5,0.0,51.6,5.9,25.2,75.0,5
2026-03-05,2026-03-11,20.8,25.4,0.0,46.73333333333333,5.7,22.6,87.5,6
2026-03-05,2026-03-12,20.9,25.2,0.0,53.71666666666667,7.0,27.8,87.5,7
2026-03-06,2026-03-06,17.7,30.0,0.0,44.300000000000004,5.6,24.9,62.5,0
2026-03-06,2026-03-07,18.4,24.4,0.0,46.25,5.5,26.2,75.0,1
2026-03-06,2026-03-08,19.7,26.0,0.0,49.23333333333333,5.5,28.4,50.0,2
2026-03-06,2026-03-09,18.9,25.4,0.0,44.949999999999996,5.4,25.0,75.0,3
2026-03-06,2026-03-10,18.1,26.2,0.0,51.583333333333336,5.4,26.0,62.5,4
2026-03-06,2026-03-11,19.1,24.5,0.0,62.06666666666666,5.8,24.8,62.5,5
2026-03-06,2026-03-12,21.1,26.6,0.0,40.88333333333333,5.0,26.0,75.0,6
2026-03-06,2026-03-13,19.3,26.3,0.0,51.416666666666664,5.5,25.1,50.0,7
2026-03-07,2026-03-07,18.3,24.9,0.0,36.199999999999996,5.9,26.5,60.0,0
2026-03-07,2026-03-08,18.0,23.4,0.0,39.050000000000004,5.2,26.2,87.5,1
2026-03-07,2026-03-09,17.4,25.0,0.0,52.616666666666674,5.6,27.0,75.0,2
2026-03-07,2026-03-10,19.1,22.8,0.0,42.0,5.6,25.2,75.0,3
2026-03-07,2026-03-11,19.4,20.4,0.0,47.36666666666667,4.7,26.7,87.5,4
2026-03-07,2026-03-12,18.0,24.4,0.0,43.85,6.1,26.1,75.0,5
2026-03-07,2026-03-13,16.6,26.0,0.0,38.61666666666667,5.7,28.1,62.5,6
2026-03-07,2026-03-14,19.5,25.8,0.0,50.050000000000004,5.0,25.0,62.5,7
2026-03-08,2026-03-08,16.1,23.5,0.0,48.76666666666667,5.7,27.5,80.0,0
2026-03-08,2026-03-09,18.3,24.1,0.0,46.86666666666667,5.9,26.7,75.0,1
2026-03-08,2026-03-10,17.7,23.0,0.0,45.1,6.2,27.9,62.5,2
2026-03-08,2026-03-11,17.7,22.0,0.0,40.65,5.8,24.7,87.5,3
2026-03-08,2026-03-12,17.3,22.9,0.0,38.699999999999996,4.7,25.0,87.5,4
2026-03-08,2026-03-13,18.4,22.2,0.0,57.13333333333333,4.3,27.4,62.5,5
2026-03-08,2026-03-14,16.0,22.4,0.0,42.36666666666667,6.0,26.6,75.0,6
2026-03-08,2026-03-15,17.9,23.3,0.0,40.06666666666667,4.3,27.4,75.0,7
2026-03-09,2026-03-09,15.4,22.3,0.0,29.766666666666666,6.1,26.9,80.0,0
2026-03-09,2026-03-10,16.3,23.4,0.0,40.233333333333334,4.3,28.2,87.5,1
2026-03-09,2026-03-11,18.7,21.9,0.0,47.88333333333333,5.1,27.4,75.0,2
2026-03-09,2026-03-12,18.8,24.8,0.01,42.4,6.6,26.3,62.5,3
2026-03-09,2026-03-13,18.2,22.6,0.0,38.050000000000004,5.5,27.8,62.5,4
2026-03-09,2026-03-14,16.4,23.3,0.0,36.416666666666664,4.8,25.0,75.0,5
2026-03-09,2026-03-15,16.5,22.9,0.0,50.81666666666666,6.3,26.7,87.5,6
2026-03-09,2026-03-16,16.6,20.5,0.0,47.35,4.4,28.1,75.0,7
2026-03-10,2026-03-10,17.9,21.6,0.0,44.916666666666664,7.6,24.8,75.0,0
2026-03-10,2026-03-11,18.1,23.6,0.0,49.43333333333334,6.1,29.6,62.5,1
2026-03-10,2026-03-12,16.9,27.6,0.0,51.48333333333333,6.4,26.9,62.5,2
2026-03-10,2026-03-13,17.7,21.9,0.0,54.9,6.1,29.6,62.5,3
2026-03-10,2026-03-14,18.0,21.7,0.0,55.166666666666664,4.3,27.5,75.0,4
2026-03-10,2026-03-15,16.5,23.0,0.0,48.51666666666667,5.2,27.3,50.0,5
2026-03-10,2026-03-16,18.2,24.1,0.0,44.01666666666667,5.8,26.6,62.5,6
2026-03-10,2026-03-17,19.0,23.9,0.0,47.333333333333336,7.3,26.7,75.0,7
2026-03-11,2026-03-11,20.4,29.8,0.01,52.81666666666666,5.8,27.8,80.0,0
2026-03-11,2026-03-12,15.3,27.7,0.0,53.15,7.2,30.2,62.5,1
2026-03-11,2026-03-13,15.0,20.8,0.0,49.416666666666664,6.0,25.7,62.5,2
2026-03-11,2026-03-14,17.1,21.9,0.0,49.9,6.6,29.7,62.5,3
2026-03-11,2026-03-15,18.0,23.9,0.0,52.21666666666667,6.7,26.4,50.0,4
2026-03-11,2026-03-16,17.3,23.4,0.0,49.38333333333333,6.6,27.8,75.0,5
2026-03-11,2026-03-17,19.1,26.1,0.0,63.1,7.0,27.8,50.0,6
2026-03-11,2026-03-18,16.7,24.0,0.0,68.25,6.9,26.1,62.5,7
2026-03-12,2026-03-12,15.6,27.4,0.0,56.0,6.1,26.2,60.0,0
2026-03-12,2026-03-13,16.5,21.6,0.0,51.583333333333336,7.1,30.7,75.0,1
2026-03-12,2026-03-14,16.2,22.0,0.0,57.583333333333336,6.6,30.5,62.5,2
2026-03-12,2026-03-15,19.2,28.6,0.01,61.63333333333333,6.5,28.6,62.5,3
2026-03-12,2026-03-16,18.3,22.0,0.0,55.56666666666666,6.3,28.4,50.0,4
2026-03-12,2026-03-17,17.6,23.1,0.0,49.416666666666664,6.5,30.4,50.0,5
2026-03-12,2026-03-18,16.8,26.5,0.0,54.25,6.0,25.5,62.5,6
2026-03-12,2026-03-19,16.8,20.4,0.0,56.666666666666664,8.3,29.8,37.5,7
2026-03-13,2026-03-13,16.7,29.0,0.0,52.883333333333326,5.9,30.7,50.0,0
2026-03-13,2026-03-14,16.0,32.8,0.0,56.949999999999996,6.8,30.6,62.5,1
2026-03-13,2026-03-15,16.1,23.5,0.0,50.73333333333333,5.3,30.7,37.5,2
2026-03-13,2026-03-16,16.7,31.8,0.0,56.01666666666667,7.2,28.7,87.5,3
2026-03-13,2026-03-17,18.2,22.0,0.0,51.916666666666664,6.3,28.2,62.5,4
2026-03-13,2026-03-18,16.6,25.7,0.0,49.36666666666667,7.9,30.2,75.0,5
2026-03-13,2026-03-19,18.1,23.7,0.0,52.083333333333336,5.7,30.4,50.0,6
2026-03-13,2026-03-20,19.8,26.3,0.0,56.050000000000004,6.8,30.1,50.0,7
2026-03-14,2026-03-14,15.4,25.7,0.0,68.39999999999999,7.4,28.9,50.0,0
2026-03-14,2026-03-15,17.4,21.4,0.0,58.65,8.3,29.6,62.5,1
2026-03-14,2026-03-16,14.6,22.5,0.0,57.23333333333333,8.1,27.7,50.0,2
2026-03-14,2026-03-17,14.8,20.2,0.0,70.16666666666667,8.3,30.3,50.0,3
2026-03-14,2026-03-18,15.1,27.5,0.0,61.43333333333334,8.1,28.6,50.0,4
2026-03-14,2026-03-19,18.5,25.3,0.0,61.43333333333333,8.2,27.5,62.5,5
2026-03-14,2026-03-20,15.2,18.9,0.0,52.6,8.5,28.2,75.0,6
2026-03-14,2026-03-21,15.5,22.2,0.0,66.46666666666667,8.8,27.3,75.0,7
2026-03-15,2026-03-15,14.6,20.6,0.0,64.75,8.1,31.5,40.0,0
2026-03-15,2026-03-16,14.2,22.0,0.0,57.23333333333333,8.7,29.1,75.0,1
2026-03-15,2026-03-17,15.4,19.8,0.0,61.73333333333333,8.2,28.4,62.5,2
2026-03-15,2026-03-18,15.4,20.5,0.01,58.449999999999996,8.8,26.5,37.5,3
2026-03-15,2026-03-19,16.5,20.9,0.0,61.916666666666664,8.9,30.4,62.5,4
2026-03-15,2026-03-20,14.5,22.2,0.0,68.95,8.2,29.0,62.5,5
2026-03-15,2026-03-21,14.4,23.0,0.0,66.64999999999999,9.2,31.0,62.5,6
2026-03-15,2026-03-22,16.5,26.2,0.0,67.03333333333333,8.7,27.7,62.5,7
2026-03-16,2026-03-16,14.0,20.5,0.0,65.8,8.2,31.9,60.0,0
2026-03-16,2026-03-17,16.6,27.6,0.0,63.333333333333336,8.5,31.5,50.0,1
2026-03-16,2026-03-18,14.9,20.8,0.0,65.31666666666666,8.3,30.1,75.0,2
2026-03-16,2026-03-19,16.0,19.8,0.0,60.03333333333334,8.7,30.7,62.5,3
2026-03-16,2026-03-20,14.7,19.8,0.0,65.95,8.4,31.0,62.5,4
2026-03-16,2026-03-21,15.1,24.4,0.0,59.15,8.0,31.1,62.5,5
2026-03-16,2026-03-22,16.1,21.6,0.0,57.666666666666664,8.2,31.8,75.0,6
2026-03-16,2026-03-23,16.9,25.5,0.0,63.35,8.5,31.0,50.0,7
2026-03-17,2026-03-17,13.7,23.0,0.0,53.4,8.1,32.1,37.5,0
2026-03-17,2026-03-18,16.4,23.0,0.0,57.800000000000004,8.2,31.5,62.5,1
2026-03-17,2026-03-19,14.5,23.5,0.02,54.98333333333333,7.8,28.0,50.0,2
2026-03-17,2026-03-20,17.7,23.7,0.0,65.2,8.5,31.0,50.0,3
2026-03-17,2026-03-21,15.1,19.3,0.0,58.68333333333333,8.2,30.9,37.5,4
2026-03-17,2026-03-22,15.1,25.2,0.0,61.43333333333334,9.5,27.9,50.0,5
2026-03-17,2026-03-23,17.4,27.2,0.0,60.23333333333333,8.7,29.5,37.5,6
2026-03-17,2026-03-24,13.7,18.8,0.0,62.699999999999996,8.6,30.5,62.5,7
2026-03-18,2026-03-18,16.4,25.4,0.0,66.08333333333333,7.9,32.5,62.5,0
2026-03-18,2026-03-19,13.9,27.0,0.0,56.083333333333336,7.9,30.6,62.5,1
2026-03-18,2026-03-20,15.3,23.2,0.0,61.28333333333333,9.2,31.6,75.0,2
2026-03-18,2026-03-21,15.6,26.9,0.0,58.916666666666664,7.8,31.3,25.0,3
2026-03-18,2026-03-22,16.9,23.8,0.0,70.93333333333334,7.7,30.6,50.0,4
2026-03-18,2026-03-23,16.2,21.1,0.0,61.6,7.8,30.5,50.0,5
2026-03-18,2026-03-24,17.7,24.6,0.0,55.46666666666667,8.8,31.1,50.0,6
2026-03-18,2026-03-25,17.8,26.0,0.01,57.70000000000001,8.0,29.4,62.5,7
2026-03-19,2026-03-19,15.5,21.2,0.0,59.56666666666666,7.8,31.3,60.0,0
2026-03-19,2026-03-20,17.5,21.9,0.0,62.11666666666667,7.8,27.7,37.5,1
2026-03-19,2026-03-21,16.4,22.5,0.0,58.6,7.7,31.9,37.5,2
2026-03-19,2026-03-22,14.8,32.0,0.0,63.449999999999996,9.8,31.4,50.0,3
2026-03-19,2026-03-23,13.0,20.9,0.01,65.21666666666667,10.2,32.2,50.0,4
2026-03-19,2026-03-24,17.9,17.0,0.0,59.11666666666667,8.6,31.4,50.0,5
2026-03-19,2026-03-25,13.7,26.9,0.0,65.41666666666667,8.9,31.4,62.5,6
2026-03-19,2026-03-26,13.4,28.7,0.0,66.33333333333333,7.7,31.9,50.0,7
2026-03-20,2026-03-20,12.7,20.6,0.0,61.583333333333336,8.5,29.2,60.0,0
2026-03-20,2026-03-21,15.9,20.0,0.0,62.81666666666666,9.8,31.4,75.0,1
2026-03-20,2026-03-22,14.0,20.2,0.0,72.66666666666667,9.5,29.7,62.5,2
2026-03-20,2026-03-23,14.8,19.6,0.0,65.08333333333333,7.7,30.8,75.0,3
2026-03-20,2026-03-24,17.1,19.9,0.0,76.10000000000001,9.3,31.1,62.5,4
2026-03-20,2026-03-25,17.2,26.1,0.0,65.35000000000001,9.7,29.5,62.5,5
2026-03-20,2026-03-26,14.5,21.7,0.0,65.89999999999999,9.2,31.2,50.0,6
2026-03-20,2026-03-27,15.6,22.6,0.0,67.51666666666667,8.4,32.4,50.0,7
2026-03-21,2026-03-21,14.4,21.0,0.0,72.5,9.5,30.4,60.0,0
2026-03-21,2026-03-22,15.2,20.5,0.0,64.05,9.0,31.3,62.5,1
2026-03-21,2026-03-23,12.8,23.4,0.01,72.75,9.1,31.2,50.0,2
2026-03-21,2026-03-24,14.2,20.6,0.0,65.10000000000001,9.9,30.9,50.0,3
2026-03-21,2026-03-25,13.7,19.2,0.0,72.18333333333334,9.0,27.1,62.5,4
2026-03-21,2026-03-26,13.4,19.5,0.0,69.36666666666667,8.5,30.5,50.0,5
2026-03-21,2026-03-27,16.0,21.5,0.0,58.166666666666664,7.3,30.9,62.5,6
2026-03-21,2026-03-28,15.1,23.2,0.0,67.45,10.1,31.1,62.5,7
2026-03-22,2026-03-22,14.5,18.9,0.0,68.39999999999999,9.3,26.4,62.5,0
2026-03-22,2026-03-23,11.2,22.7,0.01,74.05,9.5,28.2,75.0,1
2026-03-22,2026-03-24,14.2,19.9,0.0,71.96666666666667,9.4,31.4,50.0,2
2026-03-22,2026-03-25,12.8,19.8,0.05,72.28333333333335,10.4,31.5,75.0,3
2026-03-22,2026-03-26,13.1,18.6,0.0,76.61666666666666,8.7,30.9,50.0,4
2026-03-22,2026-03-27,13.1,21.1,0.0,71.25,9.1,30.1,37.5,5
2026-03-22,2026-03-28,13.1,18.7,0.0,77.83333333333333,9.2,30.5,50.0,6
2026-03-22,2026-03-29,13.7,20.4,0.02,75.28333333333333,9.2,31.1,75.0,7
2026-03-23,2026-03-23,17.7,18.2,0.0,72.5,8.0,30.7,60.0,0
2026-03-23,2026-03-24,12.8,26.6,0.0,76.28333333333333,9.9,32.0,50.0,1
2026-03-23,2026-03-25,13.8,17.2,0.0,63.36666666666667,7.8,28.8,62.5,2
2026-03-23,2026-03-26,14.2,14.7,0.0,81.88333333333334,8.3,31.8,50.0,3
2026-03-23,2026-03-27,17.9,29.2,0.01,82.03333333333333,8.1,28.7,37.5,4
2026-03-23,2026-03-28,14.1,19.3,0.0,73.83333333333333,10.0,32.3,62.5,5
2026-03-23,2026-03-29,17.3,23.8,0.0,71.08333333333333,8.1,30.9,62.5,6
2026-03-23,2026-03-30,12.4,27.7,0.01,80.73333333333333,8.4,30.9,62.5,7
2026-03-24,2026-03-24,13.7,20.5,0.0,79.39999999999999,9.3,30.9,40.0,0
2026-03-24,2026-03-25,14.2,23.5,0.01,77.41666666666667,9.6,32.3,50.0,1
2026-03-24,2026-03-26,14.5,18.6,0.01,76.83333333333333,9.5,29.5,62.5,2
2026-03-24,2026-03-27,13.6,19.6,0.0,78.26666666666667,7.9,30.4,50.0,3
2026-03-24,2026-03-28,13.3,23.6,0.0,74.45,10.9,29.9,87.5,4
2026-03-24,2026-03-29,12.3,17.5,0.0,74.2,9.9,32.5,50.0,5
2026-03-24,2026-03-30,14.0,23.2,0.0,78.21666666666667,8.9,31.2,37.5,6
2026-03-24,2026-03-31,13.0,18.6,0.01,75.41666666666667,9.4,32.1,50.0,7
2026-03-25,2026-03-25,13.9,20.8,0.0,81.51666666666667,9.3,27.2,60.0,0
2026-03-25,2026-03-26,14.4,24.8,0.0,74.76666666666667,9.5,28.8,62.5,1
2026-03-25,2026-03-27,12.4,24.1,0.04,79.25,8.8,32.1,50.0,2
2026-03-25,2026-03-28,18.1,25.2,0.01,76.89999999999999,9.8,29.9,50.0,3
2026-03-25,2026-03-29,14.3,26.1,0.0,83.38333333333334,8.6,32.8,37.5,4
2026-03-25,2026-03-30,13.4,19.7,0.02,77.26666666666667,9.3,28.5,37.5,5
2026-03-25,2026-03-31,14.0,22.9,0.02,77.56666666666666,8.8,29.0,62.5,6
2026-03-25,2026-04-01,13.5,17.9,0.01,81.91666666666667,9.2,31.0,62.5,7
2026-03-26,2026-03-26,12.9,21.2,0.01,84.39999999999999,10.9,32.8,20.0,0
2026-03-26,2026-03-27,15.1,22.7,0.0,82.23333333333333,11.6,31.0,50.0,1
2026-03-26,2026-03-28,14.2,23.0,0.01,84.2,11.1,30.0,37.5,2
2026-03-26,2026-03-29,17.6,20.3,0.02,87.21666666666665,10.9,32.5,37.5,3
2026-03-26,2026-03-30,13.6,29.4,0.01,84.66666666666667,10.1,28.6,62.5,4
2026-03-26,2026-03-31,14.4,30.6,0.02,88.13333333333333,11.3,29.9,62.5,5
2026-03-26,2026-04-01,14.9,24.4,0.01,84.8,10.8,29.1,62.5,6
2026-03-26,2026-04-02,18.0,27.4,0.0,78.26666666666667,10.3,32.7,25.0,7
2026-03-27,2026-03-27,15.7,24.5,0.0,89.39999999999999,10.7,29.1,40.0,0
2026-03-27,2026-03-28,14.3,25.3,0.02,87.61666666666667,11.0,32.5,50.0,1
2026-03-27,2026-03-29,15.6,23.8,0.02,87.35000000000001,11.0,31.8,50.0,2
2026-03-27,2026-03-30,15.6,24.6,0.01,81.64999999999999,11.2,28.8,37.5,3
2026-03-27,2026-03-31,14.1,25.7,0.0,86.2,10.7,30.0,50.0,4
2026-03-27,2026-04-01,16.2,21.9,0.02,86.95,10.9,28.5,50.0,5
2026-03-27,2026-04-02,14.8,24.1,0.01,91.08333333333333,10.9,33.4,50.0,6
2026-03-27,2026-04-03,17.9,29.2,0.01,78.89999999999999,10.9,28.7,50.0,7
2026-03-28,2026-03-28,15.7,22.6,0.01,81.58333333333333,10.5,28.2,50.0,0
2026-03-28,2026-03-29,16.5,25.0,0.0,88.10000000000001,10.6,28.7,62.5,1
2026-03-28,2026-03-30,18.5,29.0,0.02,74.53333333333333,10.6,28.6,50.0,2
2026-03-28,2026-03-31,17.9,28.4,0.03,86.51666666666667,11.0,28.4,25.0,3
2026-03-28,2026-04-01,16.6,32.5,0.02,86.64999999999999,9.8,32.8,50.0,4
2026-03-28,2026-04-02,17.6,35.8,0.01,85.01666666666667,10.5,31.5,25.0,5
2026-03-28,2026-04-03,19.1,33.8,0.01,82.31666666666666,11.1,31.8,50.0,6
2026-03-28,2026-04-04,19.4,35.8,0.01,92.85000000000001,11.3,29.9,50.0,7
2026-03-29,2026-03-29,16.8,25.7,0.02,90.85000000000001,11.4,28.8,37.5,0
2026-03-29,2026-03-30,22.5,39.5,0.02,85.89999999999999,9.9,28.2,50.0,1
2026-03-29,2026-03-31,16.3,39.1,0.03,85.68333333333334,10.8,27.1,25.0,2
2026-03-29,2026-04-01,18.9,37.4,0.01,83.25,10.3,28.5,50.0,3
2026-03-29,2026-04-02,18.7,38.5,0.01,88.10000000000001,10.0,32.6,50.0,4
2026-03-29,2026-04-03,19.0,35.0,0.02,90.48333333333333,10.1,30.3,50.0,5
2026-03-29,2026-04-04,15.8,30.6,0.01,84.8,9.8,31.7,50.0,6
2026-03-29,2026-04-05,20.1,34.2,0.01,90.56666666666666,11.0,28.9,62.5,7
2026-03-30,2026-03-30,19.6,31.2,0.02,86.98333333333333,7.4,31.6,40.0,0
2026-03-30,2026-03-31,20.0,30.3,0.02,89.60000000000001,9.6,27.8,50.0,1
2026-03-30,2026-04-01,19.6,36.3,0.03,80.13333333333334,8.0,31.0,37.5,2
2026-03-30,2026-04-02,21.6,26.3,0.02,85.75,9.1,27.8,50.0,3
2026-03-30,2026-04-03,16.0,31.4,0.04,81.46666666666667,8.8,29.0,37.5,4
2026-03-30,2026-04-04,16.3,31.4,0.01,82.91666666666667,11.1,31.3,25.0,5
2026-03-30,2026-04-05,19.5,32.0,0.01,89.86666666666667,7.9,31.9,62.5,6
2026-03-30,2026-04-06,19.3,24.9,0.02,90.73333333333333,9.9,26.6,37.5,7
2026-03-31,2026-03-31,15.8,33.8,0.01,88.76666666666667,11.0,29.1,60.0,0
2026-03-31,2026-04-01,17.1,36.2,0.01,79.8,11.4,29.6,50.0,1
2026-03-31,2026-04-02,16.3,29.5,0.0,84.66666666666667,11.6,34.8,62.5,2
2026-03-31,2026-04-03,19.3,30.6,0.02,85.76666666666667,10.2,31.7,62.5,3
2026-03-31,2026-04-04,25.0,26.4,0.03,75.5,9.6,28.4,37.5,4
2026-03-31,2026-04-05,14.4,29.7,0.01,86.38333333333333,9.8,33.2,50.0,5
2026-03-31,2026-04-06,19.4,32.1,0.02,72.38333333333334,12.2,29.5,50.0,6
2026-03-31,2026-04-07,14.7,33.7,0.03,87.98333333333333,11.9,27.1,50.0,7
2026-04-01,2026-04-01,20.0,37.3,0.03,74.75,11.9,30.7,62.5,0
2026-04-01,2026-04-02,17.3,33.4,0.01,79.08333333333333,11.0,33.5,50.0,1
2026-04-01,2026-04-03,18.8,32.1,0.02,84.01666666666667,10.7,34.8,62.5,2
2026-04-01,2026-04-04,20.1,28.4,0.02,78.25,10.8,29.3,75.0,3
2026-04-01,2026-04-05,24.2,38.8,0.01,74.76666666666667,12.3,28.7,62.5,4
2026-04-01,2026-04-06,18.2,36.1,0.0,69.41666666666667,10.9,29.0,75.0,5
2026-04-01,2026-04-07,21.0,36.9,0.01,80.7,11.8,29.0,50.0,6
2026-04-01,2026-04-08,17.5,32.5,0.0,73.46666666666667,12.1,29.8,62.5,7
2026-04-02,2026-04-02,20.2,31.7,0.01,87.45,11.9,33.6,20.0,0
2026-04-02,2026-04-03,20.2,33.8,0.01,77.28333333333333,9.7,34.2,37.5,1
2026-04-02,2026-04-04,18.8,32.6,0.01,72.51666666666667,10.0,33.7,50.0,2
2026-04-02,2026-04-05,17.3,30.6,0.03,80.5,9.7,33.0,25.0,3
2026-04-02,2026-04-06,19.4,31.3,0.01,85.71666666666665,9.6,33.8,37.5,4
2026-04-02,2026-04-07,18.5,32.8,0.01,76.89999999999999,10.2,31.8,37.5,5
2026-04-02,2026-04-08,16.2,32.5,0.0,84.41666666666667,10.4,29.9,62.5,6
2026-04-02,2026-04-09,19.7,30.0,0.02,82.39999999999999,10.8,33.0,25.0,7
2026-04-03,2026-04-03,15.8,24.6,0.01,80.75,10.0,32.4,37.5,0
2026-04-03,2026-04-04,16.3,32.4,0.01,83.98333333333333,11.2,34.3,62.5,1
2026-04-03,2026-04-05,16.5,28.2,0.01,74.0,12.9,33.2,25.0,2
2026-04-03,2026-04-06,19.4,30.1,0.03,78.41666666666667,10.1,34.6,37.5,3
2026-04-03,2026-04-07,15.6,36.0,0.01,78.60000000000001,10.8,28.6,37.5,4
2026-04-03,2026-04-08,22.1,32.3,0.01,81.86666666666666,10.9,32.8,50.0,5
2026-04-03,2026-04-09,17.6,31.5,0.02,74.39999999999999,11.0,32.4,37.5,6
2026-04-03,2026-04-10,16.1,31.0,0.02,74.0,12.1,34.8,50.0,7
2026-04-04,2026-04-04,15.0,34.7,0.01,75.8,11.9,34.4,50.0,0
2026-04-04,2026-04-05,15.9,31.2,0.01,75.45,11.1,31.9,62.5,1
2026-04-04,2026-04-06,16.3,35.9,0.01,71.61666666666666,10.5,32.6,25.0,2
2026-04-04,2026-04-07,19.4,26.4,0.01,73.68333333333334,11.5,34.4,50.0,3
2026-04-04,2026-04-08,17.2,29.9,0.03,73.60000000000001,12.0,34.1,37.5,4
2026-04-04,2026-04-09,19.1,23.6,0.0,79.48333333333333,11.3,33.1,50.0,5
2026-04-04,2026-04-10,18.9,33.8,0.01,72.2,10.5,34.0,37.5,6
2026-04-04,2026-04-11,16.7,24.7,0.0,74.83333333333333,11.8,33.3,37.5,7
2026-04-05,2026-04-05,16.6,38.2,0.0,69.81666666666666,11.9,31.6,60.0,0
2026-04-05,2026-04-06,15.9,39.3,0.0,76.60000000000001,11.7,29.1,25.0,1
2026-04-05,2026-04-07,18.6,22.6,0.01,70.63333333333334,11.9,32.2,37.5,2
2026-04-05,2026-04-08,17.2,34.2,0.0,65.73333333333333,11.4,34.4,25.0,3
2026-04-05,2026-04-09,20.2,32.9,0.01,68.3,11.6,32.4,50.0,4
2026-04-05,2026-04-10,17.5,34.3,0.0,73.11666666666666,12.1,31.6,50.0,5
2026-04-05,2026-04-11,20.2,32.3,0.02,64.46666666666665,11.2,33.8,37.5,6
2026-04-05,2026-04-12,20.6,40.1,0.0,70.18333333333334,11.2,33.6,50.0,7
2026-04-06,2026-04-06,17.4,31.8,0.01,62.76666666666667,11.8,33.9,50.0,0
2026-04-06,2026-04-07,15.8,29.8,0.0,67.83333333333333,11.7,33.0,25.0,1
2026-04-06,2026-04-08,21.9,26.0,0.01,66.45,10.8,33.5,25.0,2
2026-04-06,2026-04-09,17.1,28.4,0.0,67.38333333333334,11.4,33.9,37.5,3
2026-04-06,2026-04-10,21.2,38.8,0.0,64.45,12.8,33.8,37.5,4
2026-04-06,2026-04-11,17.7,27.0,0.0,67.43333333333334,11.9,33.6,37.5,5
2026-04-06,2026-04-12,17.1,35.9,0.03,57.550000000000004,10.9,33.6,25.0,6
2026-04-06,2026-04-13,19.0,26.5,0.0,71.91666666666667,11.9,31.7,37.5,7
2026-04-07,2026-04-07,21.3,42.8,0.0,60.28333333333333,11.3,33.9,20.0,0
2026-04-07,2026-04-08,18.8,30.6,0.0,60.56666666666666,11.7,33.4,50.0,1
2026-04-07,2026-04-09,21.2,26.0,0.0,55.31666666666666,11.7,33.4,50.0,2
2026-04-07,2026-04-10,19.6,41.6,0.01,66.64999999999999,12.4,33.2,0.0,3
2026-04-07,2026-04-11,17.8,40.6,0.0,54.29999999999999,12.6,33.6,50.0,4
2026-04-07,2026-04-12,21.5,37.1,0.0,61.03333333333333,11.0,32.7,37.5,5
2026-04-07,2026-04-13,16.2,37.6,0.01,64.11666666666666,10.8,33.7,25.0,6
2026-04-07,2026-04-14,15.9,41.2,0.02,49.833333333333336,11.5,33.8,50.0,7
2026-04-08,2026-04-08,17.1,29.9,0.01,63.71666666666667,12.5,32.9,40.0,0
2026-04-08,2026-04-09,17.6,28.3,0.0,53.28333333333333,13.0,33.5,37.5,1
2026-04-08,2026-04-10,15.4,39.5,0.01,59.63333333333333,12.1,33.9,37.5,2
2026-04-08,2026-04-11,22.9,40.3,0.0,58.28333333333334,12.9,32.1,37.5,3
2026-04-08,2026-04-12,22.1,22.1,0.01,51.666666666666664,13.4,33.5,50.0,4
2026-04-08,2026-04-13,18.9,40.6,0.01,56.300000000000004,13.9,33.8,37.5,5
2026-04-08,2026-04-14,17.2,38.9,0.0,51.4,10.9,34.0,25.0,6
2026-04-08,2026-04-15,19.6,44.0,0.0,59.583333333333336,12.9,31.3,37.5,7
2026-04-09,2026-04-09,15.9,30.9,0.01,69.21666666666667,12.1,34.2,20.0,0
2026-04-09,2026-04-10,16.1,27.8,0.01,64.28333333333335,12.3,33.3,25.0,1
2026-04-09,2026-04-11,16.3,27.8,0.01,65.60000000000001,13.1,33.2,50.0,2
2026-04-09,2026-04-12,17.7,25.9,0.01,60.333333333333336,12.1,32.8,37.5,3
2026-04-09,2026-04-13,17.2,32.8,0.01,57.61666666666667,11.7,33.0,62.5,4
2026-04-09,2026-04-14,14.6,19.7,0.01,64.16666666666667,11.8,33.7,37.5,5
2026-04-09,2026-04-15,17.1,26.7,0.01,58.9,12.4,34.0,50.0,6
2026-04-09,2026-04-16,17.2,19.8,0.01,56.93333333333334,12.6,33.7,50.0,7
2026-04-10,2026-04-10,14.0,24.4,0.0,66.25,13.0,32.4,20.0,0
2026-04-10,2026-04-11,13.1,23.0,0.01,71.55,12.6,33.7,50.0,1
2026-04-10,2026-04-12,14.5,24.8,0.01,62.4,13.1,33.9,50.0,2
2026-04-10,2026-04-13,13.8,18.5,0.01,66.45,12.5,33.7,50.0,3
2026-04-10,2026-04-14,16.5,29.2,0.0,58.23333333333333,12.8,32.9,37.5,4
2026-04-10,2026-04-15,14.2,26.2,0.0,63.083333333333336,12.3,33.4,37.5,5
2026-04-10,2026-04-16,15.8,27.2,0.01,67.7,13.2,33.7,50.0,6
2026-04-10,2026-04-17,16.3,26.1,0.0,68.63333333333334,12.5,33.2,50.0,7
2026-04-11,2026-04-11,13.5,26.7,0.02,72.08333333333333,11.7,32.6,37.5,0
2026-04-11,2026-04-12,13.7,28.7,0.0,69.23333333333333,12.8,32.4,37.5,1
2026-04-11,2026-04-13,13.9,23.0,0.01,58.81666666666666,12.9,33.1,50.0,2
2026-04-11,2026-04-14,13.4,24.2,0.0,68.26666666666667,12.0,33.0,25.0,3
2026-04-11,2026-04-15,14.9,24.5,0.0,67.31666666666666,12.1,32.2,37.5,4
2026-04-11,2026-04-16,14.1,24.8,0.0,66.06666666666666,12.8,32.9,37.5,5
2026-04-11,2026-04-17,15.2,23.1,0.0,69.81666666666666,11.7,32.3,25.0,6
2026-04-11,2026-04-18,17.6,27.7,0.0,69.26666666666667,12.0,33.1,50.0,7
2026-04-12,2026-04-12,11.5,38.8,0.0,70.7,13.9,32.9,50.0,0
2026-04-12,2026-04-13,18.2,26.5,0.01,73.83333333333333,13.3,33.3,50.0,1
2026-04-12,2026-04-14,17.7,37.8,0.0,67.95,13.5,33.1,0.0,2
2026-04-12,2026-04-15,20.7,27.6,0.0,81.56666666666666,13.2,32.6,50.0,3
2026-04-12,2026-04-16,15.4,29.1,0.0,78.0,13.4,31.5,25.0,4
2026-04-12,2026-04-17,16.8,34.9,0.0,71.64999999999999,12.5,33.5,25.0,5
2026-04-12,2026-04-18,22.1,30.4,0.0,73.56666666666668,13.3,31.5,37.5,6
2026-04-12,2026-04-19,22.0,28.8,0.0,78.71666666666667,12.6,30.7,62.5,7
2026-04-13,2026-04-13,18.2,38.4,0.0,77.98333333333333,12.9,30.8,40.0,0
2026-04-13,2026-04-14,21.8,34.0,0.02,64.26666666666667,10.9,32.7,50.0,1
2026-04-13,2026-04-15,14.5,32.8,0.0,74.21666666666667,11.6,31.0,50.0,2
2026-04-13,2026-04-16,20.8,37.4,0.0,72.51666666666667,12.3,33.4,37.5,3
2026-04-13,2026-04-17,23.0,37.0,0.0,67.0,14.1,32.4,62.5,4
2026-04-13,2026-04-18,16.1,28.5,0.01,74.23333333333333,12.5,32.4,37.5,5
2026-04-13,2026-04-19,20.1,25.2,0.01,77.4,13.4,32.7,25.0,6
2026-04-13,2026-04-20,19.7,35.6,0.0,72.66666666666667,12.3,33.2,37.5,7
2026-04-14,2026-04-14,15.3,26.9,0.0,71.58333333333333,12.6,33.3,50.0,0
2026-04-14,2026-04-15,16.3,25.8,0.0,67.83333333333333,11.8,33.1,37.5,1
2026-04-14,2026-04-16,12.7,26.0,0.0,74.05,12.5,33.0,50.0,2
2026-04-14,2026-04-17,17.1,24.8,0.0,76.51666666666667,12.3,32.7,50.0,3
2026-04-14,2026-04-18,15.0,26.0,0.0,84.3,11.3,33.2,62.5,4
2026-04-14,2026-04-19,14.9,19.5,0.01,74.53333333333335,13.0,31.7,50.0,5
2026-04-14,2026-04-20,16.0,28.6,0.01,76.66666666666667,12.6,33.8,62.5,6
2026-04-14,2026-04-21,16.3,24.5,0.01,72.2,12.5,32.9,37.5,7
2026-04-15,2026-04-15,16.7,28.5,0.01,74.16666666666667,12.6,32.7,50.0,0
2026-04-15,2026-04-16,17.9,20.4,0.02,77.7,13.5,30.0,62.5,1
2026-04-15,2026-04-17,13.6,24.7,0.0,79.25,12.9,32.6,50.0,2
2026-04-15,2026-04-18,14.7,30.7,0.0,70.21666666666667,13.0,33.9,62.5,3
2026-04-15,2026-04-19,16.0,29.9,0.02,75.36666666666666,12.9,33.6,12.5,4
2026-04-15,2026-04-20,16.7,32.3,0.03,82.2,13.1,30.6,50.0,5
2026-04-15,2026-04-21,15.7,25.3,0.01,79.13333333333333,12.4,31.7,50.0,6
2026-04-15,2026-04-22,18.1,27.9,0.01,70.58333333333333,13.1,33.1,62.5,7
2026-04-16,2026-04-16,18.6,25.9,0.0,74.63333333333334,12.5,32.8,60.0,0
2026-04-16,2026-04-17,14.5,25.7,0.0,75.81666666666666,12.4,33.2,37.5,1
2026-04-16,2026-04-18,18.6,19.3,0.01,79.11666666666666,13.2,33.6,62.5,2
2026-04-16,2026-04-19,11.2,24.9,0.01,78.11666666666666,13.0,33.5,50.0,3
2026-04-16,2026-04-20,17.6,19.5,0.0,75.68333333333334,12.2,31.6,62.5,4
2026-04-16,2026-04-21,20.6,26.2,0.0,69.01666666666667,12.4,33.2,37.5,5
2026-04-16,2026-04-22,12.7,24.0,0.0,72.13333333333334,13.3,33.0,50.0,6
2026-04-16,2026-04-23,15.9,21.8,0.0,77.05,13.5,32.5,62.5,7
2026-04-17,2026-04-17,14.7,20.4,0.0,74.78333333333333,13.2,32.3,60.0,0
2026-04-17,2026-04-18,18.9,21.1,0.0,84.13333333333333,13.0,31.6,50.0,1
2026-04-17,2026-04-19,18.8,28.1,0.01,77.56666666666666,12.8,32.2,62.5,2
2026-04-17,2026-04-20,20.1,24.5,0.01,89.88333333333333,11.5,31.6,62.5,3
2026-04-17,2026-04-21,18.2,27.5,0.01,85.28333333333335,11.4,32.1,37.5,4
2026-04-17,2026-04-22,17.9,32.7,0.0,86.8,12.4,30.0,50.0,5
2026-04-17,2026-04-23,18.2,27.1,0.01,81.28333333333335,12.8,29.2,75.0,6
2026-04-17,2026-04-24,12.2,32.4,0.01,88.35000000000001,11.9,32.2,50.0,7
2026-04-18,2026-04-18,14.7,27.3,0.01,75.86666666666666,11.2,29.4,60.0,0
2026-04-18,2026-04-19,16.8,30.6,0.0,79.7,11.5,31.5,75.0,1
2026-04-18,2026-04-20,17.1,26.4,0.0,74.41666666666667,11.4,31.9,37.5,2
2026-04-18,2026-04-21,14.7,28.2,0.02,68.60000000000001,11.5,33.3,62.5,3
2026-04-18,2026-04-22,15.5,28.7,0.01,73.91666666666667,12.9,30.6,75.0,4
2026-04-18,2026-04-23,16.6,25.6,0.01,64.53333333333333,13.5,31.1,50.0,5
2026-04-18,2026-04-24,19.0,28.7,0.01,79.95,11.4,31.3,62.5,6
2026-04-18,2026-04-25,16.6,27.9,0.01,78.26666666666667,12.7,31.2,62.5,7
2026-04-19,2026-04-19,16.4,26.4,0.01,81.11666666666666,12.0,31.5,62.5,0
2026-04-19,2026-04-20,14.8,23.5,0.01,83.36666666666666,12.2,33.4,75.0,1
2026-04-19,2026-04-21,17.6,23.3,0.01,73.35000000000001,11.9,29.3,62.5,2
2026-04-19,2026-04-22,17.4,28.0,0.0,79.0,11.4,32.4,50.0,3
2026-04-19,2026-04-23,17.4,22.1,0.01,74.21666666666665,11.8,31.7,50.0,4
2026-04-19,2026-04-24,18.5,25.8,0.01,72.10000000000001,11.4,32.9,62.5,5
2026-04-19,2026-04-25,19.7,27.5,0.01,75.31666666666666,11.6,32.4,50.0,6
2026-04-19,2026-04-26,14.3,24.9,0.0,72.96666666666667,11.9,30.5,62.5,7
2026-04-20,2026-04-20,16.4,27.8,0.0,78.76666666666667,12.5,30.5,60.0,0
2026-04-20,2026-04-21,19.3,28.3,0.01,78.45,12.9,31.1,50.0,1
2026-04-20,2026-04-22,19.4,24.6,0.01,73.58333333333333,12.0,32.4,75.0,2
2026-04-20,2026-04-23,16.8,28.3,0.01,73.55,12.3,30.7,62.5,3
2026-04-20,2026-04-24,16.4,24.2,0.01,74.43333333333334,12.3,30.6,50.0,4
2026-04-20,2026-04-25,16.3,25.1,0.0,82.10000000000001,12.8,33.1,62.5,5
2026-04-20,2026-04-26,15.9,24.5,0.01,71.60000000000001,13.1,29.4,50.0,6
2026-04-20,2026-04-27,19.6,27.4,0.01,70.48333333333333,12.9,33.0,25.0,7
2026-04-21,2026-04-21,20.0,36.0,0.0,86.5,13.4,29.8,62.5,0
2026-04-21,2026-04-22,22.7,34.7,0.01,84.26666666666667,13.3,32.1,62.5,1
2026-04-21,2026-04-23,23.5,38.6,0.04,77.60000000000001,12.7,32.8,50.0,2
2026-04-21,2026-04-24,18.0,32.6,0.01,78.85,11.8,30.3,62.5,3
2026-04-21,2026-04-25,22.3,23.9,0.01,86.98333333333333,13.1,30.6,62.5,4
2026-04-21,2026-04-26,17.3,33.7,0.01,80.18333333333334,12.7,31.1,50.0,5
2026-04-21,2026-04-27,15.6,30.3,0.01,89.31666666666666,11.6,33.3,50.0,6
2026-04-21,2026-04-28,22.4,36.7,0.01,77.53333333333335,12.7,31.8,75.0,7
2026-04-22,2026-04-22,14.5,21.3,0.01,87.35000000000001,13.1,28.8,60.0,0
2026-04-22,2026-04-23,19.3,27.9,0.01,90.01666666666667,11.8,32.5,37.5,1
2026-04-22,2026-04-24,17.8,30.9,0.01,87.10000000000001,13.7,32.1,50.0,2
2026-04-22,2026-04-25,17.8,27.0,0.01,87.63333333333333,12.4,30.5,75.0,3
2026-04-22,2026-04-26,19.1,22.0,0.01,85.21666666666667,13.2,28.7,37.5,4
2026-04-22,2026-04-27,14.9,29.1,0.01,84.26666666666667,12.7,29.8,62.5,5
2026-04-22,2026-04-28,14.9,24.2,0.02,86.66666666666667,11.4,33.4,37.5,6
2026-04-22,2026-04-29,18.6,28.7,0.01,86.36666666666667,12.2,30.1,62.5,7
2026-04-23,2026-04-23,16.5,22.3,0.01,91.7,12.9,28.0,62.5,0
2026-04-23,2026-04-24,12.7,25.8,0.01,94.13333333333334,14.4,30.6,62.5,1
2026-04-23,2026-04-25,18.0,22.9,0.0,80.95,13.1,28.9,62.5,2
2026-04-23,2026-04-26,22.9,20.9,0.02,90.21666666666665,12.2,30.6,50.0,3
2026-04-23,2026-04-27,18.8,22.7,0.01,89.64999999999999,12.2,29.2,62.5,4
2026-04-23,2026-04-28,15.6,29.3,0.02,84.06666666666666,11.4,30.4,62.5,5
2026-04-23,2026-04-29,12.6,23.2,0.01,88.5,13.1,27.7,50.0,6
2026-04-23,2026-04-30,16.3,21.8,0.03,82.76666666666667,13.0,28.7,50.0,7
2026-04-24,2026-04-24,16.5,20.9,0.02,82.60000000000001,14.2,29.1,75.0,0
2026-04-24,2026-04-25,16.2,26.4,0.0,83.2,14.3,25.7,62.5,1
2026-04-24,2026-04-26,16.0,25.9,0.02,84.76666666666667,13.1,29.4,62.5,2
2026-04-24,2026-04-27,19.5,30.1,0.01,83.51666666666667,14.0,28.8,75.0,3
2026-04-24,2026-04-28,18.7,30.7,0.0,83.83333333333333,13.6,27.7,62.5,4
2026-04-24,2026-04-29,19.9,26.7,0.02,85.55,13.2,29.7,75.0,5
2026-04-24,2026-04-30,17.1,26.5,0.0,85.8,12.1,31.8,50.0,6
2026-04-24,2026-05-01,17.3,30.8,0.01,76.33333333333333,14.3,27.6,87.5,7
2026-04-25,2026-04-25,20.2,22.1,0.02,75.53333333333335,12.9,31.2,40.0,0
2026-04-25,2026-04-26,21.3,29.0,0.03,84.68333333333334,10.8,30.2,87.5,1
2026-04-25,2026-04-27,17.4,24.6,0.01,79.2,12.8,28.3,75.0,2
2026-04-25,2026-04-28,18.7,24.9,0.01,75.68333333333334,11.5,30.3,50.0,3
2026-04-25,2026-04-29,16.6,28.2,0.0,78.5,13.6,27.9,62.5,4
2026-04-25,2026-04-30,18.1,25.7,0.02,76.06666666666666,14.6,31.2,62.5,5
2026-04-25,2026-05-01,19.0,26.6,0.0,74.2,11.8,30.1,75.0,6
2026-04-25,2026-05-02,20.3,27.2,0.02,78.51666666666667,13.7,31.5,75.0,7
2026-04-26,2026-04-26,16.4,30.6,0.01,88.71666666666665,12.8,27.4,60.0,0
2026-04-26,2026-04-27,19.7,28.0,0.02,90.14999999999999,12.0,30.2,50.0,1
2026-04-26,2026-04-28,20.0,26.7,0.01,85.55,12.9,31.8,62.5,2
2026-04-26,2026-04-29,23.8,24.5,0.01,87.5,12.8,33.5,75.0,3
2026-04-26,2026-04-30,16.8,24.8,0.02,88.64999999999999,12.4,30.3,62.5,4
2026-04-26,2026-05-01,19.4,20.1,0.01,87.48333333333333,14.5,34.0,37.5,5
2026-04-26,2026-05-02,21.3,27.8,0.01,86.14999999999999,13.9,30.7,50.0,6
2026-04-26,2026-05-03,20.7,33.4,0.02,89.68333333333334,11.6,29.5,75.0,7
2026-04-27,2026-04-27,21.0,25.6,0.02,96.48333333333333,12.1,29.7,60.0,0
2026-04-27,2026-04-28,18.9,25.1,0.02,87.25,12.8,29.6,37.5,1
2026-04-27,2026-04-29,18.8,28.0,0.01,85.66666666666667,11.2,29.5,37.5,2
2026-04-27,2026-04-30,17.8,27.1,0.01,92.3,11.0,30.5,62.5,3
2026-04-27,2026-05-01,20.2,26.7,0.01,90.13333333333333,11.7,26.7,37.5,4
2026-04-27,2026-05-02,18.9,25.7,0.01,91.81666666666666,13.0,28.5,37.5,5
2026-04-27,2026-05-03,17.9,29.4,0.03,90.25,11.2,29.6,75.0,6
2026-04-27,2026-05-04,18.7,29.5,0.01,89.51666666666667,11.1,28.4,50.0,7
2026-04-28,2026-04-28,17.8,29.0,0.01,96.26666666666667,13.2,26.4,75.0,0
2026-04-28,2026-04-29,18.2,23.5,0.01,80.89999999999999,11.6,26.1,50.0,1
2026-04-28,2026-04-30,19.3,25.8,0.01,84.96666666666667,12.0,25.9,75.0,2
2026-04-28,2026-05-01,18.8,23.6,0.0,75.86666666666666,14.7,27.8,62.5,3
2026-04-28,2026-05-02,14.8,29.1,0.0,92.3,11.2,30.6,62.5,4
2026-04-28,2026-05-03,18.8,26.1,0.01,89.3,12.1,25.4,62.5,5
2026-04-28,2026-05-04,17.1,31.3,0.01,85.43333333333334,11.1,27.4,62.5,6
2026-04-28,2026-05-05,16.5,24.2,0.0,82.03333333333333,13.7,28.6,75.0,7
2026-04-29,2026-04-29,17.8,36.1,0.01,79.68333333333334,15.2,29.3,60.0,0
2026-04-29,2026-04-30,19.1,25.5,0.02,86.64999999999999,10.4,30.9,62.5,1
2026-04-29,2026-05-01,24.0,29.2,0.0,84.73333333333333,10.3,26.9,50.0,2
2026-04-29,2026-05-02,18.0,31.5,0.01,77.43333333333334,10.2,28.5,50.0,3
2026-04-29,2026-05-03,15.4,33.2,0.01,81.78333333333333,10.2,27.2,50.0,4
2026-04-29,2026-05-04,20.1,29.5,0.01,86.06666666666666,10.4,28.8,75.0,5
2026-04-29,2026-05-05,21.7,30.1,0.01,86.05,12.4,27.3,50.0,6
2026-04-29,2026-05-06,23.4,33.8,0.01,85.85000000000001,10.6,28.5,62.5,7
2026-04-30,2026-04-30,16.6,27.5,0.02,79.60000000000001,10.7,29.6,62.5,0
2026-04-30,2026-05-01,20.1,26.3,0.01,78.83333333333333,13.2,26.9,62.5,1
2026-04-30,2026-05-02,20.8,29.3,0.02,89.31666666666666,12.4,29.1,87.5,2
2026-04-30,2026-05-03,14.9,30.4,0.0,80.78333333333333,15.7,29.8,62.5,3
2026-04-30,2026-05-04,19.1,25.9,0.01,85.55,14.5,30.5,75.0,4
2026-04-30,2026-05-05,18.5,26.2,0.01,82.26666666666667,12.6,28.5,62.5,5
2026-04-30,2026-05-06,20.8,25.1,0.01,80.63333333333333,12.4,29.4,62.5,6
2026-04-30,2026-05-07,15.2,25.4,0.02,83.88333333333333,14.9,31.6,75.0,7
2026-05-01,2026-05-01,21.2,26.8,0.0,88.18333333333334,14.8,31.6,60.0,0
2026-05-01,2026-05-02,20.0,29.6,0.01,81.38333333333334,14.4,33.6,50.0,1
2026-05-01,2026-05-03,17.5,30.1,0.01,80.81666666666666,15.1,26.8,62.5,2
2026-05-01,2026-05-04,18.6,27.9,0.01,82.55,15.8,30.7,62.5,3
2026-05-01,2026-05-05,18.8,31.2,0.01,81.76666666666667,14.8,31.9,75.0,4
2026-05-01,2026-05-06,17.8,29.0,0.01,91.48333333333333,14.6,29.2,37.5,5
2026-05-01,2026-05-07,19.2,25.6,0.01,85.75,14.9,25.4,50.0,6
2026-05-01,2026-05-08,19.9,31.7,0.01,81.13333333333334,13.2,30.8,37.5,7
2026-05-02,2026-05-02,16.7,31.1,0.01,89.33333333333333,14.1,30.4,50.0,0
2026-05-02,2026-05-03,16.1,26.5,0.01,87.78333333333335,13.9,31.0,50.0,1
2026-05-02,2026-05-04,20.6,26.2,0.01,88.85000000000001,13.3,30.7,62.5,2
2026-05-02,2026-05-05,18.0,26.5,0.01,87.11666666666667,15.0,31.3,50.0,3
2026-05-02,2026-05-06,16.2,24.2,0.0,88.23333333333333,14.4,31.0,50.0,4
2026-05-02,2026-05-07,18.1,26.8,0.0,88.39999999999999,14.7,27.7,50.0,5
2026-05-02,2026-05-08,19.8,30.1,0.01,85.06666666666666,15.1,29.3,75.0,6
2026-05-02,2026-05-09,19.0,27.2,0.0,85.58333333333333,13.8,31.6,37.5,7
2026-05-03,2026-05-03,16.0,27.0,0.0,86.46666666666665,14.8,30.7,75.0,0
2026-05-03,2026-05-04,16.7,27.4,0.01,87.10000000000001,14.9,30.5,62.5,1
2026-05-03,2026-05-05,16.3,26.1,0.01,86.41666666666667,14.2,30.0,50.0,2
2026-05-03,2026-05-06,19.1,21.6,0.01,89.76666666666667,14.6,29.9,62.5,3
2026-05-03,2026-05-07,15.3,26.9,0.01,85.14999999999999,14.3,29.8,50.0,4
2026-05-03,2026-05-08,16.7,27.2,0.01,84.56666666666666,15.2,28.2,62.5,5
2026-05-03,2026-05-09,14.8,27.3,0.0,84.08333333333333,14.3,27.4,50.0,6
2026-05-03,2026-05-10,16.3,21.6,0.0,86.5,14.4,30.1,50.0,7
2026-05-04,2026-05-04,18.5,26.9,0.01,88.23333333333333,15.0,28.9,60.0,0
2026-05-04,2026-05-05,16.6,30.3,0.02,89.66666666666667,15.3,30.5,62.5,1
2026-05-04,2026-05-06,15.8,25.4,0.01,85.73333333333333,15.2,30.1,50.0,2
2026-05-04,2026-05-07,18.7,29.0,0.01,82.5,15.2,29.0,50.0,3
2026-05-04,2026-05-08,16.4,28.2,0.02,80.43333333333334,15.1,29.0,62.5,4
2026-05-04,2026-05-09,16.7,31.1,0.03,85.28333333333333,15.5,29.6,62.5,5
2026-05-04,2026-05-10,19.1,26.3,0.01,82.89999999999999,15.7,28.5,50.0,6
2026-05-04,2026-05-11,20.6,30.4,0.01,78.63333333333334,15.8,27.5,62.5,7
2026-05-05,2026-05-05,17.1,27.3,0.0,81.41666666666667,16.5,30.0,60.0,0
2026-05-05,2026-05-06,18.0,28.0,0.0,84.35000000000001,16.0,28.4,37.5,1
2026-05-05,2026-05-07,16.9,26.8,0.03,81.23333333333333,16.2,26.9,62.5,2
2026-05-05,2026-05-08,16.2,28.7,0.01,71.16666666666667,15.5,30.8,50.0,3
2026-05-05,2026-05-09,17.0,24.5,0.06,81.61666666666666,15.7,29.1,62.5,4
2026-05-05,2026-05-10,19.9,28.5,0.03,77.66666666666667,16.0,24.9,50.0,5
2026-05-05,2026-05-11,17.5,31.0,0.01,82.45,15.6,29.9,62.5,6
2026-05-05,2026-05-12,16.4,29.1,0.0,79.56666666666666,16.0,27.1,62.5,7
2026-05-06,2026-05-06,19.8,30.3,0.01,94.71666666666665,15.1,26.0,50.0,0
2026-05-06,2026-05-07,18.3,28.8,0.0,75.64999999999999,15.1,29.9,62.5,1
2026-05-06,2026-05-08,20.9,28.8,0.02,84.13333333333334,15.4,29.0,37.5,2
2026-05-06,2026-05-09,18.7,29.0,0.02,85.85000000000001,15.2,29.6,37.5,3
2026-05-06,2026-05-10,17.5,26.0,0.01,78.23333333333333,15.3,31.0,50.0,4
2026-05-06,2026-05-11,17.0,26.1,0.02,88.06666666666666,15.3,30.2,62.5,5
2026-05-06,2026-05-12,18.0,28.5,0.01,84.89999999999999,14.2,30.2,50.0,6
2026-05-06,2026-05-13,18.4,28.0,0.01,87.55,14.7,28.5,37.5,7
2026-05-07,2026-05-07,20.5,35.2,0.02,88.73333333333333,14.9,31.9,50.0,0
2026-05-07,2026-05-08,20.6,27.3,0.0,86.89999999999999,14.4,30.2,37.5,1
2026-05-07,2026-05-09,19.6,33.2,0.05,89.60000000000001,14.5,29.2,50.0,2
2026-05-07,2026-05-10,21.2,32.0,0.0,82.56666666666668,14.9,30.3,37.5,3
2026-05-07,2026-05-11,18.6,25.5,0.02,83.85000000000001,15.3,31.8,50.0,4
2026-05-07,2026-05-12,20.4,32.0,0.01,81.75,14.9,29.4,62.5,5
2026-05-07,2026-05-13,17.6,27.6,0.01,82.43333333333334,14.9,30.5,37.5,6
2026-05-07,2026-05-14,19.9,28.2,0.01,88.76666666666667,14.5,31.7,62.5,7
2026-05-08,2026-05-08,18.6,26.7,0.03,81.41666666666667,15.8,31.6,75.0,0
2026-05-08,2026-05-09,17.1,27.8,0.02,73.26666666666667,15.3,30.0,62.5,1
2026-05-08,2026-05-10,19.2,27.7,0.01,74.05,15.2,30.2,25.0,2
2026-05-08,2026-05-11,20.5,25.7,0.02,74.18333333333334,15.5,30.6,62.5,3
2026-05-08,2026-05-12,17.4,25.5,0.04,78.89999999999999,15.3,31.3,37.5,4
2026-05-08,2026-05-13,20.5,27.2,0.01,82.5,14.7,30.0,62.5,5
2026-05-08,2026-05-14,18.8,27.1,0.03,80.48333333333333,15.7,30.8,62.5,6
2026-05-08,2026-05-15,19.1,25.5,0.02,74.68333333333334,15.3,28.9,25.0,7
2026-05-09,2026-05-09,18.8,32.3,0.01,74.75,15.7,29.9,40.0,0
2026-05-09,2026-05-10,19.7,30.1,0.0,71.8,15.5,29.2,75.0,1
2026-05-09,2026-05-11,18.7,26.7,0.02,69.35000000000001,15.7,30.2,62.5,2
2026-05-09,2026-05-12,18.4,31.7,0.03,77.55,15.3,27.6,75.0,3
2026-05-09,2026-05-13,18.4,31.9,0.0,77.98333333333333,14.7,30.9,50.0,4
2026-05-09,2026-05-14,19.0,30.7,0.03,78.25,15.8,29.3,37.5,5
2026-05-09,2026-05-15,18.0,31.0,0.01,78.96666666666667,15.8,30.6,37.5,6
2026-05-09,2026-05-16,17.4,30.4,0.0,77.78333333333333,15.5,30.9,62.5,7
2026-05-10,2026-05-10,18.1,24.2,0.03,79.89999999999999,17.0,30.2,60.0,0
2026-05-10,2026-05-11,19.8,33.5,0.01,75.26666666666667,17.8,30.9,50.0,1
2026-05-10,2026-05-12,16.8,34.9,0.01,67.81666666666666,16.7,32.5,75.0,2
2026-05-10,2026-05-13,20.0,27.5,0.0,65.43333333333334,16.7,31.6,50.0,3
2026-05-10,2026-05-14,16.8,32.2,0.01,79.61666666666667,18.4,29.6,75.0,4
2026-05-10,2026-05-15,19.1,25.6,0.0,78.39999999999999,16.6,29.1,62.5,5
2026-05-10,2026-05-16,17.8,25.5,0.0,70.93333333333334,17.2,32.2,75.0,6
2026-05-10,2026-05-17,16.9,29.2,0.01,78.38333333333334,17.1,30.3,62.5,7
2026-05-11,2026-05-11,16.2,28.5,0.01,76.86666666666666,17.6,30.8,60.0,0
2026-05-11,2026-05-12,15.2,23.3,0.0,85.78333333333335,17.7,33.3,62.5,1
2026-05-11,2026-05-13,16.8,22.9,0.01,78.2,18.0,33.7,62.5,2
2026-05-11,2026-05-14,17.5,27.8,0.01,79.03333333333333,18.6,31.6,62.5,3
2026-05-11,2026-05-15,17.4,27.8,0.01,75.31666666666666,18.4,31.0,50.0,4
2026-05-11,2026-05-16,16.2,24.4,0.01,82.66666666666667,17.9,30.8,25.0,5
2026-05-11,2026-05-17,17.8,27.9,0.01,74.2,18.2,30.3,75.0,6
2026-05-11,2026-05-18,18.4,25.9,0.01,81.21666666666667,18.9,30.6,25.0,7
2026-05-12,2026-05-12,16.4,20.9,0.0,77.4,18.3,30.5,60.0,0
2026-05-12,2026-05-13,16.6,23.5,0.02,81.26666666666667,18.5,31.5,62.5,1
2026-05-12,2026-05-14,15.4,23.1,0.02,80.14999999999999,18.3,31.7,62.5,2
2026-05-12,2026-05-15,16.1,25.5,0.01,87.39999999999999,18.2,31.9,50.0,3
2026-05-12,2026-05-16,15.8,25.0,0.01,82.61666666666667,18.5,31.9,75.0,4
2026-05-12,2026-05-17,17.5,21.8,0.02,86.35000000000001,18.0,31.3,75.0,5
2026-05-12,2026-05-18,15.0,24.2,0.02,80.63333333333333,18.8,29.2,37.5,6
2026-05-12,2026-05-19,16.6,22.3,0.0,83.39999999999999,18.1,35.2,50.0,7
2026-05-13,2026-05-13,20.1,28.6,0.01,76.6,18.4,30.3,60.0,0
2026-05-13,2026-05-14,16.8,32.4,0.01,84.11666666666666,17.9,32.4,50.0,1
2026-05-13,2026-05-15,17.9,31.8,0.01,79.60000000000001,18.3,31.8,37.5,2
2026-05-13,2026-05-16,23.2,31.6,0.01,72.26666666666667,18.6,31.7,50.0,3
2026-05-13,2026-05-17,22.4,34.0,0.01,80.03333333333333,18.2,31.5,62.5,4
2026-05-13,2026-05-18,20.8,33.3,0.01,78.28333333333333,18.0,31.9,25.0,5
2026-05-13,2026-05-19,17.8,26.3,0.02,81.08333333333333,18.6,32.0,37.5,6
2026-05-13,2026-05-20,19.0,30.9,0.01,70.16666666666667,18.5,32.4,75.0,7
2026-05-14,2026-05-14,18.5,34.7,0.01,83.83333333333333,18.8,30.4,62.5,0
2026-05-14,2026-05-15,19.2,26.4,0.02,81.43333333333334,18.5,31.0,50.0,1
2026-05-14,2026-05-16,18.8,32.0,0.01,84.45,19.0,31.1,50.0,2
2026-05-14,2026-05-17,18.2,27.6,0.0,82.25,18.9,32.9,62.5,3
2026-05-14,2026-05-18,18.2,30.7,0.01,81.7,19.4,33.6,62.5,4
2026-05-14,2026-05-19,18.3,33.2,0.0,61.26666666666667,18.9,33.6,50.0,5
2026-05-14,2026-05-20,19.6,32.3,0.0,80.03333333333335,18.6,34.1,75.0,6
2026-05-14,2026-05-21,17.5,32.7,0.02,80.68333333333334,18.8,33.7,50.0,7
2026-05-15,2026-05-15,20.1,27.5,0.01,86.25,18.8,33.1,75.0,0
2026-05-15,2026-05-16,17.2,27.7,0.01,85.39999999999999,18.8,33.6,50.0,1
2026-05-15,2026-05-17,19.0,27.2,0.0,88.2,18.7,32.4,37.5,2
2026-05-15,2026-05-18,19.6,28.7,0.01,83.31666666666666,19.0,32.6,37.5,3
2026-05-15,2026-05-19,19.4,29.8,0.0,77.98333333333333,19.0,32.8,50.0,4
2026-05-15,2026-05-20,20.2,29.0,0.0,76.3,18.6,33.3,75.0,5
2026-05-15,2026-05-21,19.0,26.9,0.0,76.28333333333333,18.9,29.9,37.5,6
2026-05-15,2026-05-22,16.1,29.2,0.01,87.58333333333333,18.8,32.7,37.5,7
2026-05-16,2026-05-16,16.8,25.5,0.01,92.31666666666666,18.5,29.1,40.0,0
2026-05-16,2026-05-17,23.7,30.4,0.03,87.01666666666667,19.5,33.9,50.0,1
2026-05-16,2026-05-18,20.5,29.4,0.01,83.86666666666666,18.6,30.3,37.5,2
2026-05-16,2026-05-19,18.9,33.5,0.01,89.08333333333333,18.5,30.4,50.0,3
2026-05-16,2026-05-20,19.5,25.8,0.01,91.64999999999999,18.8,32.2,12.5,4
2026-05-16,2026-05-21,19.6,28.3,0.02,89.31666666666666,19.0,30.6,37.5,5
2026-05-16,2026-05-22,16.6,30.8,0.01,89.10000000000001,20.1,29.8,50.0,6
2026-05-16,2026-05-23,19.5,33.4,0.01,90.51666666666667,19.0,30.9,25.0,7
2026-05-17,2026-05-17,15.9,30.8,0.02,95.86666666666667,18.4,29.5,25.0,0
2026-05-17,2026-05-18,18.9,26.8,0.02,90.28333333333335,19.3,30.4,37.5,1
2026-05-17,2026-05-19,17.7,28.8,0.02,92.93333333333334,19.7,31.6,50.0,2
2026-05-17,2026-05-20,22.0,26.9,0.01,94.25,19.3,30.2,50.0,3
2026-05-17,2026-05-21,19.9,30.7,0.01,90.88333333333333,17.5,31.3,37.5,4
2026-05-17,2026-05-22,20.0,27.7,0.06,89.11666666666667,19.0,31.7,50.0,5
2026-05-17,2026-05-23,20.1,29.6,0.05,91.08333333333333,19.6,32.7,37.5,6
2026-05-17,2026-05-24,18.3,27.5,0.0,86.43333333333334,18.5,29.5,37.5,7
2026-05-18,2026-05-18,22.7,27.4,0.01,84.8,17.3,31.3,40.0,0
2026-05-18,2026-05-19,17.4,30.2,0.03,89.41666666666667,19.4,31.3,37.5,1
2026-05-18,2026-05-20,19.3,26.8,0.02,90.76666666666667,19.6,31.9,50.0,2
2026-05-18,2026-05-21,18.5,30.6,0.01,90.06666666666666,18.9,29.2,37.5,3
2026-05-18,2026-05-22,16.8,28.0,0.02,91.14999999999999,17.7,31.9,25.0,4
2026-05-18,2026-05-23,17.6,30.6,0.02,85.18333333333334,19.0,33.1,37.5,5
2026-05-18,2026-05-24,17.9,25.4,0.01,86.81666666666666,20.1,30.4,50.0,6
2026-05-18,2026-05-25,19.2,26.2,0.01,84.86666666666666,17.6,31.0,50.0,7
2026-05-19,2026-05-19,16.0,29.9,0.02,82.23333333333333,19.9,31.3,37.5,0
2026-05-19,2026-05-20,17.9,28.3,0.01,84.68333333333334,17.0,32.0,37.5,1
2026-05-19,2026-05-21,16.6,28.0,0.01,82.10000000000001,17.3,32.9,50.0,2
2026-05-19,2026-05-22,19.1,23.4,0.02,76.46666666666667,18.6,33.4,62.5,3
2026-05-19,2026-05-23,19.3,29.7,0.01,86.56666666666666,18.9,31.0,37.5,4
2026-05-19,2026-05-24,18.7,28.9,0.02,92.60000000000001,16.9,31.3,50.0,5
2026-05-19,2026-05-25,20.8,28.5,0.02,87.08333333333333,19.4,32.7,37.5,6
2026-05-19,2026-05-26,17.1,28.8,0.02,87.16666666666667,19.4,33.5,50.0,7
2026-05-20,2026-05-20,18.8,32.2,0.01,88.06666666666666,20.3,30.8,37.5,0
2026-05-20,2026-05-21,21.4,26.7,0.0,86.8,18.7,31.4,25.0,1
2026-05-20,2026-05-22,22.2,29.4,0.01,82.25,17.6,33.7,25.0,2
2026-05-20,2026-05-23,18.5,33.3,0.02,88.35000000000001,17.9,34.6,12.5,3
2026-05-20,2026-05-24,21.2,35.1,0.01,87.96666666666665,18.9,32.1,50.0,4
2026-05-20,2026-05-25,16.5,30.5,0.02,78.88333333333334,19.6,31.4,62.5,5
2026-05-20,2026-05-26,19.1,35.0,0.03,89.58333333333333,19.8,33.3,50.0,6
2026-05-20,2026-05-27,19.4,23.9,0.01,79.93333333333334,19.3,34.4,50.0,7
2026-05-21,2026-05-21,18.1,20.5,0.0,87.43333333333334,19.8,32.7,50.0,0
2026-05-21,2026-05-22,15.5,23.3,0.01,82.43333333333334,18.1,33.1,50.0,1
2026-05-21,2026-05-23,17.4,24.2,0.01,86.46666666666665,19.3,31.0,37.5,2
2026-05-21,2026-05-24,18.9,30.2,0.01,81.14999999999999,18.0,32.6,37.5,3
2026-05-21,2026-05-25,17.1,27.8,0.02,77.96666666666665,18.3,32.4,50.0,4
2026-05-21,2026-05-26,14.7,25.9,0.0,82.0,18.6,33.1,50.0,5
2026-05-21,2026-05-27,15.8,22.7,0.01,78.39999999999999,17.9,34.7,25.0,6
2026-05-21,2026-05-28,18.9,26.2,0.0,86.03333333333335,17.5,31.8,37.5,7
2026-05-22,2026-05-22,14.7,22.8,0.0,73.88333333333334,19.9,33.4,50.0,0
2026-05-22,2026-05-23,15.0,27.8,0.02,75.41666666666667,19.6,36.1,37.5,1
2026-05-22,2026-05-24,14.9,26.0,0.0,73.31666666666668,19.9,32.1,12.5,2
2026-05-22,2026-05-25,14.1,28.0,0.01,71.36666666666666,20.1,34.2,50.0,3
2026-05-22,2026-05-26,14.1,26.7,0.03,79.56666666666666,19.9,31.5,50.0,4
2026-05-22,2026-05-27,18.1,30.0,0.02,76.16666666666667,19.6,32.8,25.0,5
2026-05-22,2026-05-28,17.2,20.0,0.0,76.0,20.8,34.7,25.0,6
2026-05-22,2026-05-29,18.4,26.9,0.02,68.91666666666667,18.2,35.0,37.5,7
2026-05-23,2026-05-23,18.2,25.4,0.01,69.2,20.3,32.7,25.0,0
2026-05-23,2026-05-24,18.9,23.4,0.01,78.68333333333334,20.9,35.8,37.5,1
2026-05-23,2026-05-25,16.4,33.1,0.01,77.78333333333333,19.8,35.5,37.5,2
2026-05-23,2026-05-26,17.4,30.3,0.02,66.78333333333333,19.9,34.5,50.0,3
2026-05-23,2026-05-27,16.5,30.0,0.03,85.43333333333334,20.4,35.2,62.5,4
2026-05-23,2026-05-28,16.8,30.8,0.01,71.60000000000001,20.1,33.6,62.5,5
2026-05-23,2026-05-29,18.5,27.8,0.01,65.8,19.7,34.2,62.5,6
2026-05-23,2026-05-30,14.5,28.2,0.01,67.61666666666666,20.2,35.5,75.0,7
2026-05-24,2026-05-24,18.1,26.7,0.01,71.78333333333333,19.7,31.5,50.0,0
2026-05-24,2026-05-25,16.4,24.5,0.01,63.06666666666666,20.1,33.8,50.0,1
2026-05-24,2026-05-26,17.8,24.1,0.01,62.63333333333333,19.8,34.5,37.5,2
2026-05-24,2026-05-27,18.0,26.0,0.01,66.71666666666667,20.6,34.5,50.0,3
2026-05-24,2026-05-28,20.0,25.1,0.0,59.03333333333333,18.8,35.9,37.5,4
2026-05-24,2026-05-29,14.0,28.1,0.01,67.98333333333333,19.9,33.3,50.0,5
2026-05-24,2026-05-30,16.9,29.0,0.01,62.85,19.4,35.6,37.5,6
2026-05-24,2026-05-31,15.1,22.4,0.0,71.89999999999999,19.5,34.0,62.5,7
2026-05-25,2026-05-25,19.6,27.5,0.02,64.14999999999999,19.6,33.3,75.0,0
2026-05-25,2026-05-26,17.4,22.9,0.0,56.13333333333333,19.7,36.0,50.0,1
2026-05-25,2026-05-27,17.9,27.6,0.0,68.0,20.2,34.0,50.0,2
2026-05-25,2026-05-28,18.0,24.7,0.01,56.416666666666664,20.2,35.4,50.0,3
2026-05-25,2026-05-29,19.8,26.6,0.01,69.75,19.7,35.7,50.0,4
2026-05-25,2026-05-30,16.7,29.7,0.01,64.98333333333333,20.0,34.7,37.5,5
2026-05-25,2026-05-31,15.6,26.1,0.01,58.9,20.6,35.9,37.5,6
2026-05-25,2026-06-01,19.3,30.0,0.01,58.85,19.4,35.9,50.0,7
2026-05-26,2026-05-26,15.9,24.3,0.0,53.13333333333333,21.0,36.0,40.0,0
2026-05-26,2026-05-27,15.1,27.1,0.0,59.166666666666664,19.1,34.0,50.0,1
2026-05-26,2026-05-28,14.3,23.6,0.01,52.833333333333336,20.4,34.2,37.5,2
2026-05-26,2026-05-29,17.3,25.1,0.01,57.26666666666667,20.1,36.2,62.5,3
2026-05-26,2026-05-30,19.8,25.5,0.03,60.96666666666667,19.9,35.0,37.5,4
2026-05-26,2026-05-31,15.8,23.4,0.0,61.86666666666667,20.2,34.0,62.5,5
2026-05-26,2026-06-01,17.0,28.4,0.01,67.73333333333333,19.8,33.2,25.0,6
2026-05-26,2026-06-02,12.8,26.6,0.0,73.23333333333333,19.8,36.0,50.0,7
2026-05-27,2026-05-27,12.8,23.9,0.0,52.333333333333336,20.9,32.9,62.5,0
2026-05-27,2026-05-28,11.9,24.3,0.0,56.199999999999996,20.0,32.3,62.5,1
2026-05-27,2026-05-29,17.4,21.7,0.02,58.38333333333333,19.7,34.1,37.5,2
2026-05-27,2026-05-30,16.9,19.2,0.0,54.98333333333334,20.3,34.7,62.5,3
2026-05-27,2026-05-31,11.5,24.2,0.0,53.03333333333333,19.7,34.9,37.5,4
2026-05-27,2026-06-01,13.8,22.1,0.01,61.18333333333334,19.5,33.4,12.5,5
2026-05-27,2026-06-02,14.5,22.9,0.03,59.21666666666667,19.2,36.1,50.0,6
2026-05-27,2026-06-03,15.3,21.6,0.0,62.150000000000006,20.3,33.8,50.0,7
2026-05-28,2026-05-28,13.4,25.4,0.03,61.18333333333334,20.6,30.4,40.0,0
2026-05-28,2026-05-29,14.6,20.2,0.01,61.36666666666667,20.3,36.2,37.5,1
2026-05-28,2026-05-30,14.1,19.9,0.01,67.11666666666666,20.0,32.9,50.0,2
2026-05-28,2026-05-31,14.2,18.3,0.01,54.31666666666666,20.0,36.2,37.5,3
2026-05-28,2026-06-01,16.1,19.7,0.01,66.51666666666667,20.2,34.3,50.0,4
2026-05-28,2026-06-02,13.7,23.0,0.02,67.1,19.7,36.5,75.0,5
2026-05-28,2026-06-03,13.8,20.0,0.01,59.86666666666667,20.2,36.2,37.5,6
2026-05-28,2026-06-04,10.9,18.4,0.01,65.51666666666667,20.1,33.2,50.0,7
2026-05-29,2026-05-29,12.3,15.7,0.01,62.21666666666667,19.7,35.4,37.5,0
2026-05-29,2026-05-30,16.8,28.4,0.03,69.21666666666667,19.8,35.3,37.5,1
2026-05-29,2026-05-31,17.8,19.9,0.04,69.75,20.2,32.6,50.0,2
2026-05-29,2026-06-01,12.9,16.8,0.06,70.75,19.6,35.0,62.5,3
2026-05-29,2026-06-02,13.6,25.9,0.01,72.89999999999999,20.0,33.8,50.0,4
2026-05-29,2026-06-03,11.9,16.5,0.01,62.199999999999996,19.6,34.9,50.0,5
2026-05-29,2026-06-04,17.2,21.7,0.07,70.61666666666666,20.0,31.8,62.5,6
2026-05-29,2026-06-05,14.6,19.2,0.0,73.08333333333333,19.7,33.9,25.0,7
2026-05-30,2026-05-30,14.4,19.0,0.0,73.35000000000001,18.7,33.0,37.5,0
2026-05-30,2026-05-31,22.4,22.7,0.02,72.75,20.6,34.1,37.5,1
2026-05-30,2026-06-01,12.5,21.9,0.02,71.83333333333333,18.2,33.6,50.0,2
2026-05-30,2026-06-02,16.1,23.3,0.03,70.18333333333332,19.1,33.5,50.0,3
2026-05-30,2026-06-03,18.8,25.9,0.0,71.53333333333333,20.2,32.5,50.0,4
2026-05-30,2026-06-04,17.0,20.9,0.01,63.36666666666667,19.7,33.1,62.5,5
2026-05-30,2026-06-05,13.2,23.9,0.02,69.56666666666666,20.5,35.3,50.0,6
2026-05-30,2026-06-06,20.1,26.0,0.03,70.45,19.8,32.2,75.0,7
2026-05-31,2026-05-31,19.9,21.8,0.02,80.91666666666667,18.8,34.6,0.0,0
2026-05-31,2026-06-01,14.9,23.5,0.01,71.56666666666666,19.3,33.4,50.0,1
2026-05-31,2026-06-02,18.5,23.5,0.01,78.26666666666667,18.7,34.7,50.0,2
2026-05-31,2026-06-03,14.8,21.4,0.03,85.10000000000001,18.8,34.5,50.0,3
2026-05-31,2026-06-04,16.5,23.9,0.03,84.13333333333334,19.8,33.4,50.0,4
2026-05-31,2026-06-05,15.7,22.0,0.01,88.58333333333333,18.8,32.1,62.5,5
2026-05-31,2026-06-06,13.4,19.0,0.08,75.33333333333333,19.9,33.3,50.0,6
2026-05-31,2026-06-07,16.4,25.8,0.02,83.45,18.1,35.4,75.0,7
2026-06-01,2026-06-01,21.1,31.5,0.04,82.93333333333334,20.0,31.0,62.5,0
2026-06-01,2026-06-02,16.9,22.5,0.02,88.75,20.0,34.0,62.5,1
2026-06-01,2026-06-03,21.9,30.5,0.02,78.35000000000001,20.2,35.3,50.0,2
2026-06-01,2026-06-04,17.4,27.8,0.0,83.33333333333333,19.1,34.0,37.5,3
2026-06-01,2026-06-05,19.4,29.7,0.01,83.88333333333334,20.0,35.0,62.5,4
2026-06-01,2026-06-06,18.7,27.9,0.02,82.2,20.2,35.6,50.0,5
2026-06-01,2026-06-07,18.0,24.2,0.01,78.28333333333333,19.0,35.4,75.0,6
2026-06-01,2026-06-08,18.8,28.6,0.01,85.53333333333335,19.9,33.4,50.0,7
2026-06-02,2026-06-02,19.8,28.6,0.01,82.91666666666667,21.5,35.3,50.0,0
2026-06-02,2026-06-03,18.5,24.3,0.03,93.11666666666667,20.8,31.7,62.5,1
2026-06-02,2026-06-04,19.3,30.5,0.02,87.03333333333335,19.5,34.8,50.0,2
2026-06-02,2026-06-05,18.9,26.2,0.0,90.26666666666667,20.9,32.8,50.0,3
2026-06-02,2026-06-06,21.3,23.8,0.02,94.96666666666665,20.7,33.3,50.0,4
2026-06-02,2026-06-07,20.2,26.2,0.03,88.60000000000001,21.6,35.4,62.5,5
2026-06-02,2026-06-08,17.1,27.6,0.02,93.89999999999999,18.7,35.3,37.5,6
2026-06-02,2026-06-09,21.0,31.7,0.02,89.61666666666667,19.4,35.3,75.0,7
2026-06-03,2026-06-03,20.8,23.4,0.0,91.28333333333332,20.2,35.1,62.5,0
2026-06-03,2026-06-04,17.6,24.0,0.03,83.36666666666666,20.1,33.1,37.5,1
2026-06-03,2026-06-05,19.0,21.9,0.01,87.2,21.0,32.4,62.5,2
2026-06-03,2026-06-06,17.7,29.0,0.01,93.31666666666666,21.3,34.4,37.5,3
2026-06-03,2026-06-07,17.8,30.0,0.02,93.0,21.0,32.3,87.5,4
2026-06-03,2026-06-08,21.4,27.8,0.01,88.13333333333333,21.5,32.8,50.0,5
2026-06-03,2026-06-09,25.0,25.4,0.03,86.56666666666666,21.4,35.3,62.5,6
2026-06-03,2026-06-10,18.8,29.1,0.02,90.48333333333333,20.6,32.2,62.5,7
2026-06-04,2026-06-04,15.3,32.0,0.03,82.56666666666666,20.8,32.6,75.0,0
2026-06-04,2026-06-05,18.9,23.0,0.02,82.05,20.6,34.9,50.0,1
2026-06-04,2026-06-06,21.5,28.4,0.01,87.95,20.5,34.5,75.0,2
2026-06-04,2026-06-07,18.2,25.3,0.02,87.61666666666667,20.7,33.4,62.5,3
2026-06-04,2026-06-08,19.8,24.2,0.02,87.95,20.8,33.2,50.0,4
2026-06-04,2026-06-09,19.2,28.1,0.03,85.76666666666667,21.4,32.8,75.0,5
2026-06-04,2026-06-10,17.3,24.6,0.0,87.63333333333333,20.8,30.4,50.0,6
2026-06-04,2026-06-11,17.1,30.0,0.0,94.31666666666666,20.9,34.9,62.5,7
2026-06-05,2026-06-05,16.4,27.2,0.02,89.88333333333333,20.3,34.6,50.0,0
2026-06-05,2026-06-06,21.1,24.0,0.01,89.86666666666667,20.1,32.4,62.5,1
2026-06-05,2026-06-07,16.0,24.7,0.01,87.45,19.6,31.7,62.5,2
2026-06-05,2026-06-08,17.3,26.7,0.01,87.61666666666667,19.5,30.1,75.0,3
2026-06-05,2026-06-09,19.7,30.2,0.0,86.33333333333333,19.8,32.5,50.0,4
2026-06-05,2026-06-10,17.6,22.1,0.01,84.95,20.4,31.2,62.5,5
2026-06-05,2026-06-11,15.5,27.0,0.01,80.53333333333333,19.5,31.3,37.5,6
2026-06-05,2026-06-12,16.1,23.1,0.02,88.78333333333335,19.4,30.1,62.5,7
2026-06-06,2026-06-06,18.2,23.8,0.01,75.5,20.5,32.0,75.0,0
2026-06-06,2026-06-07,17.0,19.5,0.01,78.86666666666666,20.3,31.6,75.0,1
2026-06-06,2026-06-08,16.2,26.6,0.0,81.38333333333334,18.8,31.5,50.0,2
2026-06-06,2026-06-09,17.1,26.0,0.0,83.56666666666666,20.5,30.1,62.5,3
2026-06-06,2026-06-10,17.7,18.7,0.02,83.26666666666667,19.3,32.0,87.5,4
2026-06-06,2026-06-11,18.8,24.8,0.03,78.36666666666666,20.2,31.2,75.0,5
2026-06-06,2026-06-12,16.4,24.0,0.0,75.63333333333334,19.2,31.7,62.5,6
2026-06-06,2026-06-13,18.3,24.4,0.02,84.31666666666666,20.4,29.6,87.5,7
2026-06-07,2026-06-07,22.3,34.7,0.02,86.66666666666667,19.1,34.6,60.0,0
2026-06-07,2026-06-08,21.0,26.7,0.01,79.48333333333333,18.2,31.1,50.0,1
2026-06-07,2026-06-09,21.1,35.3,0.02,82.56666666666666,20.4,29.4,50.0,2
2026-06-07,2026-06-10,18.8,28.4,0.02,83.38333333333334,19.5,30.4,62.5,3
2026-06-07,2026-06-11,20.2,28.9,0.03,82.18333333333334,20.3,32.4,62.5,4
2026-06-07,2026-06-12,22.4,27.2,0.02,83.66666666666667,20.2,32.8,50.0,5
2026-06-07,2026-06-13,21.4,33.5,0.01,87.0,19.3,32.5,62.5,6
2026-06-07,2026-06-14,17.8,26.1,0.02,81.3,18.6,29.9,87.5,7
2026-06-08,2026-06-08,20.2,28.1,0.09,93.39999999999999,19.9,30.4,60.0,0
2026-06-08,2026-06-09,17.7,26.4,0.01,94.56666666666666,19.4,30.4,62.5,1
2026-06-08,2026-06-10,19.8,27.1,0.02,84.86666666666666,20.3,29.4,62.5,2
2026-06-08,2026-06-11,21.9,27.8,0.02,84.48333333333333,20.1,29.9,50.0,3
2026-06-08,2026-06-12,17.4,30.2,0.02,84.18333333333334,19.8,30.5,62.5,4
2026-06-08,2026-06-13,17.4,25.9,0.0,90.60000000000001,19.8,32.1,75.0,5
2026-06-08,2026-06-14,20.0,27.7,0.01,87.96666666666665,19.7,30.3,75.0,6
2026-06-08,2026-06-15,17.9,24.0,0.02,81.95,20.1,31.4,50.0,7
2026-06-09,2026-06-09,14.2,29.2,0.01,88.5,20.3,28.7,20.0,0
2026-06-09,2026-06-10,19.2,29.4,0.03,94.08333333333333,18.7,29.1,50.0,1
2026-06-09,2026-06-11,17.0,27.1,0.02,85.96666666666665,20.1,28.4,37.5,2
2026-06-09,2026-06-12,16.8,30.7,0.01,89.89999999999999,19.3,28.6,37.5,3
2026-06-09,2026-06-13,20.3,26.1,0.04,85.89999999999999,19.6,30.0,62.5,4
2026-06-09,2026-06-14,19.1,27.1,0.02,92.85000000000001,20.4,30.9,62.5,5
2026-06-09,2026-06-15,22.2,27.6,0.02,86.16666666666667,18.7,29.5,62.5,6
2026-06-09,2026-06-16,15.8,29.8,0.02,85.5,19.1,29.8,62.5,7
2026-06-10,2026-06-10,17.0,31.9,0.03,88.23333333333333,21.5,29.3,20.0,0
2026-06-10,2026-06-11,18.7,27.5,0.01,94.98333333333333,20.5,29.4,50.0,1
2026-06-10,2026-06-12,17.1,27.1,0.02,96.93333333333334,21.5,29.8,62.5,2
2026-06-10,2026-06-13,18.3,27.1,0.02,95.33333333333333,20.4,30.3,50.0,3
2026-06-10,2026-06-14,18.9,25.2,0.02,96.78333333333335,20.4,30.1,37.5,4
2026-06-10,2026-06-15,18.2,24.4,0.03,92.95,19.3,29.7,25.0,5
2026-06-10,2026-06-16,19.4,27.0,0.03,92.13333333333333,20.4,29.5,62.5,6
2026-06-10,2026-06-17,22.2,23.6,0.01,94.38333333333333,20.9,27.6,50.0,7
2026-06-11,2026-06-11,26.1,26.0,0.01,91.14999999999999,21.2,30.0,40.0,0
2026-06-11,2026-06-12,24.9,38.6,0.0,92.36666666666667,20.8,32.0,25.0,1
2026-06-11,2026-06-13,19.0,25.1,0.01,92.35000000000001,22.1,29.7,25.0,2
2026-06-11,2026-06-14,23.7,39.4,0.03,90.68333333333334,20.9,30.4,62.5,3
2026-06-11,2026-06-15,20.6,30.1,0.04,91.7,20.6,30.7,37.5,4
2026-06-11,2026-06-16,18.6,30.9,0.05,91.61666666666667,20.7,26.8,50.0,5
2026-06-11,2026-06-17,17.8,29.8,0.01,94.78333333333335,20.6,31.1,50.0,6
2026-06-11,2026-06-18,17.5,28.8,0.03,93.93333333333334,21.2,28.5,37.5,7
2026-06-12,2026-06-12,18.7,31.3,0.03,90.86666666666666,20.3,29.8,25.0,0
2026-06-12,2026-06-13,17.9,29.9,0.01,91.78333333333335,22.8,31.0,62.5,1
2026-06-12,2026-06-14,19.6,28.5,0.03,93.43333333333334,20.9,30.9,37.5,2
2026-06-12,2026-06-15,18.3,27.5,0.02,97.5,21.7,28.9,50.0,3
2026-06-12,2026-06-16,19.7,26.5,0.01,93.95,21.3,29.3,50.0,4
2026-06-12,2026-06-17,21.5,29.6,0.02,95.05,21.6,29.8,50.0,5
2026-06-12,2026-06-18,18.9,31.4,0.01,94.75,21.2,29.7,37.5,6
2026-06-12,2026-06-19,19.9,27.9,0.02,95.03333333333335,21.2,30.4,50.0,7
2026-06-13,2026-06-13,21.2,26.4,0.05,92.26666666666667,22.6,32.5,20.0,0
2026-06-13,2026-06-14,19.2,31.4,0.02,92.06666666666666,21.6,34.5,62.5,1
2026-06-13,2026-06-15,22.7,29.5,0.03,87.26666666666667,21.0,33.9,62.5,2
2026-06-13,2026-06-16,20.5,24.8,0.01,93.88333333333333,20.8,32.8,50.0,3
2026-06-13,2026-06-17,17.1,32.7,0.01,93.5,21.2,32.6,50.0,4
2026-06-13,2026-06-18,17.9,27.7,0.03,92.05,21.8,32.9,50.0,5
2026-06-13,2026-06-19,19.2,25.7,0.01,91.2,22.2,31.3,25.0,6
2026-06-13,2026-06-20,18.7,36.6,0.05,90.68333333333334,20.8,27.9,50.0,7
2026-06-14,2026-06-14,17.4,29.4,0.03,90.96666666666665,22.3,32.0,40.0,0
2026-06-14,2026-06-15,17.1,27.4,0.02,89.3,22.8,31.1,50.0,1
2026-06-14,2026-06-16,19.2,27.4,0.03,88.55,22.3,33.8,50.0,2
2026-06-14,2026-06-17,19.2,29.3,0.01,93.10000000000001,22.2,31.4,25.0,3
2026-06-14,2026-06-18,18.6,26.3,0.02,91.60000000000001,22.3,32.8,62.5,4
2026-06-14,2026-06-19,19.0,30.0,0.04,90.14999999999999,21.9,33.4,37.5,5
2026-06-14,2026-06-20,21.3,26.9,0.02,95.45,21.9,33.5,50.0,6
2026-06-14,2026-06-21,20.2,24.4,0.02,93.7,22.0,33.6,50.0,7
2026-06-15,2026-06-15,17.6,26.5,0.03,92.91666666666667,21.6,32.7,40.0,0
2026-06-15,2026-06-16,17.1,28.6,0.03,93.08333333333333,21.0,32.4,50.0,1
2026-06-15,2026-06-17,14.2,28.1,0.03,90.89999999999999,21.2,33.1,50.0,2
2026-06-15,2026-06-18,18.5,25.8,0.01,94.7,21.5,33.9,37.5,3
2026-06-15,2026-06-19,17.1,29.5,0.02,97.73333333333333,21.0,32.1,37.5,4
2026-06-15,2026-06-20,16.6,28.2,0.02,93.31666666666666,20.9,32.1,62.5,5
2026-06-15,2026-06-21,16.9,30.2,0.04,90.13333333333333,20.4,33.0,37.5,6
2026-06-15,2026-06-22,18.9,30.3,0.01,95.06666666666666,21.1,28.0,37.5,7
2026-06-16,2026-06-16,18.4,29.0,0.01,91.35,23.0,29.1,28.6,0
2026-06-16,2026-06-17,18.0,29.2,0.01,91.975,21.7,32.7,62.5,1
2026-06-16,2026-06-18,17.1,26.1,0.04,69.64,22.8,31.9,87.5,2
2026-06-16,2026-06-19,22.5,26.4,0.0,71.73333333333333,22.7,31.7,62.5,3
2026-06-16,2026-06-20,17.6,27.6,0.01,95.375,21.8,30.9,37.5,4
2026-06-16,2026-06-21,18.0,26.6,0.02,86.0,22.2,31.9,50.0,5
2026-06-16,2026-06-22,19.5,27.2,0.02,78.14999999999999,22.6,32.6,37.5,6
2026-06-16,2026-06-23,17.2,29.9,0.01,84.96000000000001,22.8,31.8,75.0,7
2026-06-17,2026-06-17,16.4,23.2,0.0,92.58333333333333,21.3,33.6,40.0,0
2026-06-17,2026-06-18,17.8,25.5,0.01,89.58333333333333,21.2,32.6,37.5,1
2026-06-17,2026-06-19,19.0,24.2,0.03,91.48333333333333,21.0,33.4,50.0,2
2026-06-17,2026-06-20,18.0,24.7,0.02,86.89999999999999,20.8,32.9,37.5,3
2026-06-17,2026-06-21,19.0,25.1,0.02,88.75,21.3,31.5,62.5,4
2026-06-17,2026-06-22,14.7,23.3,0.01,91.41666666666667,21.6,32.8,37.5,5
2026-06-17,2026-06-23,14.4,27.6,0.03,92.39999999999999,21.0,35.4,62.5,6
2026-06-17,2026-06-24,18.8,25.5,0.02,94.71666666666665,21.4,32.4,25.0,7
2026-06-18,2026-06-18,19.4,24.1,0.01,89.5,22.2,31.7,60.0,0
2026-06-18,2026-06-19,19.0,28.4,0.0,87.2,21.3,31.6,25.0,1
2026-06-18,2026-06-20,22.4,24.8,0.01,84.68333333333334,21.1,35.6,50.0,2
2026-06-18,2026-06-21,16.8,27.0,0.0,79.78333333333333,22.0,34.0,37.5,3
2026-06-18,2026-06-22,16.3,28.0,0.02,89.98333333333333,21.6,35.8,50.0,4
2026-06-18,2026-06-23,19.6,22.9,0.01,80.36666666666666,21.2,33.8,62.5,5
2026-06-18,2026-06-24,19.4,21.5,0.0,88.35000000000001,21.4,33.3,37.5,6
2026-06-18,2026-06-25,18.2,28.1,0.01,88.55,21.4,35.5,37.5,7
2026-06-19,2026-06-19,21.6,28.1,0.01,80.36666666666667,21.0,35.1,50.0,0
2026-06-19,2026-06-20,22.1,30.9,0.0,83.55,20.4,36.4,25.0,1
2026-06-19,2026-06-21,19.5,30.3,0.01,75.85000000000001,20.9,36.2,50.0,2
2026-06-19,2026-06-22,17.5,28.4,0.02,88.60000000000001,21.8,33.9,37.5,3
2026-06-19,2026-06-23,20.6,29.3,0.01,76.71666666666667,21.1,33.3,37.5,4
2026-06-19,2026-06-24,21.2,27.6,0.0,82.88333333333334,21.1,34.7,50.0,5
2026-06-19,2026-06-25,18.6,30.6,0.01,80.93333333333332,21.3,35.9,50.0,6
2026-06-19,2026-06-26,20.3,28.4,0.02,87.64999999999999,20.6,36.0,37.5,7
2026-06-20,2026-06-20,23.3,39.1,0.03,81.31666666666666,21.8,35.9,50.0,0
2026-06-20,2026-06-21,31.3,31.7,0.01,75.38333333333334,22.0,35.9,50.0,1
2026-06-20,2026-06-22,19.9,37.1,0.01,83.83333333333333,21.9,32.6,37.5,2
2026-06-20,2026-06-23,21.9,26.0,0.01,82.25,21.4,35.6,50.0,3
2026-06-20,2026-06-24,15.2,41.1,0.04,78.11666666666666,21.2,33.5,37.5,4
2026-06-20,2026-06-25,22.5,29.5,0.0,78.95,21.1,33.9,50.0,5
2026-06-20,2026-06-26,18.7,40.1,0.04,83.85000000000001,21.0,35.0,50.0,6
2026-06-20,2026-06-27,22.6,37.8,0.03,77.43333333333334,22.6,33.8,75.0,7
2026-06-21,2026-06-21,12.5,22.0,0.01,93.75,22.0,33.5,62.5,0
2026-06-21,2026-06-22,16.9,20.1,0.06,83.48333333333333,20.7,35.6,50.0,1
2026-06-21,2026-06-23,16.1,23.7,0.01,86.36666666666667,21.5,30.2,37.5,2
2026-06-21,2026-06-24,15.9,21.7,0.0,87.2,21.9,33.6,50.0,3
2026-06-21,2026-06-25,16.1,20.6,0.0,84.60000000000001,20.6,34.7,50.0,4
2026-06-21,2026-06-26,19.4,23.9,0.01,76.95,21.8,33.6,50.0,5
2026-06-21,2026-06-27,14.9,21.6,0.0,85.63333333333333,22.2,33.9,62.5,6
2026-06-21,2026-06-28,17.7,22.1,0.02,77.71666666666667,20.3,35.4,50.0,7
2026-06-22,2026-06-22,14.5,20.8,0.0,81.8,21.9,35.6,37.5,0
2026-06-22,2026-06-23,15.2,26.6,0.0,80.81666666666666,21.9,35.7,25.0,1
2026-06-22,2026-06-24,14.7,23.7,0.02,87.36666666666667,21.7,31.4,37.5,2
2026-06-22,2026-06-25,15.4,24.3,0.01,78.55,22.0,32.0,50.0,3
2026-06-22,2026-06-26,16.0,24.2,0.0,83.98333333333333,22.4,32.9,50.0,4
2026-06-22,2026-06-27,14.7,26.5,0.0,81.64999999999999,22.3,32.5,50.0,5
2026-06-22,2026-06-28,16.6,24.4,0.01,77.93333333333334,22.0,30.8,50.0,6
2026-06-22,2026-06-29,12.6,22.5,0.01,80.06666666666666,22.4,34.8,75.0,7
2026-06-23,2026-06-23,13.6,23.3,0.0,91.35000000000001,21.9,30.4,50.0,0
2026-06-23,2026-06-24,16.8,25.5,0.01,91.06666666666666,21.6,31.0,25.0,1
2026-06-23,2026-06-25,17.3,24.7,0.01,86.23333333333333,21.3,33.4,50.0,2
2026-06-23,2026-06-26,16.2,22.0,0.0,82.39999999999999,21.6,34.1,75.0,3
2026-06-23,2026-06-27,14.2,23.0,0.0,74.78333333333333,22.9,35.4,62.5,4
2026-06-23,2026-06-28,15.4,20.8,0.01,81.83333333333333,22.0,33.0,75.0,5
2026-06-23,2026-06-29,13.1,23.9,0.02,86.28333333333335,22.5,35.4,37.5,6
2026-06-23,2026-06-30,18.7,19.8,0.0,85.03333333333333,22.7,34.6,50.0,7
2026-06-24,2026-06-24,14.6,20.5,0.0,83.93333333333334,21.3,34.4,37.5,0
2026-06-24,2026-06-25,14.0,18.5,0.0,79.95,21.9,33.1,37.5,1
2026-06-24,2026-06-26,14.7,23.7,0.01,77.63333333333334,21.6,33.7,62.5,2
2026-06-24,2026-06-27,11.2,22.4,0.02,82.55,22.5,30.9,62.5,3
2026-06-24,2026-06-28,12.3,24.0,0.0,84.61666666666667,21.4,31.9,75.0,4
2026-06-24,2026-06-29,11.3,26.3,0.01,85.41666666666667,22.1,33.3,75.0,5
2026-06-24,2026-06-30,16.2,19.7,0.01,86.66666666666667,22.3,34.6,50.0,6
2026-06-24,2026-07-01,13.1,20.9,0.02,83.41666666666667,21.5,34.3,62.5,7
2026-06-25,2026-06-25,12.5,19.1,0.01,85.25,22.2,32.6,60.0,0
2026-06-25,2026-06-26,15.5,19.5,0.01,85.93333333333334,21.7,33.9,75.0,1
2026-06-25,2026-06-27,14.7,22.6,0.0,83.75,22.0,34.1,62.5,2
2026-06-25,2026-06-28,14.9,20.0,0.01,87.89999999999999,21.4,32.8,62.5,3
2026-06-25,2026-06-29,14.3,20.2,0.01,84.46666666666667,21.6,33.6,62.5,4
2026-06-25,2026-06-30,15.5,23.6,0.01,86.85000000000001,21.5,34.4,62.5,5
2026-06-25,2026-07-01,12.0,22.3,0.0,85.55,21.9,33.2,62.5,6
2026-06-25,2026-07-02,12.3,21.4,0.01,89.30000000000001,22.8,33.4,75.0,7
2026-06-26,2026-06-26,15.8,24.4,0.0,89.01666666666667,21.5,31.9,60.0,0
2026-06-26,2026-06-27,16.1,20.1,0.01,89.45,22.0,33.9,50.0,1
2026-06-26,2026-06-28,15.2,19.7,0.01,89.14999999999999,21.7,32.5,62.5,2
2026-06-26,2026-06-29,15.3,20.6,0.01,80.51666666666667,22.8,31.8,62.5,3
2026-06-26,2026-06-30,15.3,21.4,0.01,77.11666666666667,21.8,31.1,37.5,4
2026-06-26,2026-07-01,15.9,19.5,0.01,84.16666666666667,23.1,31.4,62.5,5
2026-06-26,2026-07-02,16.9,21.7,0.01,83.73333333333333,21.6,32.1,37.5,6
2026-06-26,2026-07-03,12.4,20.4,0.01,85.60000000000001,21.7,33.6,62.5,7
2026-06-27,2026-06-27,14.9,22.2,0.0,83.75,23.9,32.0,80.0,0
2026-06-27,2026-06-28,16.8,22.3,0.01,92.51666666666667,22.9,32.6,50.0,1
2026-06-27,2026-06-29,15.9,21.8,0.01,75.35000000000001,22.4,32.1,37.5,2
2026-06-27,2026-06-30,14.7,19.9,0.0,84.35000000000001,22.8,31.6,50.0,3
2026-06-27,2026-07-01,16.0,23.1,0.01,85.16666666666667,23.0,30.3,62.5,4
2026-06-27,2026-07-02,14.8,21.7,0.01,86.13333333333333,22.5,32.4,50.0,5
2026-06-27,2026-07-03,14.4,20.9,0.01,80.7,22.1,31.8,75.0,6
2026-06-27,2026-07-04,16.8,24.6,0.01,80.96666666666667,23.0,32.3,50.0,7
2026-06-28,2026-06-28,15.4,23.6,0.01,85.56666666666666,22.3,32.6,60.0,0
2026-06-28,2026-06-29,15.9,21.9,0.01,77.35000000000001,22.3,31.8,87.5,1
2026-06-28,2026-06-30,16.8,23.2,0.01,87.28333333333335,22.7,31.0,62.5,2
2026-06-28,2026-07-01,16.3,22.5,0.01,83.16666666666667,23.6,33.5,50.0,3
2026-06-28,2026-07-02,16.2,21.5,0.0,86.60000000000001,23.2,34.3,62.5,4
2026-06-28,2026-07-03,16.6,23.1,0.0,92.26666666666667,22.5,32.0,75.0,5
2026-06-28,2026-07-04,15.6,21.7,0.0,84.73333333333333,23.0,32.9,50.0,6
2026-06-28,2026-07-05,14.2,23.7,0.0,83.23333333333333,22.9,30.7,50.0,7
2026-06-29,2026-06-29,17.5,23.8,0.01,83.14999999999999,23.1,32.9,20.0,0
2026-06-29,2026-06-30,18.9,25.7,0.0,86.2,23.5,32.5,62.5,1
2026-06-29,2026-07-01,16.5,30.8,0.01,79.36666666666666,23.3,32.6,62.5,2
2026-06-29,2026-07-02,15.7,22.0,0.04,81.73333333333333,22.9,33.4,37.5,3
2026-06-29,2026-07-03,16.5,33.1,0.02,85.7,23.3,32.9,50.0,4
2026-06-29,2026-07-04,15.1,25.5,0.0,81.81666666666666,24.2,32.7,62.5,5
2026-06-29,2026-07-05,18.8,26.4,0.01,81.18333333333334,22.9,34.2,50.0,6
2026-06-29,2026-07-06,21.2,24.1,0.02,84.0,23.2,31.0,62.5,7
2026-06-30,2026-06-30,16.0,33.3,0.01,82.93333333333334,24.4,32.8,75.0,0
2026-06-30,2026-07-01,17.2,27.8,0.01,85.31666666666666,22.6,33.1,37.5,1
2026-06-30,2026-07-02,17.6,22.4,0.01,71.7,23.9,32.6,37.5,2
2026-06-30,2026-07-03,16.1,25.7,0.0,74.26666666666667,21.5,33.9,37.5,3
2026-06-30,2026-07-04,19.0,31.0,0.02,74.33333333333333,23.8,34.8,50.0,4
2026-06-30,2026-07-05,15.3,30.4,0.01,66.36666666666667,23.8,32.2,62.5,5
2026-06-30,2026-07-06,17.1,31.3,0.01,80.61666666666666,22.5,34.0,62.5,6
2026-06-30,2026-07-07,15.2,25.2,0.02,76.51666666666667,21.8,32.3,25.0,7
2026-07-01,2026-07-01,23.4,49.4,0.04,79.55,22.9,32.0,60.0,0
2026-07-01,2026-07-02,39.0,42.3,0.01,82.35000000000001,22.3,33.1,62.5,1
2026-07-01,2026-07-03,39.8,29.5,0.02,81.25,23.2,31.1,75.0,2
2026-07-01,2026-07-04,36.9,35.1,0.07,84.60000000000001,23.9,34.4,62.5,3
2026-07-01,2026-07-05,28.9,44.4,0.04,77.73333333333333,23.0,36.0,50.0,4
2026-07-01,2026-07-06,21.3,30.2,0.03,80.91666666666667,22.9,32.4,50.0,5
2026-07-01,2026-07-07,24.1,36.1,0.01,80.0,22.5,32.7,62.5,6
2026-07-01,2026-07-08,18.0,37.2,0.01,86.0,23.5,35.9,62.5,7
2026-07-02,2026-07-02,39.3,70.8,0.02,73.33333333333333,25.1,35.4,60.0,0
2026-07-02,2026-07-03,46.4,36.3,0.02,76.55,24.7,32.1,75.0,1
2026-07-02,2026-07-04,34.3,50.8,0.04,81.10000000000001,25.2,34.0,87.5,2
2026-07-02,2026-07-05,29.0,61.2,0.02,83.11666666666666,24.3,32.8,62.5,3
2026-07-02,2026-07-06,42.7,44.7,0.01,73.78333333333333,24.2,33.9,62.5,4
2026-07-02,2026-07-07,34.5,37.7,0.02,73.53333333333335,24.6,33.1,50.0,5
2026-07-02,2026-07-08,41.3,57.7,0.02,65.3,24.9,32.7,62.5,6
2026-07-02,2026-07-09,38.1,57.6,0.03,82.28333333333333,24.5,33.5,50.0,7
2026-07-03,2026-07-03,25.0,58.3,0.06,67.21666666666667,24.3,37.2,40.0,0
2026-07-03,2026-07-04,39.3,44.8,0.02,79.60000000000001,24.5,34.7,50.0,1
2026-07-03,2026-07-05,40.5,57.1,0.01,82.0,24.6,32.0,50.0,2
2026-07-03,2026-07-06,44.6,67.3,0.03,76.46666666666665,24.2,33.5,62.5,3
2026-07-03,2026-07-07,37.4,46.2,0.03,79.2,24.4,34.3,62.5,4
2026-07-03,2026-07-08,36.5,65.0,0.03,83.95,24.1,34.8,62.5,5
2026-07-03,2026-07-09,31.8,56.1,0.02,79.81666666666666,24.3,36.1,50.0,6
2026-07-03,2026-07-10,31.3,46.1,0.04,81.26666666666667,24.0,31.1,62.5,7
2026-07-04,2026-07-04,34.6,43.3,0.02,77.35000000000001,24.2,34.5,60.0,0
2026-07-04,2026-07-05,52.8,79.0,0.01,75.88333333333334,24.5,32.3,50.0,1
2026-07-04,2026-07-06,38.9,75.1,0.02,81.85000000000001,23.5,36.9,50.0,2
2026-07-04,2026-07-07,35.4,82.9,0.02,78.93333333333334,24.5,34.6,62.5,3
2026-07-04,2026-07-08,37.7,52.5,0.01,73.89999999999999,24.6,35.2,62.5,4
2026-07-04,2026-07-09,53.1,56.8,0.06,74.45,23.8,36.9,62.5,5
2026-07-04,2026-07-10,33.4,78.8,0.01,77.0,24.5,34.4,75.0,6
2026-07-04,2026-07-11,53.5,52.9,0.03,80.64999999999999,24.2,34.0,50.0,7
2026-07-05,2026-07-05,43.1,67.9,0.01,81.28333333333333,24.9,33.1,60.0,0
2026-07-05,2026-07-06,47.2,62.1,0.0,73.0,23.9,37.0,62.5,1
2026-07-05,2026-07-07,25.2,52.2,0.04,71.48333333333333,24.1,34.1,62.5,2
2026-07-05,2026-07-08,25.8,53.8,0.04,81.08333333333333,23.9,33.5,62.5,3
2026-07-05,2026-07-09,38.4,44.5,0.02,77.36666666666666,24.3,31.2,50.0,4
2026-07-05,2026-07-10,36.8,51.0,0.04,74.75,24.2,36.5,37.5,5
2026-07-05,2026-07-11,35.0,45.8,0.02,76.25,25.0,35.6,75.0,6
2026-07-05,2026-07-12,32.0,71.4,0.01,80.16666666666667,24.5,34.0,50.0,7
2026-07-06,2026-07-06,40.5,43.6,0.04,78.86666666666666,24.4,34.5,50.0,0
2026-07-06,2026-07-07,24.6,67.0,0.02,74.11666666666667,23.9,34.8,50.0,1
2026-07-06,2026-07-08,27.6,47.3,0.04,63.48333333333334,24.2,34.2,62.5,2
2026-07-06,2026-07-09,42.9,62.1,0.05,76.31666666666666,25.2,31.8,62.5,3
2026-07-06,2026-07-10,43.0,48.5,0.02,74.10000000000001,24.4,35.8,37.5,4
2026-07-06,2026-07-11,33.2,49.8,0.03,71.16666666666667,25.1,35.6,87.5,5
2026-07-06,2026-07-12,29.6,57.6,0.02,71.88333333333334,24.6,34.7,62.5,6
2026-07-06,2026-07-13,32.9,52.7,0.01,70.95,24.8,33.3,75.0,7
2026-07-07,2026-07-07,33.3,54.8,0.01,68.56666666666666,24.9,36.3,62.5,0
2026-07-07,2026-07-08,35.3,45.3,0.02,68.88333333333334,24.2,33.7,75.0,1
2026-07-07,2026-07-09,29.8,44.8,0.01,66.46666666666667,23.9,37.2,75.0,2
2026-07-07,2026-07-10,37.8,48.5,0.02,64.3,24.8,35.7,62.5,3
2026-07-07,2026-07-11,30.1,52.9,0.0,62.06666666666666,24.3,35.7,37.5,4
2026-07-07,2026-07-12,30.4,50.1,0.0,72.21666666666667,24.8,35.7,50.0,5
2026-07-07,2026-07-13,29.5,45.7,0.01,71.41666666666667,24.7,35.8,62.5,6
2026-07-07,2026-07-14,36.9,49.1,0.0,80.26666666666667,24.0,36.6,62.5,7
2026-07-08,2026-07-08,33.1,34.5,0.02,82.01666666666667,24.8,34.9,87.5,0
2026-07-08,2026-07-09,32.1,48.5,0.0,84.58333333333333,25.0,36.6,62.5,1
2026-07-08,2026-07-10,29.3,51.9,0.02,88.51666666666667,24.5,36.1,50.0,2
2026-07-08,2026-07-11,31.6,44.5,0.02,76.75,24.8,35.9,50.0,3
2026-07-08,2026-07-12,32.2,36.1,0.01,83.55,24.5,36.2,62.5,4
2026-07-08,2026-07-13,31.8,49.8,0.03,77.18333333333334,24.7,34.6,50.0,5
2026-07-08,2026-07-14,36.6,47.8,0.01,82.11666666666666,24.3,36.1,62.5,6
2026-07-08,2026-07-15,34.0,50.5,0.01,85.38333333333333,25.3,36.1,62.5,7
2026-07-09,2026-07-09,34.2,47.8,0.01,74.38333333333334,25.4,36.6,40.0,0
2026-07-09,2026-07-10,33.0,48.8,0.01,81.03333333333333,25.4,35.9,75.0,1
2026-07-09,2026-07-11,28.1,49.7,0.01,81.55,24.6,36.0,75.0,2
2026-07-09,2026-07-12,27.5,46.6,0.05,75.28333333333333,25.2,36.4,50.0,3
2026-07-09,2026-07-13,34.5,52.7,0.01,72.81666666666666,25.3,33.1,75.0,4
2026-07-09,2026-07-14,33.3,48.7,0.01,73.53333333333333,24.8,36.2,62.5,5
2026-07-09,2026-07-15,35.6,46.5,0.03,80.01666666666667,24.4,36.1,62.5,6
2026-07-09,2026-07-16,32.6,50.0,0.02,75.75,24.9,36.5,75.0,7
2026-07-10,2026-07-10,31.2,50.7,0.0,69.91666666666667,25.5,37.3,62.5,0
2026-07-10,2026-07-11,29.9,49.4,0.01,78.71666666666667,25.4,34.3,62.5,1
2026-07-10,2026-07-12,38.4,51.9,0.01,76.5,25.5,35.9,37.5,2
2026-07-10,2026-07-13,33.0,49.5,0.01,74.10000000000001,26.0,36.6,87.5,3
2026-07-10,2026-07-14,32.1,49.3,0.02,76.16666666666667,26.2,32.3,75.0,4
2026-07-10,2026-07-15,40.4,50.1,0.01,79.08333333333333,25.2,36.3,50.0,5
2026-07-10,2026-07-16,38.9,55.0,0.01,81.21666666666667,24.7,36.9,37.5,6
2026-07-10,2026-07-17,32.5,42.5,0.01,75.76666666666667,26.0,36.2,75.0,7
2026-07-11,2026-07-11,41.5,54.4,0.04,88.48333333333333,23.7,33.2,60.0,0
2026-07-11,2026-07-12,24.4,47.9,0.01,82.11666666666666,24.6,36.5,62.5,1
2026-07-11,2026-07-13,27.2,41.2,0.01,86.16666666666667,24.8,36.0,75.0,2
2026-07-11,2026-07-14,37.0,47.8,0.01,83.21666666666667,24.8,34.6,75.0,3
2026-07-11,2026-07-15,35.7,49.9,0.05,87.25,24.5,36.9,75.0,4
2026-07-11,2026-07-16,29.1,44.3,0.02,91.8,23.8,34.6,62.5,5
2026-07-11,2026-07-17,37.8,50.4,0.01,80.35000000000001,24.2,32.5,62.5,6
2026-07-11,2026-07-18,31.1,48.7,0.01,84.51666666666667,24.4,33.5,62.5,7
2026-07-12,2026-07-12,27.2,50.7,0.01,77.36666666666666,25.0,31.9,87.5,0
2026-07-12,2026-07-13,32.1,51.8,0.04,68.8,25.3,34.3,75.0,1
2026-07-12,2026-07-14,24.2,43.6,0.0,80.35000000000001,24.4,38.0,50.0,2
2026-07-12,2026-07-15,19.2,44.1,0.01,75.48333333333333,24.4,35.7,75.0,3
2026-07-12,2026-07-16,31.4,47.8,0.0,80.5,24.8,37.7,50.0,4
2026-07-12,2026-07-17,25.2,44.4,0.01,73.60000000000001,25.0,36.2,87.5,5
2026-07-12,2026-07-18,30.7,49.4,0.0,75.73333333333333,24.8,35.1,75.0,6
2026-07-12,2026-07-19,28.3,48.3,0.03,84.05,24.0,37.5,75.0,7
2026-07-13,2026-07-13,22.5,41.4,0.01,81.95,25.3,33.6,40.0,0
2026-07-13,2026-07-14,26.1,31.5,0.05,79.33333333333333,25.1,35.7,75.0,1
2026-07-13,2026-07-15,22.6,32.3,0.01,90.89999999999999,25.6,34.5,87.5,2
2026-07-13,2026-07-16,18.4,43.7,0.01,76.03333333333333,25.1,32.0,62.5,3
2026-07-13,2026-07-17,17.2,34.0,0.02,87.10000000000001,25.0,31.3,62.5,4
2026-07-13,2026-07-18,24.9,35.6,0.01,85.78333333333335,25.4,34.9,87.5,5
2026-07-13,2026-07-19,22.0,32.5,0.0,83.6,25.5,33.5,75.0,6
2026-07-13,2026-07-20,21.7,28.6,0.01,84.95,24.5,35.0,75.0,7
2026-07-14,2026-07-14,17.7,24.8,0.01,79.85000000000001,25.6,33.1,80.0,0
2026-07-14,2026-07-15,19.3,25.1,0.0,76.01666666666667,25.0,32.9,87.5,1
2026-07-14,2026-07-16,19.7,26.4,0.0,84.2,25.0,32.2,50.0,2
2026-07-14,2026-07-17,19.0,25.2,0.02,82.23333333333333,24.8,32.5,75.0,3
2026-07-14,2026-07-18,19.6,26.2,0.0,76.66666666666667,25.2,32.1,75.0,4
2026-07-14,2026-07-19,19.5,24.2,0.0,77.10000000000001,25.0,32.3,62.5,5
2026-07-14,2026-07-20,19.8,26.2,0.01,80.95,24.8,33.7,87.5,6
2026-07-14,2026-07-21,17.6,27.0,0.02,82.61666666666666,24.9,33.1,62.5,7
2026-07-15,2026-07-15,16.5,25.7,0.01,81.98333333333333,25.0,33.3,75.0,0
2026-07-15,2026-07-16,19.0,25.1,0.0,75.45,25.3,33.1,75.0,1
2026-07-15,2026-07-17,19.0,26.7,0.0,76.41666666666667,24.8,31.6,75.0,2
2026-07-15,2026-07-18,18.9,24.2,0.0,78.41666666666667,25.2,31.9,75.0,3
2026-07-15,2026-07-19,19.1,24.1,0.0,76.96666666666667,25.2,34.1,87.5,4
2026-07-15,2026-07-20,19.0,29.1,0.01,73.88333333333334,24.8,32.4,75.0,5
2026-07-15,2026-07-21,19.1,25.7,0.02,80.81666666666666,25.6,32.7,62.5,6
2026-07-15,2026-07-22,20.0,29.8,0.01,72.73333333333333,25.2,31.4,62.5,7
2026-07-16,2026-07-16,18.8,25.3,0.01,60.81666666666666,25.3,34.7,80.0,0
2026-07-16,2026-07-17,18.3,27.7,0.02,62.1,25.5,35.8,87.5,1
2026-07-16,2026-07-18,19.9,28.5,0.0,68.96666666666667,25.4,33.4,50.0,2
2026-07-16,2026-07-19,17.9,28.1,0.01,72.5,25.3,33.2,75.0,3
2026-07-16,2026-07-20,20.4,26.6,0.01,69.38333333333334,25.2,36.0,87.5,4
2026-07-16,2026-07-21,18.4,22.3,0.0,61.71666666666667,25.2,36.4,87.5,5
2026-07-16,2026-07-22,17.2,29.5,0.0,67.03333333333333,25.0,33.9,50.0,6
2026-07-16,2026-07-23,18.9,24.4,0.01,62.916666666666664,25.1,34.9,75.0,7
2026-07-17,2026-07-17,17.4,25.5,0.01,50.46666666666667,25.4,36.1,60.0,0
2026-07-17,2026-07-18,21.6,27.1,0.01,50.6,24.9,32.4,87.5,1
2026-07-17,2026-07-19,16.5,26.6,0.0,47.050000000000004,25.4,33.6,75.0,2
2026-07-17,2026-07-20,17.9,23.7,0.01,43.26666666666667,25.4,33.2,87.5,3
2026-07-17,2026-07-21,19.3,26.7,0.0,61.06666666666666,25.1,33.5,50.0,4
2026-07-17,2026-07-22,17.4,25.0,0.01,55.86666666666667,25.0,35.5,75.0,5
2026-07-17,2026-07-23,18.3,26.2,0.01,46.93333333333334,25.0,34.3,62.5,6
2026-07-17,2026-07-24,17.6,28.3,0.01,43.75,25.1,36.1,75.0,7
2026-07-18,2026-07-18,17.5,22.5,0.0,52.1,24.5,35.2,75.0,0
2026-07-18,2026-07-19,16.6,23.7,0.0,44.11666666666667,25.0,36.0,87.5,1
2026-07-18,2026-07-20,20.0,25.8,0.01,49.666666666666664,25.3,33.3,87.5,2
2026-07-18,2026-07-21,19.2,27.4,0.0,58.833333333333336,24.1,31.7,62.5,3
2026-07-18,2026-07-22,18.7,27.1,0.02,53.63333333333333,24.8,36.1,62.5,4
2026-07-18,2026-07-23,19.9,24.1,0.0,49.883333333333326,24.1,36.0,75.0,5
2026-07-18,2026-07-24,16.0,26.5,0.0,45.28333333333333,24.7,35.9,75.0,6
2026-07-18,2026-07-25,18.8,27.3,0.0,65.81666666666666,24.4,35.0,62.5,7
2026-07-19,2026-07-19,15.9,25.6,0.02,44.28333333333333,24.5,34.0,80.0,0
2026-07-19,2026-07-20,15.7,25.6,0.0,37.916666666666664,24.4,34.9,75.0,1
2026-07-19,2026-07-21,17.6,25.7,0.01,44.76666666666667,24.7,35.7,62.5,2
2026-07-19,2026-07-22,19.2,23.8,0.0,46.86666666666667,24.9,35.9,75.0,3
2026-07-19,2026-07-23,18.0,22.7,0.0,30.75,24.2,30.7,75.0,4
2026-07-19,2026-07-24,18.6,29.1,0.0,46.01666666666667,24.2,36.1,62.5,5
2026-07-19,2026-07-25,18.0,21.6,0.01,54.28333333333333,25.0,34.8,62.5,6
2026-07-19,2026-07-26,19.7,20.8,0.01,37.4,24.4,36.4,75.0,7
2026-07-20,2026-07-20,28.6,41.1,0.03,66.61666666666666,25.0,34.3,87.5,0
2026-07-20,2026-07-21,22.6,37.5,0.03,58.78333333333333,24.9,34.2,87.5,1
2026-07-20,2026-07-22,18.1,36.7,0.01,63.36666666666667,24.7,36.4,75.0,2
2026-07-20,2026-07-23,26.6,47.7,0.03,65.61666666666666,24.6,34.5,75.0,3
2026-07-20,2026-07-24,32.5,54.7,0.01,54.23333333333333,24.7,37.7,75.0,4
2026-07-20,2026-07-25,29.1,36.6,0.04,78.51666666666667,25.0,37.8,87.5,5
2026-07-20,2026-07-26,34.3,50.7,0.01,78.63333333333334,24.6,35.4,62.5,6
2026-07-20,2026-07-27,29.0,42.5,0.03,61.5,24.9,36.9,62.5,7
2026-07-21,2026-07-21,23.9,32.4,0.01,61.48333333333333,24.5,31.4,75.0,0
2026-07-21,2026-07-22,18.0,30.1,0.04,60.35,24.1,34.8,75.0,1
2026-07-21,2026-07-23,22.5,30.5,0.0,57.416666666666664,24.4,31.9,62.5,2
2026-07-21,2026-07-24,29.4,29.8,0.05,65.11666666666666,24.5,34.5,87.5,3
2026-07-21,2026-07-25,17.9,42.1,0.02,66.95,24.2,36.5,87.5,4
2026-07-21,2026-07-26,21.2,29.0,0.04,59.9,24.4,36.2,75.0,5
2026-07-21,2026-07-27,22.6,34.6,0.01,56.5,24.6,35.7,75.0,6
2026-07-21,2026-07-28,16.7,32.1,0.01,54.11666666666667,24.6,33.8,75.0,7
2026-07-22,2026-07-22,20.1,36.9,0.0,74.95,22.7,33.2,60.0,0
2026-07-22,2026-07-23,22.2,39.2,0.0,66.43333333333334,24.2,36.0,75.0,1
2026-07-22,2026-07-24,23.9,27.9,0.01,58.1,22.8,32.2,62.5,2
2026-07-22,2026-07-25,19.8,34.1,0.02,61.050000000000004,24.7,34.7,75.0,3
2026-07-22,2026-07-26,17.7,36.6,0.04,57.96666666666666,23.3,32.9,37.5,4
2026-07-22,2026-07-27,24.1,29.0,0.01,63.4,22.9,32.1,75.0,5
2026-07-22,2026-07-28,20.3,37.0,0.01,58.26666666666667,22.6,35.5,75.0,6
2026-07-22,2026-07-29,19.6,31.8,0.02,64.7,24.0,30.7,87.5,7
2026-07-23,2026-07-23,23.9,30.3,0.01,70.63333333333334,24.6,31.0,85.7,0
2026-07-23,2026-07-24,17.1,44.2,0.01,68.08333333333333,24.0,35.6,62.5,1
2026-07-23,2026-07-25,17.5,30.6,0.05,61.76666666666667,22.9,35.3,62.5,2
2026-07-23,2026-07-26,23.8,29.7,0.05,65.98333333333333,22.5,33.2,50.0,3
2026-07-23,2026-07-27,21.3,35.1,0.02,65.83333333333333,23.4,35.2,62.5,4
2026-07-23,2026-07-28,24.0,30.4,0.01,56.333333333333336,22.0,34.6,62.5,5
2026-07-23,2026-07-29,19.0,36.3,0.02,66.60000000000001,23.7,34.0,87.5,6
2026-07-23,2026-07-30,18.6,41.8,0.05,65.76666666666667,22.6,35.2,75.0,7
2026-07-24,2026-07-24,31.3,29.6,0.02,83.5,22.4,35.5,75.0,0
2026-07-24,2026-07-25,19.3,46.8,0.04,86.43333333333334,22.6,36.2,62.5,1
2026-07-24,2026-07-26,16.7,49.3,0.07,69.16666666666667,23.0,32.0,75.0,2
2026-07-24,2026-07-27,23.8,38.6,0.02,76.43333333333334,22.3,35.2,50.0,3
2026-07-24,2026-07-28,22.7,30.2,0.1,70.55,22.9,30.3,62.5,4
2026-07-24,2026-07-29,18.0,41.7,0.05,83.28333333333333,22.3,30.6,25.0,5
2026-07-24,2026-07-30,30.5,29.7,0.08,84.01666666666667,22.3,29.9,50.0,6
2026-07-24,2026-07-31,15.6,26.7,0.02,76.33333333333333,22.4,33.6,75.0,7
2026-07-25,2026-07-25,24.8,29.3,0.0,77.03333333333333,23.2,32.2,75.0,0
2026-07-25,2026-07-26,18.1,30.6,0.03,72.93333333333334,24.0,30.1,87.5,1
2026-07-25,2026-07-27,16.4,38.3,0.09,83.96666666666667,23.7,33.5,87.5,2
2026-07-25,2026-07-28,23.5,30.4,0.02,81.03333333333333,23.4,29.8,62.5,3
2026-07-25,2026-07-29,14.7,35.3,0.11,88.5,23.5,31.3,87.5,4
2026-07-25,2026-07-30,17.7,28.3,0.03,94.46666666666665,23.5,30.3,62.5,5
2026-07-25,2026-07-31,20.4,38.7,0.06,92.2,23.4,30.9,87.5,6
2026-07-25,2026-08-01,16.4,23.8,0.08,80.2,23.8,30.1,87.5,7
